formatted_date,adjclose,open,high,low
2015-06-22,436.2900085449219,437.0,439.239990234375,434.17999267578125
2015-06-23,445.989990234375,435.5899963378906,447.0400085449219,433.69000244140625
2015-06-24,440.8399963378906,444.9700012207031,446.4700012207031,440.2300109863281
2015-06-25,440.1000061035156,438.07000732421875,443.4700012207031,436.3900146484375
2015-06-26,438.1000061035156,441.760009765625,443.489990234375,435.05999755859375
2015-06-29,429.8599853515625,434.9800109863281,437.0,429.0
2015-06-30,434.0899963378906,434.20001220703125,435.57000732421875,430.4599914550781
2015-07-01,437.3900146484375,439.3500061035156,440.0,435.5799865722656
2015-07-02,437.7099914550781,437.0,438.20001220703125,433.4800109863281
2015-07-06,436.0400085449219,435.2300109863281,439.7300109863281,433.5199890136719
2015-07-07,436.7200012207031,435.67999267578125,437.7300109863281,425.57000732421875
2015-07-08,429.70001220703125,434.3500061035156,435.989990234375,428.8299865722656
2015-07-09,434.3900146484375,434.8999938964844,438.7200012207031,434.1499938964844
2015-07-10,443.510009765625,440.489990234375,444.7200012207031,439.0
2015-07-13,455.57000732421875,448.2900085449219,457.8699951171875,447.5400085449219
2015-07-14,465.57000732421875,462.32000732421875,469.6000061035156,458.1600036621094
2015-07-15,461.19000244140625,463.0400085449219,464.70001220703125,460.20001220703125
2015-07-16,475.4800109863281,465.5,475.8800048828125,464.79998779296875
2015-07-17,483.010009765625,477.70001220703125,485.4200134277344,477.25
2015-07-20,488.1000061035156,492.57000732421875,493.20001220703125,485.3999938964844
2015-07-21,488.0,487.8999938964844,488.8800048828125,482.54998779296875
2015-07-22,488.2699890136719,485.989990234375,492.5,484.8999938964844
2015-07-23,482.17999267578125,491.6600036621094,491.6600036621094,475.70001220703125
2015-07-24,529.4199829101562,578.989990234375,580.5700073242188,529.3499755859375
2015-07-27,531.4099731445312,527.75,544.9500122070312,526.5999755859375
2015-07-28,526.030029296875,536.0,536.3900146484375,523.1199951171875
2015-07-29,529.0,530.9199829101562,532.969970703125,525.02001953125
2015-07-30,536.760009765625,527.6500244140625,539.2000122070312,524.2899780273438
2015-07-31,536.1500244140625,539.0900268554688,542.8400268554688,534.52001953125
2015-08-03,535.030029296875,537.4500122070312,540.4400024414062,529.3599853515625
2015-08-04,531.9000244140625,529.6900024414062,536.9500122070312,529.1599731445312
2015-08-05,537.010009765625,538.7999877929688,539.1400146484375,534.1199951171875
2015-08-06,529.4600219726562,539.2999877929688,542.739990234375,527.52001953125
2015-08-07,522.6199951171875,529.1599731445312,529.4600219726562,518.2100219726562
2015-08-10,524.0,528.52001953125,532.280029296875,523.0
2015-08-11,527.4600219726562,523.6500244140625,528.97998046875,522.0
2015-08-12,525.9099731445312,523.75,527.5,513.0599975585938
2015-08-13,529.6599731445312,527.3699951171875,534.6599731445312,525.489990234375
2015-08-14,531.52001953125,528.25,534.1099853515625,528.25
2015-08-17,535.219970703125,531.2899780273438,538.739990234375,527.1199951171875
2015-08-18,535.02001953125,535.0399780273438,539.489990234375,533.0
2015-08-19,532.9199829101562,533.739990234375,537.25,529.0
2015-08-20,515.780029296875,530.3900146484375,533.25,515.77001953125
2015-08-21,494.4700012207031,507.3599853515625,512.3300170898438,494.4700012207031
2015-08-24,463.3699951171875,463.5799865722656,476.5799865722656,451.0
2015-08-25,466.3699951171875,487.489990234375,489.44000244140625,466.25
2015-08-26,500.7699890136719,484.0199890136719,503.7200012207031,478.760009765625
2015-08-27,518.3699951171875,513.7100219726562,522.6900024414062,507.260009765625
2015-08-28,518.010009765625,517.5,521.5,513.0399780273438
2015-08-31,512.8900146484375,516.4400024414062,519.4099731445312,509.07000732421875
2015-09-01,496.5400085449219,499.1400146484375,510.0,493.42999267578125
2015-09-02,510.54998779296875,505.0899963378906,510.8599853515625,497.7200012207031
2015-09-03,504.7200012207031,514.5,515.8400268554688,502.57000732421875
2015-09-04,499.0,497.6499938964844,502.8500061035156,495.6400146484375
2015-09-08,517.5399780273438,508.69000244140625,518.3499755859375,508.510009765625
2015-09-09,516.8900146484375,524.0,529.9500122070312,515.0599975585938
2015-09-10,522.239990234375,515.1500244140625,526.1300048828125,514.780029296875
2015-09-11,529.4400024414062,521.0700073242188,529.4400024414062,520.6099853515625
2015-09-14,521.3800048828125,529.4400024414062,532.4500122070312,518.5800170898438
2015-09-15,522.3699951171875,523.25,527.9199829101562,517.2000122070312
2015-09-16,527.3900146484375,521.97998046875,528.2999877929688,518.52001953125
2015-09-17,538.8699951171875,526.97998046875,546.969970703125,526.5700073242188
2015-09-18,540.260009765625,534.6199951171875,546.239990234375,531.3499755859375
2015-09-21,548.3900146484375,544.3300170898438,549.780029296875,539.5900268554688
2015-09-22,538.4000244140625,539.7100219726562,543.5499877929688,532.6599731445312
2015-09-23,536.0700073242188,538.2999877929688,541.2100219726562,534.0
2015-09-24,533.75,530.5499877929688,534.5599975585938,522.8699951171875
2015-09-25,524.25,542.5700073242188,542.7999877929688,521.4000244140625
2015-09-28,504.05999755859375,520.02001953125,520.280029296875,494.3299865722656
2015-09-29,496.07000732421875,506.0,511.4800109863281,490.5
2015-09-30,511.8900146484375,505.44000244140625,512.7999877929688,501.6700134277344
2015-10-01,520.719970703125,511.0,520.7999877929688,506.0
2015-10-02,532.5399780273438,512.989990234375,532.5999755859375,508.1000061035156
2015-10-05,543.6799926757812,536.989990234375,545.9099731445312,536.0
2015-10-06,537.47998046875,545.5,551.5,533.3300170898438
2015-10-07,541.9400024414062,541.7899780273438,542.0,529.0
2015-10-08,533.1599731445312,536.7100219726562,539.3900146484375,519.8900146484375
2015-10-09,539.7999877929688,534.47998046875,541.7899780273438,530.27001953125
2015-10-12,550.1900024414062,539.9600219726562,550.8200073242188,539.7999877929688
2015-10-13,548.9000244140625,546.260009765625,553.2000122070312,543.0999755859375
2015-10-14,544.8300170898438,551.3400268554688,552.25,539.6799926757812
2015-10-15,562.4400024414062,547.75,563.0,547.0
2015-10-16,570.760009765625,565.27001953125,570.9400024414062,560.3099975585938
2015-10-19,573.1500244140625,570.760009765625,579.0,567.3800048828125
2015-10-20,560.8800048828125,572.0,573.0,555.280029296875
2015-10-21,555.77001953125,563.8699951171875,565.25,552.52001953125
2015-10-22,563.9099731445312,562.7000122070312,569.1500244140625,556.6699829101562
2015-10-23,599.030029296875,617.6799926757812,619.4500122070312,595.3599853515625
2015-10-26,608.6099853515625,602.2999877929688,609.8499755859375,596.2899780273438
2015-10-27,611.010009765625,608.5999755859375,614.7100219726562,605.530029296875
2015-10-28,617.0999755859375,612.2999877929688,617.22998046875,609.5
2015-10-29,626.5499877929688,617.7000122070312,627.5399780273438,615.3900146484375
2015-10-30,625.9000244140625,626.010009765625,630.719970703125,625.280029296875
2015-11-02,628.3499755859375,627.1300048828125,628.6300048828125,620.4099731445312
2015-11-03,625.3099975585938,629.530029296875,629.8900146484375,622.0
2015-11-04,640.9500122070312,627.760009765625,645.9299926757812,627.3499755859375
2015-11-05,655.6500244140625,647.0999755859375,657.0,643.0900268554688
2015-11-06,659.3699951171875,655.0,662.260009765625,652.0
2015-11-09,655.489990234375,658.6500244140625,661.9600219726562,647.8499755859375
2015-11-10,659.6799926757812,651.010009765625,660.0,647.260009765625
2015-11-11,673.25,663.25,675.9600219726562,663.25
2015-11-12,665.5999755859375,673.0,675.6400146484375,664.219970703125
2015-11-13,642.3499755859375,663.5700073242188,667.0,640.4500122070312
2015-11-16,647.8099975585938,640.9199829101562,649.989990234375,622.2899780273438
2015-11-17,643.2999877929688,650.6500244140625,653.25,641.0
2015-11-18,663.5399780273438,646.510009765625,664.8800048828125,646.3699951171875
2015-11-19,661.27001953125,664.989990234375,672.8599853515625,659.0
2015-11-20,668.4500122070312,667.9400024414062,668.8699951171875,657.5700073242188
2015-11-23,678.989990234375,671.5,682.77001953125,670.1199951171875
2015-11-24,671.1500244140625,674.1400146484375,675.7999877929688,661.2100219726562
2015-11-25,675.3400268554688,675.0,679.7000122070312,671.239990234375
2015-11-27,673.260009765625,680.7999877929688,680.989990234375,672.0999755859375
2015-11-30,664.7999877929688,675.9000244140625,681.2899780273438,664.5999755859375
2015-12-01,679.0599975585938,673.75,681.0,667.8599853515625
2015-12-02,676.010009765625,681.0,684.8200073242188,674.25
2015-12-03,666.25,679.4400024414062,682.7899780273438,661.47998046875
2015-12-04,672.6400146484375,666.0,674.780029296875,661.4000244140625
2015-12-07,669.8300170898438,674.739990234375,675.4600219726562,660.5
2015-12-08,677.3300170898438,663.1300048828125,679.989990234375,659.7899780273438
2015-12-09,664.7899780273438,678.0,679.0,655.6799926757812
2015-12-10,662.3200073242188,665.5900268554688,668.530029296875,659.5599975585938
2015-12-11,640.1500244140625,651.22998046875,657.8800048828125,639.6199951171875
2015-12-14,657.9099731445312,641.75,658.5900268554688,635.27001953125
2015-12-15,658.6400146484375,665.030029296875,671.5,657.3499755859375
2015-12-16,675.77001953125,663.5599975585938,677.3499755859375,659.3200073242188
2015-12-17,670.6500244140625,680.0,682.5,670.6500244140625
2015-12-18,664.1400146484375,668.6500244140625,676.8400268554688,664.1300048828125
2015-12-21,664.510009765625,668.5,669.9000244140625,658.9299926757812
2015-12-22,663.1500244140625,666.8300170898438,668.489990234375,659.260009765625
2015-12-23,663.7000122070312,666.5,666.5999755859375,656.6300048828125
2015-12-24,662.7899780273438,663.3499755859375,664.6799926757812,660.5999755859375
2015-12-28,675.2000122070312,665.5599975585938,675.5,665.5
2015-12-29,693.969970703125,677.97998046875,696.4400024414062,677.8900146484375
2015-12-30,689.0700073242188,691.8900146484375,695.489990234375,686.3800048828125
2015-12-31,675.8900146484375,686.0800170898438,687.75,675.8900146484375
2016-01-04,636.989990234375,656.2899780273438,657.719970703125,627.510009765625
2016-01-05,633.7899780273438,646.8599853515625,646.9099731445312,627.6500244140625
2016-01-06,632.6500244140625,622.0,639.7899780273438,620.3099975585938
2016-01-07,607.9400024414062,621.7999877929688,630.0,605.2100219726562
2016-01-08,607.0499877929688,619.6599731445312,624.1400146484375,606.0
2016-01-11,617.739990234375,612.47998046875,619.8499755859375,598.5700073242188
2016-01-12,617.8900146484375,625.25,625.989990234375,612.239990234375
2016-01-13,581.8099975585938,620.8800048828125,620.8800048828125,579.1599731445312
2016-01-14,593.0,580.25,602.25,569.8800048828125
2016-01-15,570.1799926757812,572.239990234375,584.6199951171875,565.2999877929688
2016-01-19,574.47998046875,577.0900268554688,584.0,566.4500122070312
2016-01-20,571.77001953125,564.3599853515625,578.4500122070312,547.1799926757812
2016-01-21,575.02001953125,573.5800170898438,588.8099975585938,568.219970703125
2016-01-22,596.3800048828125,588.72998046875,600.0999755859375,584.1099853515625
2016-01-25,596.530029296875,597.989990234375,608.5,594.5599975585938
2016-01-26,601.25,603.4500122070312,604.5,590.3800048828125
2016-01-27,583.3499755859375,601.989990234375,603.3900146484375,578.780029296875
2016-01-28,635.3499755859375,608.3699951171875,638.0599975585938,597.5499877929688
2016-01-29,587.0,571.97998046875,593.0,570.0
2016-02-01,574.8099975585938,578.1500244140625,581.7999877929688,570.3099975585938
2016-02-02,552.0999755859375,570.0,571.5599975585938,550.0900268554688
2016-02-03,531.0700073242188,553.5,556.0,521.9000244140625
2016-02-04,536.260009765625,525.0,538.989990234375,519.219970703125
2016-02-05,502.1300048828125,529.280029296875,529.4500122070312,499.19000244140625
2016-02-08,488.1000061035156,486.4700012207031,493.5,475.2099914550781
2016-02-09,482.07000732421875,478.010009765625,498.3800048828125,474.0
2016-02-10,490.4800109863281,491.760009765625,504.6600036621094,486.0
2016-02-11,503.82000732421875,491.1700134277344,509.29998779296875,484.0
2016-02-12,507.0799865722656,510.70001220703125,516.75,501.489990234375
2016-02-16,521.0999755859375,519.47998046875,524.4500122070312,511.6600036621094
2016-02-17,534.0999755859375,528.739990234375,537.47998046875,519.3900146484375
2016-02-18,525.0,541.1900024414062,541.2000122070312,523.72998046875
2016-02-19,534.9000244140625,520.7100219726562,535.9500122070312,515.3499755859375
2016-02-22,559.5,542.2000122070312,560.6500244140625,541.0800170898438
2016-02-23,552.9400024414062,555.5499877929688,556.9099731445312,545.3300170898438
2016-02-24,554.0399780273438,545.75,554.27001953125,533.1500244140625
2016-02-25,555.1500244140625,555.52001953125,559.3900146484375,545.2899780273438
2016-02-26,555.22998046875,560.1199951171875,562.5,553.1699829101562
2016-02-29,552.52001953125,554.0,564.8099975585938,552.510009765625
2016-03-01,579.0399780273438,556.2899780273438,579.25,556.0
2016-03-02,580.2100219726562,581.75,585.0,573.7000122070312
2016-03-03,577.489990234375,577.9600219726562,579.8699951171875,573.1099853515625
2016-03-04,575.1400146484375,581.0700073242188,581.4000244140625,571.0700073242188
2016-03-07,562.7999877929688,573.5399780273438,573.6300048828125,555.5499877929688
2016-03-08,560.260009765625,557.8699951171875,571.3499755859375,554.739990234375
2016-03-09,559.469970703125,559.5599975585938,560.3499755859375,550.1300048828125
2016-03-10,558.9299926757812,566.739990234375,567.0,547.9000244140625
2016-03-11,569.6099853515625,566.9500122070312,570.0599975585938,562.72998046875
2016-03-14,573.3699951171875,567.0,576.8900146484375,563.0499877929688
2016-03-15,577.02001953125,571.0,581.52001953125,567.0
2016-03-16,574.27001953125,576.6400146484375,581.3200073242188,571.1400146484375
2016-03-17,559.4400024414062,569.510009765625,571.4000244140625,555.010009765625
2016-03-18,552.0800170898438,560.9400024414062,562.3300170898438,546.0900268554688
2016-03-21,553.97998046875,548.9099731445312,555.239990234375,538.5800170898438
2016-03-22,560.47998046875,545.1099853515625,562.760009765625,545.0499877929688
2016-03-23,569.6300048828125,561.0,572.47998046875,558.0999755859375
2016-03-24,582.9500122070312,567.1099853515625,583.5499877929688,567.0800170898438
2016-03-28,579.8699951171875,584.4000244140625,584.75,575.5599975585938
2016-03-29,593.8599853515625,580.1500244140625,595.8499755859375,576.5
2016-03-30,598.6900024414062,596.7100219726562,603.239990234375,595.0
2016-03-31,593.6400146484375,599.280029296875,600.75,592.2100219726562
2016-04-01,598.5,590.489990234375,599.030029296875,588.2999877929688
2016-04-04,593.1900024414062,599.0,599.5,590.5499877929688
2016-04-05,586.1400146484375,590.77001953125,593.469970703125,585.25
2016-04-06,602.0800170898438,587.52001953125,602.3900146484375,587.5
2016-04-07,591.4299926757812,598.760009765625,599.5999755859375,589.0800170898438
2016-04-08,594.5999755859375,594.3200073242188,597.8599853515625,589.0
2016-04-11,595.9299926757812,596.1400146484375,604.0,594.9099731445312
2016-04-12,603.1699829101562,598.4000244140625,604.0599975585938,592.3099975585938
2016-04-13,614.8200073242188,607.6799926757812,616.8099975585938,605.2899780273438
2016-04-14,620.75,615.0700073242188,624.3800048828125,615.0700073242188
2016-04-15,625.8900146484375,621.9199829101562,626.77001953125,618.1099853515625
2016-04-18,635.3499755859375,625.3499755859375,637.6400146484375,624.9600219726562
2016-04-19,627.9000244140625,637.1400146484375,638.010009765625,620.7999877929688
2016-04-20,632.989990234375,630.0,636.5499877929688,623.0
2016-04-21,631.0,631.0,637.8200073242188,628.5
2016-04-22,620.5,624.469970703125,628.25,611.5599975585938
2016-04-25,626.2000122070312,616.6099853515625,626.97998046875,616.25
2016-04-26,616.8800048828125,626.1699829101562,626.75,614.8800048828125
2016-04-27,606.5700073242188,611.7999877929688,615.9500122070312,601.280029296875
2016-04-28,602.0,615.5399780273438,626.7999877929688,599.2000122070312
2016-04-29,659.5900268554688,666.0,669.97998046875,654.0
2016-05-02,683.8499755859375,663.9199829101562,685.5,662.030029296875
2016-05-03,671.3200073242188,677.3599853515625,680.2999877929688,670.4299926757812
2016-05-04,670.9000244140625,662.5900268554688,674.0,662.1400146484375
2016-05-05,659.0900268554688,673.3099975585938,676.489990234375,656.0
2016-05-06,673.9500122070312,656.0499877929688,676.9500122070312,656.010009765625
2016-05-09,679.75,673.9500122070312,686.97998046875,671.4099731445312
2016-05-10,703.0700073242188,694.0,704.5499877929688,693.5
2016-05-11,713.22998046875,705.7899780273438,719.0,701.6500244140625
2016-05-12,717.9299926757812,717.3800048828125,722.4500122070312,711.510009765625
2016-05-13,709.9199829101562,714.6400146484375,719.25,706.510009765625
2016-05-16,710.6599731445312,710.1300048828125,713.25,700.280029296875
2016-05-17,695.27001953125,709.9000244140625,714.469970703125,693.9099731445312
2016-05-18,697.4500122070312,689.5599975585938,702.5399780273438,688.760009765625
2016-05-19,698.52001953125,691.8800048828125,699.4000244140625,689.5599975585938
2016-05-20,702.7999877929688,701.0499877929688,707.239990234375,700.0
2016-05-23,696.75,704.25,706.0,696.4199829101562
2016-05-24,704.2000122070312,698.010009765625,707.5,698.0
2016-05-25,708.3499755859375,708.0,710.8599853515625,705.52001953125
2016-05-26,714.9099731445312,708.3300170898438,715.0,707.2899780273438
2016-05-27,712.239990234375,715.0,716.5999755859375,711.0999755859375
2016-05-31,722.7899780273438,712.3300170898438,724.22998046875,711.3200073242188
2016-06-01,719.4400024414062,720.9000244140625,726.4299926757812,718.219970703125
2016-06-02,728.239990234375,720.969970703125,728.280029296875,715.5
2016-06-03,725.5399780273438,726.739990234375,727.0,718.4299926757812
2016-06-06,726.72998046875,726.5,731.5,724.4199829101562
2016-06-07,723.739990234375,729.8900146484375,730.0,720.5499877929688
2016-06-08,726.6400146484375,726.4000244140625,729.4199829101562,721.5999755859375
2016-06-09,727.6500244140625,723.0999755859375,728.9099731445312,722.2999877929688
2016-06-10,717.9099731445312,722.3499755859375,724.97998046875,714.2100219726562
2016-06-13,715.239990234375,714.010009765625,721.989990234375,711.1599731445312
2016-06-14,719.2999877929688,712.3300170898438,720.8099975585938,712.27001953125
2016-06-15,714.260009765625,722.0,722.5599975585938,713.3499755859375
2016-06-16,717.510009765625,712.0499877929688,718.0,705.2999877929688
2016-06-17,706.3900146484375,718.1900024414062,718.2000122070312,699.1799926757812
2016-06-20,714.010009765625,713.5,721.3099975585938,710.8099975585938
2016-06-21,715.8200073242188,715.719970703125,718.4000244140625,712.719970703125
2016-06-22,710.5999755859375,716.5800170898438,717.0,707.5700073242188
2016-06-23,722.0800170898438,715.5,722.1199951171875,712.5
2016-06-24,698.9600219726562,693.0,712.530029296875,692.2000122070312
2016-06-27,691.3599853515625,692.010009765625,696.8200073242188,682.1199951171875
2016-06-28,707.9500122070312,700.0,708.0,698.1699829101562
2016-06-29,715.5999755859375,715.75,719.5,713.5399780273438
2016-06-30,715.6199951171875,717.2000122070312,719.3699951171875,712.5399780273438
2016-07-01,725.6799926757812,717.3200073242188,728.0,716.5399780273438
2016-07-05,728.0999755859375,722.7999877929688,729.5599975585938,719.6099853515625
2016-07-06,737.6099853515625,725.7100219726562,737.77001953125,722.5800170898438
2016-07-07,736.5700073242188,739.3300170898438,739.5499877929688,731.6300048828125
2016-07-08,745.8099975585938,740.1400146484375,746.0999755859375,738.0
2016-07-11,753.780029296875,750.0,755.9000244140625,747.0
2016-07-12,748.2100219726562,756.8599853515625,757.3400268554688,740.3300170898438
2016-07-13,742.6300048828125,746.760009765625,756.8699951171875,741.25
2016-07-14,741.2000122070312,748.8599853515625,749.0399780273438,739.02001953125
2016-07-15,735.4400024414062,746.5499877929688,746.5499877929688,734.0499877929688
2016-07-18,736.0700073242188,735.489990234375,741.5999755859375,728.719970703125
2016-07-19,739.9500122070312,732.5,743.3300170898438,732.3099975585938
2016-07-20,745.719970703125,744.0,746.25,740.7000122070312
2016-07-21,744.4299926757812,747.5,749.3599853515625,742.7899780273438
2016-07-22,744.8599853515625,747.7899780273438,751.280029296875,743.530029296875
2016-07-25,739.6099853515625,746.5499877929688,748.5,735.3499755859375
2016-07-26,735.5900268554688,742.7100219726562,743.1300048828125,732.75
2016-07-27,736.6699829101562,737.969970703125,740.9400024414062,733.8599853515625
2016-07-28,752.6099853515625,745.97998046875,753.3599853515625,739.7000122070312
2016-07-29,758.8099975585938,765.0,766.0,755.0
2016-08-01,767.739990234375,759.8699951171875,770.5,757.0599975585938
2016-08-02,760.5800170898438,763.8099975585938,765.010009765625,757.02001953125
2016-08-03,754.6400146484375,757.0599975585938,758.8900146484375,752.25
2016-08-04,760.77001953125,753.7000122070312,765.0,750.3499755859375
2016-08-05,765.97998046875,764.8099975585938,768.469970703125,763.0900268554688
2016-08-08,766.5599975585938,766.8099975585938,767.0,761.02001953125
2016-08-09,768.3099975585938,767.3900146484375,772.5999755859375,766.9000244140625
2016-08-10,768.5599975585938,769.7999877929688,772.0999755859375,766.1900024414062
2016-08-11,771.239990234375,769.9400024414062,773.75,769.1199951171875
2016-08-12,772.5599975585938,768.4600219726562,773.1500244140625,768.4199829101562
2016-08-15,768.489990234375,771.9000244140625,772.0399780273438,767.7100219726562
2016-08-16,764.0399780273438,768.6199951171875,768.72998046875,763.8200073242188
2016-08-17,764.6300048828125,764.4099731445312,765.219970703125,759.2000122070312
2016-08-18,764.4600219726562,764.0,765.1699829101562,760.5999755859375
2016-08-19,757.3099975585938,761.9000244140625,762.489990234375,756.8900146484375
2016-08-22,759.47998046875,757.5,759.8499755859375,752.0999755859375
2016-08-23,762.4500122070312,763.3099975585938,764.7000122070312,761.0
2016-08-24,757.25,763.0,763.4099731445312,755.3599853515625
2016-08-25,759.219970703125,756.0,760.5599975585938,754.739990234375
2016-08-26,769.0,760.0499877929688,770.0,759.7999877929688
2016-08-29,771.2899780273438,768.719970703125,774.97998046875,768.5999755859375
2016-08-30,767.5800170898438,771.0499877929688,771.8400268554688,765.5599975585938
2016-08-31,769.1599731445312,766.5999755859375,769.6400146484375,764.0
2016-09-01,770.6199951171875,770.9000244140625,772.0399780273438,766.75
2016-09-02,772.4400024414062,774.1099853515625,776.0,771.7000122070312
2016-09-06,788.8699951171875,774.0399780273438,789.47998046875,770.219970703125
2016-09-07,784.47998046875,789.530029296875,790.7899780273438,784.3300170898438
2016-09-08,784.0599975585938,783.8900146484375,786.5,781.4400024414062
2016-09-09,760.1400146484375,779.3599853515625,781.0,760.1099853515625
2016-09-12,771.489990234375,757.3499755859375,772.6599731445312,756.0
2016-09-13,761.010009765625,768.77001953125,769.8900146484375,759.0499877929688
2016-09-14,761.0900268554688,762.2000122070312,767.5,758.8499755859375
2016-09-15,769.6900024414062,762.0,770.8699951171875,757.5800170898438
2016-09-16,778.52001953125,773.280029296875,780.4600219726562,771.6599731445312
2016-09-19,775.0999755859375,779.969970703125,781.9400024414062,771.0
2016-09-20,780.219970703125,776.0,781.3699951171875,776.0
2016-09-21,789.739990234375,783.25,790.6900024414062,779.010009765625
2016-09-22,804.7000122070312,794.27001953125,805.8900146484375,794.27001953125
2016-09-23,805.75,803.1300048828125,807.75,802.1199951171875
2016-09-26,799.1599731445312,801.7999877929688,805.9299926757812,797.1500244140625
2016-09-27,816.1099853515625,801.8499755859375,816.6400146484375,801.1099853515625
2016-09-28,828.719970703125,818.0,830.1400146484375,817.030029296875
2016-09-29,829.0499877929688,828.260009765625,837.5,824.6300048828125
2016-09-30,837.3099975585938,832.6099853515625,839.9500122070312,832.4000244140625
2016-10-03,836.739990234375,836.0,839.8599853515625,831.25
2016-10-04,834.030029296875,840.9099731445312,842.3699951171875,830.260009765625
2016-10-05,844.3599853515625,838.0,845.6699829101562,836.1199951171875
2016-10-06,841.6599731445312,843.7000122070312,847.2100219726562,840.5999755859375
2016-10-07,839.4299926757812,845.7899780273438,845.9500122070312,837.4500122070312
2016-10-10,841.7100219726562,843.25,845.2000122070312,840.27001953125
2016-10-11,831.0,841.02001953125,841.2899780273438,828.3499755859375
2016-10-12,834.0900268554688,834.0,837.6699829101562,830.0999755859375
2016-10-13,829.280029296875,829.0,831.7999877929688,821.2100219726562
2016-10-14,822.9600219726562,835.0800170898438,835.739990234375,822.9600219726562
2016-10-17,812.9500122070312,821.5,822.0,811.6799926757812
2016-10-18,817.6500244140625,822.1099853515625,823.260009765625,815.02001953125
2016-10-19,817.6900024414062,820.4000244140625,820.6699829101562,815.1699829101562
2016-10-20,810.3200073242188,813.989990234375,815.7100219726562,803.0999755859375
2016-10-21,818.989990234375,809.3599853515625,819.4199829101562,809.0
2016-10-24,838.0900268554688,824.9500122070312,838.2999877929688,822.2100219726562
2016-10-25,835.1799926757812,839.2999877929688,843.0900268554688,833.219970703125
2016-10-26,822.5900268554688,832.760009765625,833.4400024414062,820.0
2016-10-27,818.3599853515625,831.239990234375,831.719970703125,815.4299926757812
2016-10-28,776.3200073242188,782.0,789.489990234375,774.6099853515625
2016-10-31,789.8200073242188,781.030029296875,793.7000122070312,780.1099853515625
2016-11-01,785.4099731445312,799.0,800.8400268554688,776.7100219726562
2016-11-02,765.5599975585938,783.9299926757812,784.75,763.5499877929688
2016-11-03,767.030029296875,765.0499877929688,777.0,764.0
2016-11-04,755.0499877929688,762.7899780273438,766.0,753.22998046875
2016-11-07,784.9299926757812,771.6400146484375,787.72998046875,770.9400024414062
2016-11-08,787.75,784.969970703125,791.739990234375,779.0999755859375
2016-11-09,771.8800048828125,764.0,777.5,760.0900268554688
2016-11-10,742.3800048828125,778.8099975585938,778.8300170898438,717.7000122070312
2016-11-11,739.010009765625,735.72998046875,743.260009765625,728.9000244140625
2016-11-14,719.0700073242188,745.510009765625,746.0,710.0999755859375
2016-11-15,743.239990234375,730.0,746.780029296875,725.989990234375
2016-11-16,746.489990234375,739.8800048828125,749.8699951171875,735.6099853515625
2016-11-17,756.4000244140625,749.3200073242188,757.5,748.0
2016-11-18,760.1599731445312,761.0,767.739990234375,757.6400146484375
2016-11-21,780.0,766.0,780.3499755859375,765.1099853515625
2016-11-22,785.3300170898438,788.1699829101562,792.4000244140625,781.0
2016-11-23,780.1199951171875,781.72998046875,781.75,773.1199951171875
2016-11-25,780.3699951171875,786.5,786.75,777.9000244140625
2016-11-28,766.77001953125,776.989990234375,777.0,764.239990234375
2016-11-29,762.52001953125,768.0,769.8900146484375,761.3200073242188
2016-11-30,750.5700073242188,762.0,768.0900268554688,750.25
2016-12-01,743.6500244140625,752.4099731445312,753.3699951171875,738.030029296875
2016-12-02,740.3400268554688,743.4000244140625,748.489990234375,736.7000122070312
2016-12-05,759.3599853515625,745.0,761.489990234375,742.0
2016-12-06,764.719970703125,763.989990234375,768.239990234375,757.25
2016-12-07,770.4199829101562,764.5499877929688,770.4199829101562,755.8200073242188
2016-12-08,767.3300170898438,771.8699951171875,773.7899780273438,765.1900024414062
2016-12-09,768.6599731445312,770.0,770.25,765.3400268554688
2016-12-12,760.1199951171875,766.4000244140625,766.8900146484375,757.2000122070312
2016-12-13,774.3400268554688,764.9600219726562,782.4600219726562,762.0
2016-12-14,768.8200073242188,778.25,780.8599853515625,762.8099975585938
2016-12-15,761.0,766.280029296875,769.0999755859375,760.3099975585938
2016-12-16,757.77001953125,765.0,765.1300048828125,754.0
2016-12-19,766.0,758.8900146484375,770.5,756.1599731445312
2016-12-20,771.219970703125,768.6500244140625,774.3900146484375,767.7100219726562
2016-12-21,770.5999755859375,770.0,771.219970703125,765.7000122070312
2016-12-22,766.3400268554688,768.1199951171875,771.2100219726562,763.02001953125
2016-12-23,760.5900268554688,764.5499877929688,766.5,757.989990234375
2016-12-27,771.4000244140625,763.4000244140625,774.6500244140625,761.2000122070312
2016-12-28,772.1300048828125,776.25,780.0,770.5
2016-12-29,765.1500244140625,772.4000244140625,773.4000244140625,760.8499755859375
2016-12-30,749.8699951171875,766.469970703125,767.4000244140625,748.280029296875
2017-01-03,753.6699829101562,757.9199829101562,758.760009765625,747.7000122070312
2017-01-04,757.1799926757812,758.3900146484375,759.6799926757812,754.2000122070312
2017-01-05,780.4500122070312,761.5499877929688,782.4000244140625,760.260009765625
2017-01-06,795.989990234375,782.3599853515625,799.4400024414062,778.47998046875
2017-01-09,796.9199829101562,798.0,801.77001953125,791.77001953125
2017-01-10,795.9000244140625,796.5999755859375,798.0,789.5399780273438
2017-01-11,799.02001953125,793.6599731445312,799.5,789.510009765625
2017-01-12,813.6400146484375,800.3099975585938,814.1300048828125,799.5
2017-01-13,817.1400146484375,814.3200073242188,821.6500244140625,811.4000244140625
2017-01-17,809.719970703125,815.7000122070312,816.0,803.4400024414062
2017-01-18,807.47998046875,809.5,811.72998046875,804.27001953125
2017-01-19,809.0399780273438,810.0,813.510009765625,807.3200073242188
2017-01-20,808.3300170898438,815.280029296875,816.02001953125,806.260009765625
2017-01-23,817.8800048828125,806.7999877929688,818.5,805.0800170898438
2017-01-24,822.4400024414062,822.0,823.989990234375,814.5
2017-01-25,836.52001953125,825.7899780273438,837.4199829101562,825.2899780273438
2017-01-26,839.1500244140625,835.530029296875,843.8400268554688,833.0
2017-01-27,835.77001953125,839.0,839.7000122070312,829.4400024414062
2017-01-30,830.3800048828125,833.0,833.5,816.3800048828125
2017-01-31,823.47998046875,823.75,826.989990234375,819.5599975585938
2017-02-01,832.3499755859375,829.2100219726562,833.780029296875,824.9400024414062
2017-02-02,839.9500122070312,836.5900268554688,842.489990234375,828.260009765625
2017-02-03,810.2000122070312,806.719970703125,818.2999877929688,804.0
2017-02-06,807.6400146484375,809.7999877929688,810.719970703125,803.0
2017-02-07,812.5,809.3099975585938,816.1599731445312,807.5
2017-02-08,819.7100219726562,812.6900024414062,821.47998046875,812.5
2017-02-09,821.3599853515625,821.5999755859375,825.0,819.7100219726562
2017-02-10,827.4600219726562,823.8200073242188,828.0,822.8499755859375
2017-02-13,836.530029296875,831.6199951171875,843.0,828.5499877929688
2017-02-14,836.3900146484375,837.0,838.3099975585938,831.4500122070312
2017-02-15,842.7000122070312,834.0,842.8099975585938,832.8200073242188
2017-02-16,844.1400146484375,841.8400268554688,845.0,839.3800048828125
2017-02-17,845.0700073242188,842.0,847.27001953125,840.72998046875
2017-02-21,856.4400024414062,848.8400268554688,857.97998046875,847.25
2017-02-22,855.6099853515625,856.9500122070312,858.4299926757812,852.1799926757812
2017-02-23,852.1900024414062,857.5700073242188,860.8599853515625,848.0
2017-02-24,845.239990234375,844.6900024414062,845.8099975585938,837.75
2017-02-27,848.6400146484375,842.3800048828125,852.5,839.6699829101562
2017-02-28,845.0399780273438,851.4500122070312,854.0900268554688,842.0499877929688
2017-03-01,853.0800170898438,853.0499877929688,854.8300170898438,849.010009765625
2017-03-02,848.9099731445312,853.0800170898438,854.8200073242188,847.280029296875
2017-03-03,849.8800048828125,847.2000122070312,851.989990234375,846.27001953125
2017-03-06,846.6099853515625,845.22998046875,848.489990234375,841.1199951171875
2017-03-07,846.02001953125,845.47998046875,848.4600219726562,843.75
2017-03-08,850.5,848.0,853.0700073242188,846.7899780273438
2017-03-09,853.0,851.0,856.4000244140625,850.3099975585938
2017-03-10,852.4600219726562,857.0,857.3499755859375,851.719970703125
2017-03-13,854.5900268554688,851.77001953125,855.6900024414062,851.7100219726562
2017-03-14,852.530029296875,853.5499877929688,853.75,847.5499877929688
2017-03-15,852.969970703125,854.3300170898438,854.4500122070312,847.1099853515625
2017-03-16,853.4199829101562,855.2999877929688,855.5,850.510009765625
2017-03-17,852.3099975585938,853.489990234375,853.8300170898438,850.6400146484375
2017-03-20,856.969970703125,851.510009765625,857.7999877929688,851.010009765625
2017-03-21,843.2000122070312,858.8400268554688,862.7999877929688,841.3099975585938
2017-03-22,848.0599975585938,840.4299926757812,849.3699951171875,839.0499877929688
2017-03-23,847.3800048828125,848.2000122070312,850.8900146484375,844.7999877929688
2017-03-24,845.6099853515625,851.6799926757812,851.7999877929688,843.530029296875
2017-03-27,846.8200073242188,838.0700073242188,850.2999877929688,833.5
2017-03-28,856.0,851.75,858.4600219726562,850.0999755859375
2017-03-29,874.3200073242188,859.0499877929688,876.4400024414062,859.02001953125
2017-03-30,876.3400268554688,874.9500122070312,877.0599975585938,871.6599731445312
2017-03-31,886.5399780273438,877.0,890.3499755859375,876.6500244140625
2017-04-03,891.510009765625,888.0,893.489990234375,885.4199829101562
2017-04-04,906.8300170898438,891.5,908.5399780273438,890.280029296875
2017-04-05,909.280029296875,910.8200073242188,923.719970703125,905.6199951171875
2017-04-06,898.280029296875,913.7999877929688,917.1900024414062,894.489990234375
2017-04-07,894.8800048828125,899.6500244140625,900.0900268554688,889.3099975585938
2017-04-10,907.0399780273438,899.6300048828125,908.510009765625,899.0
2017-04-11,902.3599853515625,907.0399780273438,911.239990234375,897.5
2017-04-12,896.22998046875,903.0900268554688,904.0900268554688,895.25
2017-04-13,884.6699829101562,891.4500122070312,894.969970703125,884.489990234375
2017-04-17,901.989990234375,887.5,902.3800048828125,887.5
2017-04-18,903.780029296875,900.989990234375,909.6099853515625,900.780029296875
2017-04-19,899.2000122070312,907.8400268554688,910.5,897.3699951171875
2017-04-20,902.0599975585938,899.7000122070312,905.3200073242188,896.2899780273438
2017-04-21,898.530029296875,902.6699829101562,903.6500244140625,896.77001953125
2017-04-24,907.4099731445312,908.6799926757812,909.989990234375,903.8200073242188
2017-04-25,907.6199951171875,907.0399780273438,909.47998046875,903.0
2017-04-26,909.2899780273438,910.2999877929688,915.75,907.5599975585938
2017-04-27,918.3800048828125,914.3900146484375,921.8599853515625,912.1099853515625
2017-04-28,924.989990234375,948.8300170898438,949.5900268554688,924.3300170898438
2017-05-01,948.22998046875,927.7999877929688,954.4000244140625,927.7999877929688
2017-05-02,946.9400024414062,946.6500244140625,950.0999755859375,941.4099731445312
2017-05-03,941.030029296875,946.0,946.0,935.9000244140625
2017-05-04,937.530029296875,944.75,945.0,934.219970703125
2017-05-05,934.1500244140625,940.52001953125,940.7899780273438,930.2999877929688
2017-05-08,949.0399780273438,940.9500122070312,949.0499877929688,939.2100219726562
2017-05-09,952.8200073242188,952.7999877929688,957.8900146484375,950.2000122070312
2017-05-10,948.9500122070312,953.5,953.75,945.0
2017-05-11,947.6199951171875,945.1099853515625,950.2899780273438,940.780029296875
2017-05-12,961.3499755859375,954.5,962.7899780273438,951.530029296875
2017-05-15,957.969970703125,958.72998046875,963.1500244140625,956.0599975585938
2017-05-16,966.0700073242188,961.0,970.0599975585938,960.9099731445312
2017-05-17,944.760009765625,954.7000122070312,960.4000244140625,944.1199951171875
2017-05-18,958.489990234375,944.7999877929688,962.75,944.760009765625
2017-05-19,959.8400268554688,962.8400268554688,968.9199829101562,959.719970703125
2017-05-22,970.6699829101562,964.0,971.3800048828125,962.9000244140625
2017-05-23,971.5399780273438,975.02001953125,975.2000122070312,966.8499755859375
2017-05-24,980.3499755859375,976.0,981.0,970.22998046875
2017-05-25,993.3800048828125,984.8499755859375,999.0,982.1099853515625
2017-05-26,995.780029296875,995.0,998.6500244140625,989.25
2017-05-30,996.7000122070312,996.510009765625,1001.2000122070312,995.52001953125
2017-05-31,994.6199951171875,1000.0,1000.1199951171875,982.1599731445312
2017-06-01,995.9500122070312,998.5900268554688,998.989990234375,991.3699951171875
2017-06-02,1006.72998046875,998.989990234375,1008.47998046875,995.6699829101562
2017-06-05,1011.3400268554688,1007.22998046875,1013.2100219726562,1003.510009765625
2017-06-06,1003.0,1012.0,1016.5,1001.25
2017-06-07,1010.0700073242188,1005.9500122070312,1010.25,1002.0
2017-06-08,1010.27001953125,1012.0599975585938,1013.6099853515625,1006.1099853515625
2017-06-09,978.3099975585938,1012.5,1012.989990234375,927.0
2017-06-12,964.9099731445312,967.0,975.9500122070312,945.0
2017-06-13,980.7899780273438,977.989990234375,984.5,966.0999755859375
2017-06-14,976.469970703125,988.5900268554688,990.3400268554688,966.7100219726562
2017-06-15,964.1699829101562,958.7000122070312,965.72998046875,950.8599853515625
2017-06-16,987.7100219726562,996.0,999.75,982.0
2017-06-19,995.1699829101562,1017.0,1017.0,989.9000244140625
2017-06-20,992.5900268554688,998.0,1004.8800048828125,992.02001953125
2017-06-21,1002.22998046875,998.7000122070312,1002.719970703125,992.6500244140625
2017-06-22,1001.2999877929688,1002.22998046875,1006.9600219726562,997.2000122070312
2017-06-23,1003.739990234375,1002.5399780273438,1004.6199951171875,998.02001953125
2017-06-26,993.97998046875,1008.5,1009.7999877929688,992.0
2017-06-27,976.780029296875,990.6900024414062,998.7999877929688,976.0
2017-06-28,990.3300170898438,978.5499877929688,990.6799926757812,969.2100219726562
2017-06-29,975.9299926757812,979.0,987.5599975585938,965.25
2017-06-30,968.0,980.1199951171875,983.469970703125,967.6099853515625
2017-07-03,953.6599731445312,972.7899780273438,974.489990234375,951.0
2017-07-05,971.4000244140625,961.530029296875,975.0,955.25
2017-07-06,965.1400146484375,964.6599731445312,974.4000244140625,959.02001953125
2017-07-07,978.760009765625,969.5499877929688,980.1099853515625,969.1400146484375
2017-07-10,996.469970703125,985.0,999.4400024414062,983.5
2017-07-11,994.1300048828125,993.0,995.989990234375,983.719970703125
2017-07-12,1006.510009765625,1000.6500244140625,1008.5499877929688,998.0999755859375
2017-07-13,1000.6300048828125,1004.6199951171875,1006.8800048828125,995.9000244140625
2017-07-14,1001.8099975585938,1002.4000244140625,1004.4500122070312,996.8900146484375
2017-07-17,1010.0399780273438,1004.6900024414062,1014.75,1003.8099975585938
2017-07-18,1024.449951171875,1006.0,1026.030029296875,1004.0
2017-07-19,1026.8699951171875,1025.0,1031.5899658203125,1022.5
2017-07-20,1028.699951171875,1031.5899658203125,1034.969970703125,1022.52001953125
2017-07-21,1025.6700439453125,1021.280029296875,1026.0999755859375,1011.0
2017-07-24,1038.949951171875,1028.3399658203125,1043.010009765625,1027.4300537109375
2017-07-25,1039.8699951171875,1038.050048828125,1043.3299560546875,1032.47998046875
2017-07-26,1052.800048828125,1043.199951171875,1053.199951171875,1043.199951171875
2017-07-27,1046.0,1069.550048828125,1083.31005859375,1040.1800537109375
2017-07-28,1020.0399780273438,1012.1400146484375,1032.8499755859375,1001.0
2017-07-31,987.780029296875,1019.0499877929688,1019.0499877929688,987.02001953125
2017-08-01,996.1900024414062,996.1099853515625,1006.4000244140625,991.5800170898438
2017-08-02,995.8900146484375,1001.77001953125,1003.2100219726562,981.72998046875
2017-08-03,986.9199829101562,999.469970703125,999.5,984.5900268554688
2017-08-04,987.5800170898438,989.6799926757812,991.6699829101562,982.0
2017-08-07,992.27001953125,990.6500244140625,995.0,987.1400146484375
2017-08-08,989.8400268554688,994.3499755859375,996.280029296875,985.7899780273438
2017-08-09,982.010009765625,982.5999755859375,988.0,975.27001953125
2017-08-10,956.9199829101562,976.2999877929688,979.8599853515625,954.6799926757812
2017-08-11,967.989990234375,960.0,970.3900146484375,951.3800048828125
2017-08-14,983.2999877929688,978.4099731445312,985.5,976.1900024414062
2017-08-15,982.739990234375,988.9000244140625,991.739990234375,982.0
2017-08-16,978.1799926757812,981.6500244140625,986.4600219726562,973.219970703125
2017-08-17,960.5700073242188,977.8400268554688,977.8400268554688,960.3200073242188
2017-08-18,958.469970703125,961.4000244140625,965.4299926757812,954.6500244140625
2017-08-21,953.2899780273438,957.5700073242188,961.2000122070312,945.4600219726562
2017-08-22,966.9000244140625,955.52001953125,967.9299926757812,955.5
2017-08-23,958.0,959.3800048828125,962.0,954.2000122070312
2017-08-24,952.4500122070312,957.4199829101562,959.0,941.1400146484375
2017-08-25,945.260009765625,956.0,957.6199951171875,944.0999755859375
2017-08-28,946.02001953125,946.5399780273438,953.0,942.25
2017-08-29,954.0599975585938,940.0,956.0,936.3300170898438
2017-08-30,967.5900268554688,958.4400024414062,969.4099731445312,956.9099731445312
2017-08-31,980.5999755859375,974.7000122070312,981.0,972.760009765625
2017-09-01,978.25,984.2000122070312,984.5,976.8800048828125
2017-09-05,965.27001953125,975.4000244140625,976.77001953125,960.3699951171875
2017-09-06,967.7999877929688,968.3200073242188,971.8400268554688,960.5999755859375
2017-09-07,979.469970703125,974.0,980.5900268554688,972.5499877929688
2017-09-08,965.9000244140625,979.0999755859375,979.8800048828125,963.469970703125
2017-09-11,977.9600219726562,974.4600219726562,981.9400024414062,974.219970703125
2017-09-12,982.5800170898438,983.27001953125,984.6699829101562,975.52001953125
2017-09-13,999.5999755859375,983.969970703125,1000.0,979.4199829101562
2017-09-14,992.2100219726562,996.7999877929688,998.5599975585938,987.739990234375
2017-09-15,986.7899780273438,993.010009765625,996.25,984.030029296875
2017-09-18,974.1900024414062,990.4000244140625,992.7899780273438,968.1699829101562
2017-09-19,969.8599853515625,977.25,978.239990234375,967.4600219726562
2017-09-20,973.2100219726562,971.7899780273438,974.8099975585938,962.1599731445312
2017-09-21,964.6500244140625,971.3099975585938,971.7000122070312,962.02001953125
2017-09-22,955.0999755859375,961.010009765625,965.6099853515625,954.4199829101562
2017-09-25,939.7899780273438,949.3099975585938,949.4199829101562,932.8900146484375
2017-09-26,938.5999755859375,945.489990234375,948.6300048828125,931.75
2017-09-27,950.8699951171875,948.0,955.2999877929688,943.2999877929688
2017-09-28,956.4000244140625,951.8599853515625,959.7000122070312,950.0999755859375
2017-09-29,961.3499755859375,960.1099853515625,964.8300170898438,958.3800048828125
2017-10-02,959.1900024414062,964.0,967.3099975585938,952.1199951171875
2017-10-03,957.0999755859375,958.0,963.6900024414062,950.3699951171875
2017-10-04,965.4500122070312,954.2100219726562,967.7899780273438,954.0499877929688
2017-10-05,980.8499755859375,970.0,981.510009765625,969.6400146484375
2017-10-06,989.5800170898438,975.6400146484375,995.75,975.6400146484375
2017-10-09,990.989990234375,993.239990234375,998.5,987.5
2017-10-10,987.2000122070312,996.6699829101562,997.9500122070312,980.0999755859375
2017-10-11,995.0,991.27001953125,995.5,986.7000122070312
2017-10-12,1000.9299926757812,996.8099975585938,1008.4400024414062,992.4000244140625
2017-10-13,1002.9400024414062,1007.0,1007.77001953125,1001.030029296875
2017-10-16,1006.3400268554688,1008.4400024414062,1009.5700073242188,1001.0399780273438
2017-10-17,1009.1300048828125,1005.5900268554688,1011.469970703125,1004.3800048828125
2017-10-18,997.0,1009.27001953125,1022.3099975585938,996.5499877929688
2017-10-19,986.6099853515625,990.0,991.0499877929688,980.239990234375
2017-10-20,982.9099731445312,993.530029296875,994.6199951171875,982.0
2017-10-23,966.2999877929688,986.72998046875,986.780029296875,962.5
2017-10-24,975.9000244140625,969.0,979.8499755859375,965.0
2017-10-25,972.9099731445312,978.0,984.4400024414062,966.239990234375
2017-10-26,972.4299926757812,980.3300170898438,982.9000244140625,968.5499877929688
2017-10-27,1100.949951171875,1058.1400146484375,1105.5799560546875,1050.550048828125
2017-10-30,1110.8499755859375,1095.010009765625,1122.7900390625,1093.56005859375
2017-10-31,1105.280029296875,1109.0,1110.5400390625,1101.1199951171875
2017-11-01,1103.6800537109375,1105.4000244140625,1108.969970703125,1096.739990234375
2017-11-02,1094.219970703125,1097.81005859375,1101.93994140625,1086.8699951171875
2017-11-03,1111.5999755859375,1091.1500244140625,1112.6800537109375,1088.52001953125
2017-11-06,1120.6600341796875,1109.1500244140625,1125.4100341796875,1108.77001953125
2017-11-07,1123.1700439453125,1124.739990234375,1130.5999755859375,1117.5
2017-11-08,1132.8800048828125,1122.8199462890625,1135.5400390625,1119.1099853515625
2017-11-09,1129.1300048828125,1125.9599609375,1129.6199951171875,1115.77001953125
2017-11-10,1125.3499755859375,1126.0999755859375,1131.75,1124.06005859375
2017-11-13,1129.1700439453125,1123.0,1139.9000244140625,1122.3399658203125
2017-11-14,1136.8399658203125,1130.1099853515625,1138.0,1123.8900146484375
2017-11-15,1126.68994140625,1127.010009765625,1131.75,1121.6300048828125
2017-11-16,1137.2900390625,1130.1600341796875,1138.1600341796875,1130.050048828125
2017-11-17,1129.8800048828125,1138.280029296875,1138.800048828125,1125.81005859375
2017-11-20,1126.31005859375,1129.77001953125,1133.4200439453125,1122.550048828125
2017-11-21,1139.489990234375,1132.8599853515625,1140.0,1128.199951171875
2017-11-22,1156.1600341796875,1141.0,1160.27001953125,1141.0
2017-11-24,1186.0,1160.699951171875,1186.8399658203125,1160.699951171875
2017-11-27,1195.8299560546875,1202.6600341796875,1213.4100341796875,1191.1500244140625
2017-11-28,1193.5999755859375,1204.8800048828125,1205.3399658203125,1188.52001953125
2017-11-29,1161.27001953125,1194.800048828125,1194.800048828125,1145.18994140625
2017-11-30,1176.75,1167.0999755859375,1178.5699462890625,1160.0
2017-12-01,1162.3499755859375,1172.050048828125,1179.6500244140625,1152.0
2017-12-04,1133.949951171875,1173.8499755859375,1175.199951171875,1128.0
2017-12-05,1141.5699462890625,1128.260009765625,1159.27001953125,1124.739990234375
2017-12-06,1152.3499755859375,1137.989990234375,1155.8900146484375,1136.0799560546875
2017-12-07,1159.7900390625,1156.5899658203125,1163.18994140625,1151.0
2017-12-08,1162.0,1170.4000244140625,1172.7900390625,1157.0999755859375
2017-12-11,1168.9200439453125,1164.5999755859375,1169.9000244140625,1157.0
2017-12-12,1165.0799560546875,1166.510009765625,1173.5999755859375,1161.6099853515625
2017-12-13,1164.1300048828125,1170.0,1170.8699951171875,1160.27001953125
2017-12-14,1174.260009765625,1163.7099609375,1177.9300537109375,1162.449951171875
2017-12-15,1179.1400146484375,1179.030029296875,1182.75,1169.3299560546875
2017-12-18,1190.5799560546875,1187.3699951171875,1194.780029296875,1180.9100341796875
2017-12-19,1187.3800048828125,1189.1500244140625,1192.969970703125,1179.1400146484375
2017-12-20,1177.6199951171875,1190.5,1191.0,1176.0
2017-12-21,1174.760009765625,1175.9000244140625,1179.1700439453125,1167.6400146484375
2017-12-22,1168.3599853515625,1172.0799560546875,1174.6199951171875,1167.8299560546875
2017-12-26,1176.760009765625,1168.3599853515625,1178.3199462890625,1160.550048828125
2017-12-27,1182.260009765625,1179.9100341796875,1187.2900390625,1175.6099853515625
2017-12-28,1186.0999755859375,1189.0,1190.0999755859375,1184.3800048828125
2017-12-29,1169.469970703125,1182.3499755859375,1184.0,1167.5
2018-01-02,1189.010009765625,1172.0,1190.0,1170.510009765625
2018-01-03,1204.199951171875,1188.300048828125,1205.489990234375,1188.300048828125
2018-01-04,1209.5899658203125,1205.0,1215.8699951171875,1204.6600341796875
2018-01-05,1229.1400146484375,1217.510009765625,1229.1400146484375,1210.0
2018-01-08,1246.8699951171875,1236.0,1253.0799560546875,1232.030029296875
2018-01-09,1252.699951171875,1256.9000244140625,1259.3299560546875,1241.760009765625
2018-01-10,1254.3299560546875,1245.1500244140625,1254.3299560546875,1237.22998046875
2018-01-11,1276.6800537109375,1259.739990234375,1276.77001953125,1256.4599609375
2018-01-12,1305.199951171875,1273.3900146484375,1305.760009765625,1273.3900146484375
2018-01-16,1304.8599853515625,1323.0,1339.93994140625,1292.300048828125
2018-01-17,1295.0,1312.239990234375,1314.0,1280.8800048828125
2018-01-18,1293.3199462890625,1293.949951171875,1304.5999755859375,1284.02001953125
2018-01-19,1294.5799560546875,1312.0,1313.0,1292.989990234375
2018-01-22,1327.31005859375,1297.1700439453125,1327.449951171875,1296.6600341796875
2018-01-23,1362.5400390625,1338.0899658203125,1364.9000244140625,1337.3399658203125
2018-01-24,1357.510009765625,1374.8199462890625,1388.1600341796875,1338.0
2018-01-25,1377.949951171875,1368.0,1378.3399658203125,1357.6199951171875
2018-01-26,1402.050048828125,1392.010009765625,1402.530029296875,1380.9100341796875
2018-01-29,1417.6800537109375,1409.1800537109375,1431.3900146484375,1400.43994140625
2018-01-30,1437.8199462890625,1403.1700439453125,1439.25,1392.0
2018-01-31,1450.8900146484375,1451.300048828125,1472.5799560546875,1450.0400390625
2018-02-01,1390.0,1445.0,1459.8800048828125,1385.1400146484375
2018-02-02,1429.949951171875,1477.3900146484375,1498.0,1414.0
2018-02-05,1390.0,1402.6199951171875,1458.97998046875,1320.719970703125
2018-02-06,1442.8399658203125,1361.4599609375,1443.989990234375,1351.7900390625
2018-02-07,1416.780029296875,1449.0,1460.989990234375,1415.1500244140625
2018-02-08,1350.5,1429.6800537109375,1433.75,1349.93994140625
2018-02-09,1339.5999755859375,1373.489990234375,1383.5,1265.9300537109375
2018-02-12,1386.22998046875,1364.6700439453125,1393.81005859375,1344.010009765625
2018-02-13,1414.510009765625,1385.9300537109375,1419.719970703125,1383.530029296875
2018-02-14,1451.050048828125,1406.25,1452.06005859375,1403.3599853515625
2018-02-15,1461.760009765625,1466.8900146484375,1468.93994140625,1436.8399658203125
2018-02-16,1448.68994140625,1457.3699951171875,1465.800048828125,1446.56005859375
2018-02-20,1468.3499755859375,1446.489990234375,1488.77001953125,1446.489990234375
2018-02-21,1482.9200439453125,1485.0,1503.489990234375,1478.9200439453125
2018-02-22,1485.3399658203125,1495.3599853515625,1502.5400390625,1475.760009765625
2018-02-23,1500.0,1495.3399658203125,1500.0,1486.5
2018-02-26,1521.949951171875,1509.199951171875,1522.8399658203125,1507.0
2018-02-27,1511.97998046875,1524.5,1526.780029296875,1507.2099609375
2018-02-28,1512.449951171875,1519.510009765625,1528.699951171875,1512.0
2018-03-01,1493.449951171875,1513.5999755859375,1518.489990234375,1465.0
2018-03-02,1500.25,1469.0999755859375,1501.050048828125,1455.010009765625
2018-03-05,1523.6099853515625,1494.239990234375,1525.3800048828125,1481.0
2018-03-06,1537.6400146484375,1533.199951171875,1542.1300048828125,1528.0
2018-03-07,1545.0,1526.52001953125,1545.9000244140625,1522.510009765625
2018-03-08,1551.8599853515625,1550.0,1554.8800048828125,1545.25
2018-03-09,1578.8900146484375,1563.5,1578.93994140625,1559.0799560546875
2018-03-12,1598.3900146484375,1592.5999755859375,1605.3299560546875,1586.699951171875
2018-03-13,1588.1800537109375,1615.9599609375,1617.5400390625,1578.010009765625
2018-03-14,1591.0,1597.0,1606.43994140625,1590.8900146484375
2018-03-15,1582.3199462890625,1595.0,1596.9100341796875,1578.1099853515625
2018-03-16,1571.6800537109375,1583.449951171875,1589.43994140625,1567.5
2018-03-19,1544.9300537109375,1554.530029296875,1561.6600341796875,1525.3499755859375
2018-03-20,1586.510009765625,1550.3399658203125,1587.0,1545.4100341796875
2018-03-21,1581.8599853515625,1586.449951171875,1590.0,1563.1700439453125
2018-03-22,1544.9200439453125,1565.469970703125,1573.8499755859375,1542.4000244140625
2018-03-23,1495.56005859375,1539.010009765625,1549.02001953125,1495.3599853515625
2018-03-26,1555.8599853515625,1530.0,1556.989990234375,1499.25
2018-03-27,1497.050048828125,1572.4000244140625,1575.969970703125,1482.3199462890625
2018-03-28,1431.4200439453125,1447.0,1455.9000244140625,1386.1700439453125
2018-03-29,1447.3399658203125,1406.0,1455.469970703125,1365.199951171875
2018-04-02,1371.989990234375,1417.6199951171875,1421.3599853515625,1355.0
2018-04-03,1392.050048828125,1391.3800048828125,1414.0,1355.3299560546875
2018-04-04,1410.5699462890625,1358.239990234375,1415.3900146484375,1352.8800048828125
2018-04-05,1451.75,1441.989990234375,1459.56005859375,1427.0699462890625
2018-04-06,1405.22998046875,1429.969970703125,1452.5,1400.260009765625
2018-04-09,1406.0799560546875,1425.030029296875,1438.47998046875,1402.5699462890625
2018-04-10,1436.219970703125,1431.989990234375,1438.3800048828125,1415.699951171875
2018-04-11,1427.050048828125,1439.43994140625,1448.780029296875,1424.8900146484375
2018-04-12,1448.5,1439.5,1452.1199951171875,1435.06005859375
2018-04-13,1430.7900390625,1449.1400146484375,1459.780029296875,1424.52001953125
2018-04-16,1441.5,1445.0,1447.0,1427.47998046875
2018-04-17,1503.8299560546875,1462.300048828125,1507.18994140625,1457.02001953125
2018-04-18,1527.8399658203125,1514.6500244140625,1533.800048828125,1504.1099853515625
2018-04-19,1556.9100341796875,1543.219970703125,1568.52001953125,1539.06005859375
2018-04-20,1527.489990234375,1561.199951171875,1561.199951171875,1516.0899658203125
2018-04-23,1517.8599853515625,1546.68994140625,1548.0,1503.4100341796875
2018-04-24,1460.0899658203125,1535.800048828125,1539.5,1448.449951171875
2018-04-25,1460.1700439453125,1458.0,1469.989990234375,1415.02001953125
2018-04-26,1517.9599609375,1485.010009765625,1529.4200439453125,1478.5
2018-04-27,1572.6199951171875,1634.010009765625,1638.0999755859375,1567.3900146484375
2018-04-30,1566.1300048828125,1582.5,1596.0,1560.93994140625
2018-05-01,1582.260009765625,1563.219970703125,1585.0,1552.1800537109375
2018-05-02,1569.6800537109375,1580.97998046875,1588.5,1566.3599853515625
2018-05-03,1572.0799560546875,1560.010009765625,1574.800048828125,1546.02001953125
2018-05-04,1580.949951171875,1562.449951171875,1584.9000244140625,1562.18994140625
2018-05-07,1600.1400146484375,1589.3399658203125,1606.949951171875,1587.8299560546875
2018-05-08,1592.3900146484375,1595.0,1596.8800048828125,1582.510009765625
2018-05-09,1608.0,1600.0,1608.0,1592.0
2018-05-10,1609.0799560546875,1608.47998046875,1615.5999755859375,1603.43994140625
2018-05-11,1602.9100341796875,1610.989990234375,1611.0999755859375,1597.8900146484375
2018-05-14,1601.5400390625,1604.0,1611.1800537109375,1600.050048828125
2018-05-15,1576.1199951171875,1587.800048828125,1587.800048828125,1565.219970703125
2018-05-16,1587.280029296875,1577.5,1594.4300537109375,1576.6700439453125
2018-05-17,1581.760009765625,1580.56005859375,1594.0400390625,1573.0
2018-05-18,1574.3699951171875,1581.3299560546875,1583.5899658203125,1572.0999755859375
2018-05-21,1585.4599609375,1585.0,1592.050048828125,1575.0
2018-05-22,1581.4000244140625,1589.8900146484375,1589.8900146484375,1575.25
2018-05-23,1601.8599853515625,1571.050048828125,1601.8599853515625,1566.3399658203125
2018-05-24,1603.0699462890625,1598.030029296875,1608.239990234375,1588.3800048828125
2018-05-25,1610.1500244140625,1603.0,1614.1199951171875,1600.449951171875
2018-05-29,1612.8699951171875,1600.7099609375,1621.7900390625,1600.1500244140625
2018-05-30,1624.8900146484375,1618.0999755859375,1626.0,1612.9300537109375
2018-05-31,1629.6199951171875,1623.0,1635.0,1621.3499755859375
2018-06-01,1641.5400390625,1637.030029296875,1646.72998046875,1635.0899658203125
2018-06-04,1665.27001953125,1648.9000244140625,1665.6800537109375,1645.489990234375
2018-06-05,1696.3499755859375,1672.989990234375,1699.0,1670.06005859375
2018-06-06,1695.75,1704.510009765625,1714.5,1686.469970703125
2018-06-07,1689.300048828125,1698.56005859375,1699.9000244140625,1676.1099853515625
2018-06-08,1683.989990234375,1681.1199951171875,1689.43994140625,1673.010009765625
2018-06-11,1689.1199951171875,1681.510009765625,1694.239990234375,1680.5899658203125
2018-06-12,1698.75,1693.0,1699.510009765625,1691.52001953125
2018-06-13,1704.8599853515625,1702.81005859375,1713.75,1700.1199951171875
2018-06-14,1723.8599853515625,1713.47998046875,1724.800048828125,1708.8699951171875
2018-06-15,1715.969970703125,1714.0,1720.8699951171875,1708.52001953125
2018-06-18,1723.7900390625,1706.260009765625,1726.739990234375,1702.56005859375
2018-06-19,1734.780029296875,1709.0400390625,1736.1099853515625,1700.3900146484375
2018-06-20,1750.0799560546875,1742.5,1762.9300537109375,1741.3599853515625
2018-06-21,1730.219970703125,1760.0,1763.0999755859375,1717.56005859375
2018-06-22,1715.6700439453125,1742.6199951171875,1743.0,1711.9000244140625
2018-06-25,1663.1500244140625,1702.510009765625,1705.0,1646.31005859375
2018-06-26,1691.0899658203125,1672.3699951171875,1701.5699462890625,1663.3399658203125
2018-06-27,1660.510009765625,1708.1099853515625,1711.949951171875,1660.0
2018-06-28,1701.449951171875,1672.5400390625,1705.5,1661.1700439453125
2018-06-29,1699.800048828125,1717.0,1723.4100341796875,1694.3199462890625
2018-07-02,1713.780029296875,1682.699951171875,1713.8900146484375,1678.06005859375
2018-07-03,1693.9599609375,1723.9599609375,1725.0,1692.47998046875
2018-07-05,1699.72998046875,1705.3800048828125,1710.68994140625,1682.1500244140625
2018-07-06,1710.6300048828125,1696.0,1715.27001953125,1691.6700439453125
2018-07-09,1739.02001953125,1724.050048828125,1739.56005859375,1716.22998046875
2018-07-10,1743.0699462890625,1738.530029296875,1750.0,1731.0
2018-07-11,1755.0,1737.989990234375,1756.9599609375,1734.0
2018-07-12,1796.6199951171875,1764.510009765625,1798.0,1762.1800537109375
2018-07-13,1813.030029296875,1803.9300537109375,1815.300048828125,1795.22998046875
2018-07-16,1822.489990234375,1821.949951171875,1841.949951171875,1814.449951171875
2018-07-17,1843.9300537109375,1811.56005859375,1851.68994140625,1797.3800048828125
2018-07-18,1842.9200439453125,1848.0,1858.8800048828125,1831.27001953125
2018-07-19,1812.969970703125,1829.4599609375,1841.0,1811.27001953125
2018-07-20,1813.699951171875,1825.010009765625,1834.8399658203125,1810.06005859375
2018-07-23,1802.0,1812.2099609375,1819.0,1769.989990234375
2018-07-24,1829.239990234375,1829.010009765625,1840.0,1809.3800048828125
2018-07-25,1863.6099853515625,1829.300048828125,1863.8399658203125,1822.6400146484375
2018-07-26,1808.0,1839.0,1844.6800537109375,1804.5
2018-07-27,1817.27001953125,1876.050048828125,1880.050048828125,1806.530029296875
2018-07-30,1779.219970703125,1827.3299560546875,1829.5,1766.02001953125
2018-07-31,1777.43994140625,1786.489990234375,1801.8299560546875,1739.3199462890625
2018-08-01,1797.1700439453125,1784.0,1798.43994140625,1776.02001953125
2018-08-02,1834.3299560546875,1788.77001953125,1836.56005859375,1786.0
2018-08-03,1823.2900390625,1837.739990234375,1841.0,1821.5
2018-08-06,1847.75,1825.81005859375,1847.77001953125,1818.9200439453125
2018-08-07,1862.47998046875,1854.530029296875,1869.719970703125,1846.27001953125
2018-08-08,1886.52001953125,1861.0,1891.510009765625,1854.5
2018-08-09,1898.52001953125,1882.0,1914.5699462890625,1877.47998046875
2018-08-10,1886.300048828125,1888.510009765625,1899.5,1878.2099609375
2018-08-13,1896.199951171875,1898.5,1925.0,1893.6700439453125
2018-08-14,1919.6500244140625,1919.3900146484375,1921.010009765625,1900.0
2018-08-15,1882.6199951171875,1909.550048828125,1916.2099609375,1869.7900390625
2018-08-16,1886.52001953125,1903.93994140625,1905.0,1883.550048828125
2018-08-17,1882.219970703125,1885.800048828125,1888.0,1855.550048828125
2018-08-20,1876.7099609375,1890.5699462890625,1891.75,1866.06005859375
2018-08-21,1883.4200439453125,1880.0,1897.75,1874.4100341796875
2018-08-22,1904.9000244140625,1876.6400146484375,1905.800048828125,1876.6400146484375
2018-08-23,1902.9000244140625,1907.1700439453125,1919.5,1900.760009765625
2018-08-24,1905.3900146484375,1910.510009765625,1916.010009765625,1902.5400390625
2018-08-27,1927.6800537109375,1915.0,1927.699951171875,1909.280029296875
2018-08-28,1932.8199462890625,1937.72998046875,1941.780029296875,1928.8199462890625
2018-08-29,1998.0999755859375,1953.449951171875,1998.68994140625,1948.93994140625
2018-08-30,2002.3800048828125,1997.4200439453125,2025.5699462890625,1986.9000244140625
2018-08-31,2012.7099609375,2007.0,2022.3800048828125,2004.739990234375
2018-09-04,2039.510009765625,2026.5,2050.5,2013.0
2018-09-05,1994.8199462890625,2038.1099853515625,2040.3800048828125,1989.8900146484375
2018-09-06,1958.31005859375,2006.510009765625,2007.5,1935.2099609375
2018-09-07,1952.0699462890625,1938.7099609375,1975.199951171875,1937.3499755859375
2018-09-10,1939.010009765625,1971.0,1973.0400390625,1931.52001953125
2018-09-11,1987.1500244140625,1928.27001953125,1988.8800048828125,1917.0
2018-09-12,1990.0,1994.0,2000.0,1962.43994140625
2018-09-13,1989.8699951171875,2000.0,2008.760009765625,1982.030029296875
2018-09-14,1970.18994140625,1992.9300537109375,1993.6500244140625,1959.219970703125
2018-09-17,1908.030029296875,1954.72998046875,1956.8199462890625,1887.4100341796875
2018-09-18,1941.050048828125,1918.6500244140625,1958.199951171875,1915.43994140625
2018-09-19,1926.4200439453125,1940.5,1940.8299560546875,1904.9000244140625
2018-09-20,1944.300048828125,1938.5799560546875,1955.0,1932.25
2018-09-21,1915.010009765625,1954.219970703125,1957.31005859375,1910.5
2018-09-24,1934.3599853515625,1903.7900390625,1936.8800048828125,1865.0
2018-09-25,1974.550048828125,1942.9000244140625,1975.9100341796875,1938.8499755859375
2018-09-26,1974.8499755859375,1968.5,1995.25,1961.52001953125
2018-09-27,2012.97998046875,1993.239990234375,2016.1600341796875,1988.5799560546875
2018-09-28,2003.0,2004.4100341796875,2026.52001953125,1996.4599609375
2018-10-01,2004.3599853515625,2021.989990234375,2033.18994140625,2003.5999755859375
2018-10-02,1971.31005859375,1999.989990234375,2013.3900146484375,1965.77001953125
2018-10-03,1952.760009765625,1981.699951171875,1989.699951171875,1949.81005859375
2018-10-04,1909.4200439453125,1949.0,1956.0,1896.5699462890625
2018-10-05,1889.6500244140625,1917.989990234375,1929.0799560546875,1862.8299560546875
2018-10-08,1864.4200439453125,1874.0,1902.0,1830.6600341796875
2018-10-09,1870.3199462890625,1859.989990234375,1896.6800537109375,1852.3199462890625
2018-10-10,1755.25,1857.8900146484375,1858.56005859375,1754.4100341796875
2018-10-11,1719.3599853515625,1724.0,1755.4000244140625,1685.0999755859375
2018-10-12,1788.6099853515625,1808.0,1808.949951171875,1742.530029296875
2018-10-15,1760.949951171875,1795.0,1795.050048828125,1734.22998046875
2018-10-16,1819.9599609375,1783.5,1823.8800048828125,1761.550048828125
2018-10-17,1831.72998046875,1842.7900390625,1845.0,1807.0
2018-10-18,1770.719970703125,1821.489990234375,1830.1500244140625,1767.8699951171875
2018-10-19,1764.030029296875,1785.1600341796875,1809.0999755859375,1753.0
2018-10-22,1789.300048828125,1784.0,1809.5,1756.0
2018-10-23,1768.699951171875,1742.239990234375,1776.3399658203125,1714.0
2018-10-24,1664.199951171875,1773.699951171875,1777.7099609375,1656.56005859375
2018-10-25,1782.1700439453125,1703.3399658203125,1794.81005859375,1692.010009765625
2018-10-26,1642.81005859375,1649.5899658203125,1698.4599609375,1603.0
2018-10-29,1538.8800048828125,1660.0,1665.739990234375,1495.0
2018-10-30,1530.4200439453125,1486.1600341796875,1540.989990234375,1476.3599853515625
2018-10-31,1598.010009765625,1569.989990234375,1623.9100341796875,1565.0899658203125
2018-11-01,1665.530029296875,1623.530029296875,1670.449951171875,1598.43994140625
2018-11-02,1665.530029296875,1678.5899658203125,1697.43994140625,1651.8299560546875
2018-11-05,1627.800048828125,1657.5699462890625,1658.0899658203125,1596.3599853515625
2018-11-06,1642.81005859375,1618.3499755859375,1665.0,1614.550048828125
2018-11-07,1755.489990234375,1673.0,1759.22998046875,1664.0799560546875
2018-11-08,1754.9100341796875,1755.0,1784.0,1725.1099853515625
2018-11-09,1712.4300537109375,1732.5,1743.9200439453125,1701.8699951171875
2018-11-12,1636.8499755859375,1698.239990234375,1708.550048828125,1630.010009765625
2018-11-13,1631.1700439453125,1649.2900390625,1677.06005859375,1613.75
2018-11-14,1599.010009765625,1656.3199462890625,1673.0,1597.0699462890625
2018-11-15,1619.43994140625,1581.010009765625,1624.8199462890625,1546.510009765625
2018-11-16,1593.4100341796875,1587.5,1614.47998046875,1573.1199951171875
2018-11-19,1512.2900390625,1577.010009765625,1581.18994140625,1503.3599853515625
2018-11-20,1495.4599609375,1437.5,1534.75,1420.0
2018-11-21,1516.72998046875,1542.989990234375,1550.0,1515.0
2018-11-23,1502.06005859375,1517.0,1536.199951171875,1501.81005859375
2018-11-26,1581.3299560546875,1539.0,1584.81005859375,1524.219970703125
2018-11-27,1581.4200439453125,1575.989990234375,1597.6500244140625,1558.010009765625
2018-11-28,1677.75,1613.9200439453125,1681.449951171875,1601.219970703125
2018-11-29,1673.5699462890625,1674.989990234375,1689.989990234375,1652.3299560546875
2018-11-30,1690.1700439453125,1679.5,1696.0,1666.5
2018-12-03,1772.3599853515625,1769.4599609375,1778.3399658203125,1730.0
2018-12-04,1668.4000244140625,1756.0,1770.3399658203125,1665.0
2018-12-06,1699.18994140625,1614.8699951171875,1701.050048828125,1609.8499755859375
2018-12-07,1629.1300048828125,1705.0699462890625,1718.9300537109375,1625.4599609375
2018-12-10,1641.030029296875,1623.8399658203125,1657.989990234375,1590.8699951171875
2018-12-11,1643.239990234375,1678.0,1679.469970703125,1619.5999755859375
2018-12-12,1663.5400390625,1669.0,1704.989990234375,1660.27001953125
2018-12-13,1658.3800048828125,1680.0,1692.1199951171875,1641.5
2018-12-14,1591.9100341796875,1638.0,1642.5699462890625,1585.0
2018-12-17,1520.9100341796875,1566.0,1576.1300048828125,1505.010009765625
2018-12-18,1551.47998046875,1540.0,1567.550048828125,1523.010009765625
2018-12-19,1495.0799560546875,1543.050048828125,1584.530029296875,1483.1800537109375
2018-12-20,1460.8299560546875,1484.0,1509.5,1432.68994140625
2018-12-21,1377.449951171875,1464.989990234375,1480.0,1363.9599609375
2018-12-24,1343.9599609375,1346.0,1396.030029296875,1307.0
2018-12-26,1470.9000244140625,1368.8900146484375,1473.1600341796875,1363.010009765625
2018-12-27,1461.6400146484375,1454.199951171875,1469.0,1390.31005859375
2018-12-28,1478.02001953125,1473.3499755859375,1513.469970703125,1449.0
2018-12-31,1501.969970703125,1510.800048828125,1520.760009765625,1487.0
2019-01-02,1539.1300048828125,1465.199951171875,1553.3599853515625,1460.9300537109375
2019-01-03,1500.280029296875,1520.010009765625,1538.0,1497.1099853515625
2019-01-04,1575.3900146484375,1530.0,1594.0,1518.31005859375
2019-01-07,1629.510009765625,1602.31005859375,1634.56005859375,1589.18994140625
2019-01-08,1656.5799560546875,1664.68994140625,1676.6099853515625,1616.6099853515625
2019-01-09,1659.4200439453125,1652.97998046875,1667.800048828125,1641.4000244140625
2019-01-10,1656.219970703125,1641.010009765625,1663.25,1621.6199951171875
2019-01-11,1640.56005859375,1640.550048828125,1660.2900390625,1636.219970703125
2019-01-14,1617.2099609375,1615.0,1648.199951171875,1595.1500244140625
2019-01-15,1674.56005859375,1632.0,1675.1600341796875,1626.010009765625
2019-01-16,1683.780029296875,1684.219970703125,1705.0,1675.8800048828125
2019-01-17,1693.219970703125,1680.0,1700.1700439453125,1677.5
2019-01-18,1696.199951171875,1712.0,1716.199951171875,1691.5400390625
2019-01-22,1632.1700439453125,1681.0,1681.8699951171875,1610.199951171875
2019-01-23,1640.02001953125,1656.0,1657.4300537109375,1612.0
2019-01-24,1654.9300537109375,1641.0699462890625,1657.260009765625,1631.780029296875
2019-01-25,1670.5699462890625,1670.5,1683.47998046875,1661.6099853515625
2019-01-28,1637.8900146484375,1643.5899658203125,1645.0,1614.0899658203125
2019-01-29,1593.8800048828125,1631.27001953125,1632.3800048828125,1590.719970703125
2019-01-30,1670.4300537109375,1623.0,1676.949951171875,1619.6800537109375
2019-01-31,1718.72998046875,1692.8499755859375,1736.4100341796875,1679.0799560546875
2019-02-01,1626.22998046875,1638.8800048828125,1673.06005859375,1622.010009765625
2019-02-04,1633.31005859375,1623.0,1649.6300048828125,1613.5
2019-02-05,1658.81005859375,1643.3399658203125,1665.260009765625,1642.5
2019-02-06,1640.260009765625,1670.75,1672.260009765625,1633.3399658203125
2019-02-07,1614.3699951171875,1625.0,1625.5400390625,1592.9100341796875
2019-02-08,1588.219970703125,1586.0,1588.5899658203125,1566.760009765625
2019-02-11,1591.0,1600.97998046875,1609.2900390625,1586.0
2019-02-12,1638.010009765625,1604.0,1639.4000244140625,1598.8800048828125
2019-02-13,1640.0,1647.0,1656.3800048828125,1637.1099853515625
2019-02-14,1622.6500244140625,1624.5,1637.9000244140625,1606.06005859375
2019-02-15,1607.949951171875,1627.8599853515625,1628.9100341796875,1604.5
2019-02-19,1627.5799560546875,1601.0,1634.0,1600.56005859375
2019-02-20,1622.0999755859375,1630.0,1634.9300537109375,1610.1199951171875
2019-02-21,1619.43994140625,1619.8499755859375,1623.56005859375,1600.9100341796875
2019-02-22,1631.56005859375,1623.5,1634.93994140625,1621.1700439453125
2019-02-25,1633.0,1641.449951171875,1654.5999755859375,1630.3900146484375
2019-02-26,1636.4000244140625,1625.97998046875,1639.989990234375,1616.1300048828125
2019-02-27,1641.0899658203125,1628.1800537109375,1641.81005859375,1615.0999755859375
2019-02-28,1639.8299560546875,1635.25,1651.77001953125,1633.8299560546875
2019-03-01,1671.72998046875,1655.1300048828125,1674.260009765625,1651.0
2019-03-04,1696.1700439453125,1685.0,1709.4300537109375,1674.3599853515625
2019-03-05,1692.4300537109375,1702.949951171875,1707.800048828125,1689.010009765625
2019-03-06,1668.949951171875,1695.969970703125,1697.75,1668.280029296875
2019-03-07,1625.949951171875,1667.3699951171875,1669.75,1620.510009765625
2019-03-08,1620.800048828125,1604.010009765625,1622.719970703125,1586.5699462890625
2019-03-11,1670.6199951171875,1626.1199951171875,1672.2900390625,1626.010009765625
2019-03-12,1673.0999755859375,1669.0,1684.27001953125,1660.97998046875
2019-03-13,1690.81005859375,1683.0,1700.0,1679.3499755859375
2019-03-14,1686.219970703125,1691.199951171875,1702.0,1684.3399658203125
2019-03-15,1712.3599853515625,1703.0,1718.800048828125,1693.1300048828125
2019-03-18,1742.1500244140625,1712.699951171875,1750.0,1712.6300048828125
2019-03-19,1761.8499755859375,1753.510009765625,1784.1600341796875,1753.510009765625
2019-03-20,1797.27001953125,1769.93994140625,1799.5,1767.030029296875
2019-03-21,1819.260009765625,1796.260009765625,1823.75,1787.280029296875
2019-03-22,1764.77001953125,1810.1700439453125,1818.97998046875,1763.1099853515625
2019-03-25,1774.260009765625,1757.7900390625,1782.6800537109375,1747.5
2019-03-26,1783.760009765625,1793.0,1805.77001953125,1773.3599853515625
2019-03-27,1765.699951171875,1784.1300048828125,1787.5,1745.6800537109375
2019-03-28,1773.4200439453125,1770.0,1777.9300537109375,1753.469970703125
2019-03-29,1780.75,1786.5799560546875,1792.8599853515625,1776.6300048828125
2019-04-01,1814.18994140625,1800.1099853515625,1815.6700439453125,1798.72998046875
2019-04-02,1813.97998046875,1811.02001953125,1820.0,1805.1199951171875
2019-04-03,1820.699951171875,1826.719970703125,1830.0,1809.6199951171875
2019-04-04,1818.8599853515625,1820.6500244140625,1828.75,1804.199951171875
2019-04-05,1837.280029296875,1829.0,1838.5799560546875,1825.18994140625
2019-04-08,1849.8599853515625,1833.22998046875,1850.199951171875,1825.1099853515625
2019-04-09,1835.8399658203125,1845.489990234375,1853.0899658203125,1831.780029296875
2019-04-10,1847.3299560546875,1841.0,1848.0,1828.81005859375
2019-04-11,1844.0699462890625,1848.699951171875,1849.949951171875,1840.31005859375
2019-04-12,1843.06005859375,1848.4000244140625,1851.5,1841.300048828125
2019-04-15,1844.8699951171875,1842.0,1846.8499755859375,1818.9000244140625
2019-04-16,1863.0400390625,1851.3499755859375,1869.77001953125,1848.0
2019-04-17,1864.8199462890625,1872.989990234375,1876.469970703125,1860.43994140625
2019-04-18,1861.68994140625,1868.7900390625,1870.8199462890625,1859.47998046875
2019-04-22,1887.31005859375,1855.4000244140625,1888.4200439453125,1845.6400146484375
2019-04-23,1923.77001953125,1891.199951171875,1929.260009765625,1889.5799560546875
2019-04-24,1901.75,1925.0,1929.68994140625,1898.1600341796875
2019-04-25,1902.25,1917.0,1922.449951171875,1900.31005859375
2019-04-26,1950.6300048828125,1929.0,1951.0,1898.0
2019-04-29,1938.4300537109375,1949.0,1956.3399658203125,1934.0899658203125
2019-04-30,1926.52001953125,1930.0999755859375,1935.7099609375,1906.949951171875
2019-05-01,1911.52001953125,1933.0899658203125,1943.6400146484375,1910.550048828125
2019-05-02,1900.8199462890625,1913.3299560546875,1921.550048828125,1881.8699951171875
2019-05-03,1962.4599609375,1949.0,1964.4000244140625,1936.0
2019-05-06,1950.550048828125,1917.97998046875,1959.0,1910.5
2019-05-07,1921.0,1939.989990234375,1949.0999755859375,1903.3800048828125
2019-05-08,1917.77001953125,1918.8699951171875,1935.3699951171875,1910.0
2019-05-09,1899.8699951171875,1900.0,1909.4000244140625,1876.0
2019-05-10,1889.97998046875,1898.0,1903.7900390625,1856.0
2019-05-13,1822.6800537109375,1836.56005859375,1846.5400390625,1818.0
2019-05-14,1840.1199951171875,1839.5,1852.43994140625,1815.75
2019-05-15,1871.1500244140625,1827.949951171875,1874.4300537109375,1823.0
2019-05-16,1907.5699462890625,1885.93994140625,1917.510009765625,1882.2900390625
2019-05-17,1869.0,1893.050048828125,1910.530029296875,1867.3299560546875
2019-05-20,1858.969970703125,1852.68994140625,1867.780029296875,1835.5400390625
2019-05-21,1857.52001953125,1874.7900390625,1879.0,1846.0
2019-05-22,1859.6800537109375,1851.780029296875,1871.489990234375,1851.0
2019-05-23,1815.47998046875,1836.5899658203125,1844.0,1804.199951171875
2019-05-24,1823.280029296875,1835.8900146484375,1841.760009765625,1817.8499755859375
2019-05-28,1836.4300537109375,1832.75,1849.27001953125,1827.3499755859375
2019-05-29,1819.18994140625,1823.1199951171875,1830.0,1807.530029296875
2019-05-30,1816.3199462890625,1825.489990234375,1829.469970703125,1807.8299560546875
2019-05-31,1775.0699462890625,1790.010009765625,1795.5899658203125,1772.699951171875
2019-06-03,1692.68994140625,1760.010009765625,1766.2900390625,1672.0
2019-06-04,1729.56005859375,1699.239990234375,1730.8199462890625,1680.8900146484375
2019-06-05,1738.5,1749.5999755859375,1752.0,1715.25
2019-06-06,1754.3599853515625,1737.7099609375,1760.0,1726.1300048828125
2019-06-07,1804.030029296875,1763.699951171875,1806.25,1759.489990234375
2019-06-10,1860.6300048828125,1822.0,1884.8699951171875,1818.0
2019-06-11,1863.699951171875,1883.25,1893.699951171875,1858.0
2019-06-12,1855.3199462890625,1853.97998046875,1865.0,1844.3800048828125
2019-06-13,1870.300048828125,1866.719970703125,1883.0899658203125,1862.219970703125
2019-06-14,1869.6700439453125,1864.0,1876.0,1859.0
2019-06-17,1886.030029296875,1876.5,1895.68994140625,1875.449951171875
2019-06-18,1901.3699951171875,1901.3499755859375,1921.6700439453125,1899.7900390625
2019-06-19,1908.7900390625,1907.8399658203125,1919.5799560546875,1892.469970703125
2019-06-20,1918.18994140625,1933.3299560546875,1935.199951171875,1905.800048828125
2019-06-21,1911.300048828125,1916.0999755859375,1925.949951171875,1907.5799560546875
2019-06-24,1913.9000244140625,1912.6600341796875,1916.8599853515625,1901.300048828125
2019-06-25,1878.27001953125,1911.8399658203125,1916.3900146484375,1872.4200439453125
2019-06-26,1897.8299560546875,1892.47998046875,1903.800048828125,1887.3199462890625
2019-06-27,1904.280029296875,1902.0,1911.239990234375,1898.0400390625
2019-06-28,1893.6300048828125,1909.0999755859375,1912.93994140625,1884.0
2019-07-01,1922.18994140625,1922.97998046875,1929.8199462890625,1914.6600341796875
2019-07-02,1934.31005859375,1919.3800048828125,1934.7900390625,1906.6300048828125
2019-07-03,1939.0,1935.8900146484375,1941.5899658203125,1930.5
2019-07-05,1942.9100341796875,1928.5999755859375,1945.9000244140625,1925.300048828125
2019-07-08,1952.3199462890625,1934.1199951171875,1956.0,1928.25
2019-07-09,1988.300048828125,1947.800048828125,1990.010009765625,1943.47998046875
2019-07-10,2017.4100341796875,1996.510009765625,2024.93994140625,1995.4000244140625
2019-07-11,2001.0699462890625,2025.6199951171875,2035.800048828125,1995.300048828125
2019-07-12,2011.0,2008.27001953125,2017.0,2003.8699951171875
2019-07-15,2020.989990234375,2021.4000244140625,2022.9000244140625,2001.550048828125
2019-07-16,2009.9000244140625,2010.5799560546875,2026.3199462890625,2001.219970703125
2019-07-17,1992.030029296875,2007.050048828125,2012.0,1992.030029296875
2019-07-18,1977.9000244140625,1980.010009765625,1987.5,1951.550048828125
2019-07-19,1964.52001953125,1991.2099609375,1996.0,1962.22998046875
2019-07-22,1985.6300048828125,1971.1400146484375,1989.0,1958.260009765625
2019-07-23,1994.489990234375,1995.989990234375,1997.7900390625,1973.1300048828125
2019-07-24,2000.81005859375,1969.300048828125,2001.300048828125,1965.8699951171875
2019-07-25,1973.8199462890625,2001.0,2001.199951171875,1972.719970703125
2019-07-26,1943.050048828125,1942.0,1950.9000244140625,1924.510009765625
2019-07-29,1912.449951171875,1930.0,1932.22998046875,1890.5400390625
2019-07-30,1898.530029296875,1891.1199951171875,1909.8900146484375,1883.47998046875
2019-07-31,1866.780029296875,1898.1099853515625,1899.550048828125,1849.43994140625
2019-08-01,1855.3199462890625,1871.719970703125,1897.9200439453125,1844.010009765625
2019-08-02,1823.239990234375,1845.0699462890625,1846.3599853515625,1808.02001953125
2019-08-05,1765.1300048828125,1770.219970703125,1788.6700439453125,1748.780029296875
2019-08-06,1787.8299560546875,1792.22998046875,1793.77001953125,1753.4000244140625
2019-08-07,1793.4000244140625,1773.989990234375,1798.9300537109375,1757.0
2019-08-08,1832.8900146484375,1806.0,1834.260009765625,1798.1099853515625
2019-08-09,1807.5799560546875,1828.949951171875,1831.0899658203125,1802.219970703125
2019-08-12,1784.9200439453125,1795.989990234375,1800.97998046875,1777.0
2019-08-13,1824.3399658203125,1783.0,1831.739990234375,1780.0
2019-08-14,1762.9599609375,1793.010009765625,1795.6500244140625,1757.219970703125
2019-08-15,1776.1199951171875,1781.989990234375,1788.0,1761.9599609375
2019-08-16,1792.5699462890625,1792.8900146484375,1802.9100341796875,1784.550048828125
2019-08-19,1816.1199951171875,1818.0799560546875,1826.0,1812.6099853515625
2019-08-20,1801.3800048828125,1814.5,1816.8199462890625,1799.8800048828125
2019-08-21,1823.5400390625,1819.3900146484375,1829.5799560546875,1815.0
2019-08-22,1804.6600341796875,1828.0,1829.4100341796875,1800.0999755859375
2019-08-23,1749.6199951171875,1793.030029296875,1804.9000244140625,1745.22998046875
2019-08-26,1768.8699951171875,1766.9100341796875,1770.0,1743.510009765625
2019-08-27,1761.8299560546875,1775.72998046875,1779.4000244140625,1746.6800537109375
2019-08-28,1764.25,1755.0,1767.8599853515625,1744.050048828125
2019-08-29,1786.4000244140625,1783.0,1798.550048828125,1777.25
2019-08-30,1776.2900390625,1797.489990234375,1799.739990234375,1764.5699462890625
2019-09-03,1789.8399658203125,1770.0,1800.800048828125,1768.0
2019-09-04,1800.6199951171875,1805.0,1807.6300048828125,1796.22998046875
2019-09-05,1840.719970703125,1821.949951171875,1842.0,1815.5799560546875
2019-09-06,1833.510009765625,1838.219970703125,1840.6500244140625,1826.4000244140625
2019-09-09,1831.3499755859375,1841.0,1850.0,1824.6099853515625
2019-09-10,1820.550048828125,1822.75,1825.81005859375,1805.3399658203125
2019-09-11,1822.989990234375,1812.1400146484375,1833.4200439453125,1809.0799560546875
2019-09-12,1843.550048828125,1837.6300048828125,1853.6600341796875,1834.280029296875
2019-09-13,1839.3399658203125,1842.010009765625,1846.1199951171875,1835.1700439453125
2019-09-16,1807.8399658203125,1824.02001953125,1825.68994140625,1800.199951171875
2019-09-17,1822.550048828125,1807.0799560546875,1823.989990234375,1804.0999755859375
2019-09-18,1817.4599609375,1817.0400390625,1822.06005859375,1795.5
2019-09-19,1821.5,1821.02001953125,1832.5699462890625,1817.9000244140625
2019-09-20,1794.1600341796875,1821.7099609375,1830.6300048828125,1780.9200439453125
2019-09-23,1785.300048828125,1777.0,1792.699951171875,1767.3199462890625
2019-09-24,1741.6099853515625,1790.6099853515625,1795.7099609375,1735.550048828125
2019-09-25,1768.3299560546875,1747.3599853515625,1773.0,1723.0
2019-09-26,1739.8399658203125,1762.7900390625,1763.3699951171875,1731.5
2019-09-27,1725.449951171875,1748.0,1749.1199951171875,1713.8199462890625
2019-09-30,1735.9100341796875,1726.989990234375,1737.4599609375,1709.219970703125
2019-10-01,1735.6500244140625,1746.0,1755.5999755859375,1728.4100341796875
2019-10-02,1713.22998046875,1727.739990234375,1728.8900146484375,1705.0
2019-10-03,1724.4200439453125,1713.0,1725.0,1685.06005859375
2019-10-04,1739.6500244140625,1726.02001953125,1740.5799560546875,1719.22998046875
2019-10-07,1732.6600341796875,1731.6300048828125,1747.8299560546875,1723.699951171875
2019-10-08,1705.510009765625,1722.489990234375,1727.0,1705.0
2019-10-09,1721.989990234375,1719.6099853515625,1729.949951171875,1714.3599853515625
2019-10-10,1720.260009765625,1725.239990234375,1738.2900390625,1713.75
2019-10-11,1731.9200439453125,1742.9200439453125,1745.449951171875,1729.8599853515625
2019-10-14,1736.4300537109375,1728.9100341796875,1741.8900146484375,1722.0
2019-10-15,1767.3800048828125,1742.1400146484375,1776.449951171875,1740.6199951171875
2019-10-16,1777.4300537109375,1773.3299560546875,1786.239990234375,1770.52001953125
2019-10-17,1787.47998046875,1796.489990234375,1798.8499755859375,1782.02001953125
2019-10-18,1757.510009765625,1787.800048828125,1793.97998046875,1749.199951171875
2019-10-21,1785.6600341796875,1769.6600341796875,1785.8800048828125,1765.0
2019-10-22,1765.72998046875,1788.1500244140625,1789.780029296875,1762.0
2019-10-23,1762.1700439453125,1761.300048828125,1770.050048828125,1742.0
2019-10-24,1780.780029296875,1771.0899658203125,1788.3399658203125,1760.27001953125
2019-10-25,1761.3299560546875,1697.550048828125,1764.2099609375,1695.0
2019-10-28,1777.0799560546875,1748.06005859375,1778.699951171875,1742.5
2019-10-29,1762.7099609375,1774.81005859375,1777.0,1755.81005859375
2019-10-30,1779.989990234375,1760.239990234375,1782.3800048828125,1759.1199951171875
2019-10-31,1776.6600341796875,1775.989990234375,1792.0,1771.47998046875
2019-11-01,1791.43994140625,1788.010009765625,1797.449951171875,1785.2099609375
2019-11-04,1804.6600341796875,1801.010009765625,1815.06005859375,1801.010009765625
2019-11-05,1801.7099609375,1809.1600341796875,1810.25,1794.0
2019-11-06,1795.77001953125,1801.0,1802.5,1788.5799560546875
2019-11-07,1788.199951171875,1803.760009765625,1805.9000244140625,1783.47998046875
2019-11-08,1785.8800048828125,1787.8900146484375,1789.8800048828125,1774.0400390625
2019-11-11,1771.6500244140625,1778.0,1780.0,1767.1300048828125
2019-11-12,1778.0,1774.6600341796875,1786.219970703125,1771.9100341796875
2019-11-13,1753.1099853515625,1773.3900146484375,1775.0,1747.3199462890625
2019-11-14,1754.5999755859375,1751.4300537109375,1766.5899658203125,1749.56005859375
2019-11-15,1739.489990234375,1760.050048828125,1761.6800537109375,1732.8599853515625
2019-11-18,1752.530029296875,1738.300048828125,1753.699951171875,1722.7099609375
2019-11-19,1752.7900390625,1756.989990234375,1760.6800537109375,1743.030029296875
2019-11-20,1745.530029296875,1749.1400146484375,1762.52001953125,1734.1199951171875
2019-11-21,1734.7099609375,1743.0,1746.8699951171875,1730.3599853515625
2019-11-22,1745.719970703125,1739.02001953125,1746.4300537109375,1731.0
2019-11-25,1773.8399658203125,1753.25,1777.4200439453125,1753.239990234375
2019-11-26,1796.93994140625,1779.9200439453125,1797.030029296875,1778.3499755859375
2019-11-27,1818.510009765625,1801.0,1824.5,1797.31005859375
2019-11-29,1800.800048828125,1817.780029296875,1824.68994140625,1800.7900390625
2019-12-02,1781.5999755859375,1804.4000244140625,1805.550048828125,1762.6800537109375
2019-12-03,1769.9599609375,1760.0,1772.8699951171875,1747.22998046875
2019-12-04,1760.68994140625,1774.010009765625,1789.0899658203125,1760.219970703125
2019-12-05,1740.47998046875,1763.5,1763.5,1740.0
2019-12-06,1751.5999755859375,1751.199951171875,1754.4000244140625,1740.1300048828125
2019-12-09,1749.510009765625,1750.6600341796875,1766.8900146484375,1745.6099853515625
2019-12-10,1739.2099609375,1747.4000244140625,1750.6700439453125,1735.0
2019-12-11,1748.719970703125,1741.6700439453125,1750.0,1735.7099609375
2019-12-12,1760.3299560546875,1750.0,1764.0,1745.43994140625
2019-12-13,1760.93994140625,1765.0,1768.989990234375,1755.0
2019-12-16,1769.2099609375,1767.0,1769.5,1757.050048828125
2019-12-17,1790.6600341796875,1778.010009765625,1792.0,1777.3900146484375
2019-12-18,1784.030029296875,1795.02001953125,1798.199951171875,1782.3599853515625
2019-12-19,1792.280029296875,1780.5,1792.989990234375,1774.06005859375
2019-12-20,1786.5,1799.6199951171875,1802.969970703125,1782.449951171875
2019-12-23,1793.0,1788.260009765625,1793.0,1784.510009765625
2019-12-24,1789.2099609375,1793.81005859375,1795.5699462890625,1787.5799560546875
2019-12-26,1868.77001953125,1801.010009765625,1870.4599609375,1799.5
2019-12-27,1869.800048828125,1882.9200439453125,1901.4000244140625,1866.010009765625
2019-12-30,1846.8900146484375,1874.0,1884.0,1840.6199951171875
2019-12-31,1847.8399658203125,1842.0,1853.260009765625,1832.22998046875
2020-01-02,1898.010009765625,1875.0,1898.010009765625,1864.1500244140625
2020-01-03,1874.969970703125,1864.5,1886.199951171875,1864.5
2020-01-06,1902.8800048828125,1860.0,1903.68994140625,1860.0
2020-01-07,1906.8599853515625,1904.5,1913.8900146484375,1892.0400390625
2020-01-08,1891.969970703125,1898.0400390625,1911.0,1886.43994140625
2020-01-09,1901.050048828125,1909.8900146484375,1917.8199462890625,1895.800048828125
2020-01-10,1883.1600341796875,1905.3699951171875,1906.93994140625,1880.0
2020-01-13,1891.300048828125,1891.31005859375,1898.0,1880.800048828125
2020-01-14,1869.43994140625,1885.8800048828125,1887.1099853515625,1858.550048828125
2020-01-15,1862.02001953125,1872.25,1878.8599853515625,1855.0899658203125
2020-01-16,1877.93994140625,1882.989990234375,1885.5899658203125,1866.02001953125
2020-01-17,1864.719970703125,1885.8900146484375,1886.6400146484375,1857.25
2020-01-21,1892.0,1865.0,1894.27001953125,1860.0
2020-01-22,1887.4599609375,1896.0899658203125,1902.5,1883.3399658203125
2020-01-23,1884.5799560546875,1885.1099853515625,1889.97998046875,1872.760009765625
2020-01-24,1861.6400146484375,1891.3699951171875,1894.989990234375,1847.43994140625
2020-01-27,1828.3399658203125,1820.0,1841.0,1815.3399658203125
2020-01-28,1853.25,1840.5,1858.1099853515625,1830.02001953125
2020-01-29,1858.0,1864.0,1874.75,1855.02001953125
2020-01-30,1870.6800537109375,1858.0,1872.8699951171875,1850.6099853515625
2020-01-31,2008.719970703125,2051.469970703125,2055.719970703125,2002.27001953125
2020-02-03,2004.199951171875,2010.5999755859375,2048.5,2000.25
2020-02-04,2049.669921875,2029.8800048828125,2059.800048828125,2015.3699951171875
2020-02-05,2039.8699951171875,2071.02001953125,2071.02001953125,2032.0
2020-02-06,2050.22998046875,2041.02001953125,2056.300048828125,2024.800048828125
2020-02-07,2079.280029296875,2041.989990234375,2098.530029296875,2038.0999755859375
2020-02-10,2133.909912109375,2085.010009765625,2135.60009765625,2084.9599609375
2020-02-11,2150.800048828125,2150.89990234375,2185.949951171875,2136.0
2020-02-12,2160.0,2163.199951171875,2180.25,2155.2900390625
2020-02-13,2149.8701171875,2144.989990234375,2170.280029296875,2142.0
2020-02-14,2134.8701171875,2155.679931640625,2159.0400390625,2125.889892578125
2020-02-18,2155.669921875,2125.02001953125,2166.070068359375,2124.110107421875
2020-02-19,2170.219970703125,2167.800048828125,2185.10009765625,2161.1201171875
2020-02-20,2153.10009765625,2173.070068359375,2176.7900390625,2127.449951171875
2020-02-21,2095.969970703125,2142.14990234375,2144.550048828125,2088.0
2020-02-24,2009.2900390625,2003.1800537109375,2039.300048828125,1987.969970703125
2020-02-25,1972.739990234375,2026.4200439453125,2034.5999755859375,1958.4200439453125
2020-02-26,1979.5899658203125,1970.280029296875,2014.6700439453125,1960.449951171875
2020-02-27,1884.300048828125,1934.3800048828125,1975.0,1882.760009765625
2020-02-28,1883.75,1814.6300048828125,1889.760009765625,1811.1300048828125
2020-03-02,1953.949951171875,1906.489990234375,1954.510009765625,1870.0
2020-03-03,1908.989990234375,1975.3699951171875,1996.3299560546875,1888.0899658203125
2020-03-04,1975.8299560546875,1946.5699462890625,1978.0,1922.0
2020-03-05,1924.030029296875,1933.0,1960.719970703125,1910.0
2020-03-06,1901.0899658203125,1875.0,1910.8699951171875,1869.5
2020-03-09,1800.6099853515625,1773.8599853515625,1862.77001953125,1761.2900390625
2020-03-10,1891.8199462890625,1870.8800048828125,1894.27001953125,1818.1700439453125
2020-03-11,1820.8599853515625,1857.8499755859375,1871.3199462890625,1801.5
2020-03-12,1676.6099853515625,1721.97998046875,1765.0,1675.0
2020-03-13,1785.0,1755.0,1786.31005859375,1680.6199951171875
2020-03-16,1689.1500244140625,1641.510009765625,1759.449951171875,1626.030029296875
2020-03-17,1807.8399658203125,1775.469970703125,1857.780029296875,1689.239990234375
2020-03-18,1830.0,1750.0,1841.6600341796875,1745.0
2020-03-19,1880.9300537109375,1860.0,1945.0,1832.6500244140625
2020-03-20,1846.0899658203125,1926.31005859375,1957.0,1820.72998046875
2020-03-23,1902.8299560546875,1827.75,1919.4000244140625,1812.0
2020-03-24,1940.0999755859375,1951.5,1955.0,1900.3399658203125
2020-03-25,1885.8399658203125,1920.68994140625,1950.260009765625,1885.780029296875
2020-03-26,1955.489990234375,1902.0,1956.489990234375,1889.2900390625
2020-03-27,1900.0999755859375,1930.8599853515625,1939.7900390625,1899.9200439453125
2020-03-30,1963.949951171875,1922.8299560546875,1973.6300048828125,1912.3399658203125
2020-03-31,1949.719970703125,1964.3499755859375,1993.02001953125,1944.010009765625
2020-04-01,1907.699951171875,1932.969970703125,1944.9599609375,1893.0
2020-04-02,1918.8299560546875,1901.6400146484375,1927.530029296875,1890.0
2020-04-03,1906.5899658203125,1911.1500244140625,1926.3299560546875,1889.1500244140625
2020-04-06,1997.5899658203125,1936.0,1998.52001953125,1930.02001953125
2020-04-07,2011.5999755859375,2017.1099853515625,2035.719970703125,1997.6199951171875
2020-04-08,2043.0,2021.0,2044.0,2011.1500244140625
2020-04-09,2042.760009765625,2044.300048828125,2053.0,2017.6600341796875
2020-04-13,2168.8701171875,2040.0,2180.0,2038.0
2020-04-14,2283.320068359375,2200.469970703125,2292.0,2186.2099609375
2020-04-15,2307.679931640625,2257.679931640625,2333.3701171875,2245.0
2020-04-16,2408.18994140625,2346.0,2461.0,2335.0
2020-04-17,2375.0,2372.330078125,2400.0,2316.02001953125
2020-04-20,2393.610107421875,2389.949951171875,2444.97998046875,2386.050048828125
2020-04-21,2328.1201171875,2416.610107421875,2428.31005859375,2279.659912109375
2020-04-22,2363.489990234375,2369.0,2394.0,2351.0
2020-04-23,2399.449951171875,2399.97998046875,2424.219970703125,2382.080078125
2020-04-24,2410.219970703125,2417.0,2420.429931640625,2382.0
2020-04-27,2376.0,2443.199951171875,2444.8798828125,2363.0
2020-04-28,2314.080078125,2372.10009765625,2373.5,2306.0
2020-04-29,2372.7099609375,2330.010009765625,2391.889892578125,2310.0
2020-04-30,2474.0,2419.840087890625,2475.0,2396.010009765625
2020-05-01,2286.0400390625,2336.800048828125,2362.43994140625,2258.18994140625
2020-05-04,2315.989990234375,2256.3798828125,2326.97998046875,2256.3798828125
2020-05-05,2317.800048828125,2340.0,2351.0,2307.1298828125
2020-05-06,2351.260009765625,2329.43994140625,2357.449951171875,2320.0
2020-05-07,2367.610107421875,2374.780029296875,2376.0,2343.110107421875
2020-05-08,2379.610107421875,2372.139892578125,2387.239990234375,2357.0
2020-05-11,2409.0,2374.699951171875,2419.669921875,2372.110107421875
2020-05-12,2356.949951171875,2411.85009765625,2419.0,2355.0
2020-05-13,2367.919921875,2366.800048828125,2407.699951171875,2337.800048828125
2020-05-14,2388.85009765625,2361.010009765625,2391.3701171875,2353.2099609375
2020-05-15,2409.780029296875,2368.52001953125,2411.0,2356.3701171875
2020-05-18,2426.260009765625,2404.35009765625,2433.0,2384.010009765625
2020-05-19,2449.330078125,2429.830078125,2485.0,2428.969970703125
2020-05-20,2497.93994140625,2477.8701171875,2500.010009765625,2467.27001953125
2020-05-21,2446.739990234375,2500.0,2525.449951171875,2442.5400390625
2020-05-22,2436.8798828125,2455.010009765625,2469.85009765625,2430.1298828125
2020-05-26,2421.860107421875,2458.0,2462.0,2414.06005859375
2020-05-27,2410.389892578125,2404.989990234375,2413.580078125,2330.0
2020-05-28,2401.10009765625,2384.330078125,2436.969970703125,2378.22998046875
2020-05-29,2442.3701171875,2415.93994140625,2442.3701171875,2398.199951171875
2020-06-01,2471.0400390625,2448.0,2476.929931640625,2444.169921875
2020-06-02,2472.409912109375,2467.0,2473.530029296875,2445.31005859375
2020-06-03,2478.39990234375,2468.010009765625,2488.0,2461.169921875
2020-06-04,2460.60009765625,2477.429931640625,2507.5400390625,2450.010009765625
2020-06-05,2483.0,2444.510009765625,2488.64990234375,2437.1298828125
2020-06-08,2524.06005859375,2500.199951171875,2530.0,2487.340087890625
2020-06-09,2600.860107421875,2529.43994140625,2626.429931640625,2525.0
2020-06-10,2647.449951171875,2645.0,2722.35009765625,2626.260009765625
2020-06-11,2557.9599609375,2603.5,2671.3798828125,2536.22998046875
2020-06-12,2545.02001953125,2601.2099609375,2621.47998046875,2503.35009765625
2020-06-15,2572.679931640625,2526.60009765625,2584.0,2508.0
2020-06-16,2615.27001953125,2620.0,2620.0,2576.0
2020-06-17,2640.97998046875,2647.5,2655.0,2631.820068359375
2020-06-18,2653.97998046875,2647.010009765625,2659.639892578125,2636.110107421875
