episode,steps,reward_0,reward_1,loss_0,loss_1,collisions_0,collisions_1
0,10,-0.147285681762235,-5.04515678620307,0.309463625338389,0.283462585491323,0,0
1,4,-12.7803710060271,-1.42992214548626,0.452043400251696,0.2690578494643,0,0
2,4,-3.51788704124433,-12.9679757561699,0.533211289538348,0.270830113385364,0,0
3,4,-13.7764567381479,-2.84500896120567,0.567922270232034,0.105341998356985,0,0
4,7,-2.04991489431978,-7.78012627425847,0.361124468343514,0.315341178580711,0,0
5,2,-1.29520959376325,-29.3966929992067,0.59665796427286,0.421305040625266,0,0
6,2,-0.835178606722409,-40.3894601124105,0.659206689465583,0.542486954175476,0,0
7,7,-7.43860383179764,-5.59348741379278,0.418807775868658,0.225698068561348,0,0
8,3,-19.4622570198045,-1.54844006205893,0.564808068558214,0.105815618794037,0,0
9,4,-5.18000715904249,-12.9956970149013,0.556611890985621,0.205553769453867,0,0
10,2,-2.66688317176323,-32.1007898700796,0.565480562712997,0.350849941981852,0,0
11,2,-1.74865462530993,-42.0132254534731,0.724604984396012,1.04750216713582,0,0
12,8,-0.520202561143855,-11.5055398465228,0.476749355763094,0.387938249891349,0,0
13,2,-0.430304493998168,-31.3593433192423,0.557723071112542,0.8991308022247,0,0
14,3,-16.9671771594167,-10.2960387783301,0.51574404790135,0.393904158731705,0,0
15,3,-22.4441776089874,-3.31022770359489,0.470080821188452,0.307682302283415,0,0
16,2,-11.4572084559507,-26.9827534193339,0.627597389316167,0.251962830509735,0,0
17,2,-30.816825719465,-13.4031552181773,0.60819192791798,0.214302949840476,0,0
18,2,-15.7418425909593,-32.3449369584002,0.705388183916449,0.807480159731274,0,0
19,5,-3.40069542488816,-16.6247816389027,0.501963126635077,0.500013921545006,0,0
20,1,-53.7176945334724,-16.3077825303184,0.896631988879506,0.577683675205158,0,0
21,3,-34.8018812594381,-5.20661109515884,0.650540012981584,0.31490749347616,0,0
22,2,-42.6921090846596,-2.31213709263893,0.707025150584993,0.248040435891791,0,0
23,8,-5.44306690300015,-6.80529046421007,0.376020835518215,0.444304816638167,0,0
24,4,-1.69372460493567,-14.5133109167105,0.494746426147379,0.595230933191182,0,0
25,5,-0.557856686166376,-13.0230774780782,0.456628451257726,0.240021847313925,0,0
26,7,-0.323046679709348,-8.9361271675326,0.432217763383039,0.130897369278106,0,0
27,6,-8.55223634925002,-1.32429262529031,0.39782404554467,0.143258674833848,0,0
28,7,-1.51854457390521,-7.37375573986021,0.452497537239223,0.221533015969595,0,0
29,6,-8.80728741050694,-1.00809597512063,0.431640319584551,0.132999515455334,0,0
30,9,-1.29919997727546,-5.51541559305661,0.453410835367017,0.118762735853453,0,0
31,6,-0.375018536005172,-9.45971655545321,0.397844738561026,0.284756445982285,0,0
32,2,-0.5618371932455,-31.1482079680495,0.621017927590008,1.13778145339838,0,0
33,8,56.1276477413674,-66.3676661931093,0.341486407737297,62.8244966871903,1,1
34,4,1.16837249271249,-16.6416577253169,0.503704169189228,15.9320108363128,1,1
35,1,-49.207982717425,-16.2653025151794,0.928475334541916,15.9804267915279,1,1
36,6,-8.30870435015958,-11.203890570216,0.443686676804295,3.03061520618056,1,1
37,5,-1.87056567638967,-12.313607364374,0.428477644797307,0.959367482744252,1,1
38,9,-0.433716677031365,-6.81883234441372,0.402903788393335,0.21246494576145,1,1
39,7,-7.4953779292434,-0.683557645248758,0.449605596686445,0.09816729887594,1,1
40,6,-9.65527682818285,-8.56688793948334,0.34760416130242,0.395904072204538,1,1
41,8,430.01842108985,-445.049906491744,187.607269414849,250.346081080225,8,8
42,8,53.6012542049664,-61.9809478167754,23.7671996591756,31.5254817318859,8,8
43,8,6.59586162385483,-14.157054004189,3.26227582483869,4.20696070551515,8,8
44,3,-14.6378810815786,-4.54918304519944,1.42504343288734,1.4915366321262,8,8
45,3,-5.22957727622988,-18.5246089140851,0.92095771389317,0.819831397708307,8,8
46,3,-18.5070017712172,-6.07772695888775,0.591334272717045,0.460482821514822,8,8
47,1,-18.8444953404188,-57.6485201384458,0.995315676539401,1.56219012888395,8,8
48,2,-34.5782484963006,-54.3556232170893,0.837351566937112,1.00880021500308,8,8
49,6,-5.92951257546004,-17.5741014261276,0.456947917771548,0.526633036100661,8,8
50,5,388.787443230574,-413.776660827891,100.242062856692,300.544804708959,12,12
51,2,169.22198197104,-206.716590769698,50.4438407521914,150.423472034078,12,12
52,3,39.478005501457,-68.6428751010098,17.1833292986782,50.2472179037507,12,12
53,1,-10.7036617175247,-68.461207882028,17.6006969320292,50.2472179037507,12,12
54,4,-15.3943826638796,-16.8968347360086,4.74667518943809,12.6898381978701,12,12
55,7,-9.51609552201476,-2.23979267796927,1.00742258021567,1.93444780933553,12,12
56,7,-8.68958041911358,-0.132689323741281,0.480356590566747,0.391836219562508,12,12
57,1,-8.84557454777787,-51.7193868098285,0.793612367445074,1.62517566688383,12,12
58,4,-2.43508548645964,-25.5255954939435,0.562050721880296,0.552762211635929,12,12
59,8,-6.73739239310084,-3.00769272944955,0.403370931753048,0.189740608882964,12,12
60,5,-1.57245996259032,-10.6227679855931,0.42755018290685,0.391636554833647,12,12
61,4,-0.726257595175411,-15.1105739261425,0.509163331995002,0.417546421873461,12,12
62,4,-12.9521751751397,-3.50703270518976,0.499876025111954,0.206361021235704,12,12
63,2,-6.57145721298488,-27.7172425108324,0.53339135877045,0.901037454521016,12,12
64,5,-11.5299687792104,-5.32777116555303,0.462013385928909,0.272725185591728,12,12
65,8,-1.59579526465821,-6.89063997088195,0.375993832406601,0.16832108831139,12,12
66,1,-1.76831418606493,-58.4490178186888,0.697271405773847,1.32224026001476,12,12
67,9,-5.94240117663603,-6.35949557082696,0.414110433719449,0.266996215520817,12,12
68,2,-3.15856028308117,-29.150621773313,0.567927700789766,0.572866474808572,12,12
69,3,-1.15120417898578,-27.0072281777041,0.47328342099746,1.00048150173718,12,12
70,1,-51.300150447968,-26.8582819087219,0.857930104348866,1.00048150173718,12,12
71,2,-50.9690790362115,-13.1101371421334,0.824730621151886,0.577002507618499,12,12
72,8,-6.5275443265145,-7.98586184996198,0.415595336065922,0.382658355845204,12,12
73,7,-8.16393097442373,-1.05226990793005,0.340776660303416,0.247503878207369,12,12
74,9,-6.80009744929042,-5.56837182068331,0.44241378685557,0.227155916349176,12,12
75,11,131.148724280757,-141.588829654389,45.7122416292314,91.2564252492447,15,15
76,1,80.6511227739319,-141.737482489312,46.1983419339958,91.267926451305,15,15
77,2,15.133965797135,-70.6771456548251,23.4624023415673,45.6877488032064,15,15
78,5,2.97449551590322,-24.3025925878084,4.95747089372191,9.31144788604554,15,15
79,7,0.294562198595784,-10.6846043883063,1.01418744077149,1.51744000428656,15,15
80,3,-0.073119323432015,-20.4616775088816,0.657758943393204,1.01702461064437,15,15
81,6,-0.294246203203322,-11.7854915001341,0.485052158137642,0.452059536166816,15,15
82,2,-25.3846455484317,-5.77638662446265,0.63639572722534,0.264526762225256,15,15
83,2,-37.8542703508976,-2.72624573554957,0.636013659221018,0.288131600039216,15,15
84,4,-9.59086266623233,-13.5352302950208,0.456938675568336,0.530266442024756,15,15
85,2,-30.0471813199099,-6.51586516071663,0.631724548475856,0.298788237725697,15,15
86,3,-27.0000451585019,-1.85430366837361,0.606340758024382,0.177710602575733,15,15
87,10,192.244576299771,-200.182811626646,100.226437035024,100.279537892353,19,19
88,1,192.100289038375,-251.604533877288,100.534290871094,101.488264396715,19,19
89,1,191.970971866435,-302.488031713923,100.899308457404,101.488264396715,19,19
90,6,23.3787499106786,-50.1315932185934,17.1945073351395,17.0095879246309,19,19
91,6,-4.57499659528954,-8.21714395602959,3.17038721302962,3.00144573087554,19,19
92,13,-0.50257559136333,-4.58523326648528,0.554822188671005,0.556528651789448,19,19
93,2,-0.366519734950906,-28.2280125789236,0.571047551541588,1.06478347384262,19,19
94,2,-0.393359181188773,-39.4460802988088,0.661385516958634,0.621697887409243,19,19
95,6,-0.199238458747485,-15.302887917494,0.419036331193852,0.387126599466776,19,19
96,4,-0.274197762244129,-16.6394860934109,0.46871176302573,0.404293272387281,19,19
97,4,-0.332087831711568,-16.7426887455389,0.483747788487472,0.480303716851803,19,19
98,1,-50.7369596551989,-16.3378169220516,0.922573168997869,0.514257273874895,19,19
99,3,-17.1531748802659,-22.9080064717431,0.687749608031132,0.627967334580029,19,19
100,2,-8.87999454695277,-38.1444340648059,0.781969530470708,0.955683106177596,19,19
101,3,-19.807689261061,-12.9180440362574,0.588411543762184,0.712486307883026,19,19
102,8,-8.81365095485188,-1.59379434544332,0.355962475565287,0.254319472064976,19,19
103,2,-29.6874830961545,-0.516239553993108,0.600618158766003,0.151288831102677,19,19
104,8,-10.1933444726017,-6.30801510772533,0.434688244362478,0.193978160557695,19,19
105,5,-12.3079034856831,-1.02291073602725,0.472337274273601,0.107820583476068,19,19
106,5,-12.5876029094704,-0.078559934871689,0.400424115680109,0.154358482312996,19,19
107,2,-31.5618114225002,0.228730000329177,0.614495562059796,0.1056025704266,19,19
108,3,-27.3501229412585,0.23909580053486,0.538037931387162,0.126987662294551,19,19
109,4,-19.7453728824018,0.467616097220905,0.574505433993468,0.063900719633125,19,19
110,2,465.103223810464,-499.907568737464,250.288421205734,250.381221457042,21,21
111,3,154.744530548638,-183.642237722585,83.8393094082914,83.7458533793123,21,21
112,8,138.055617415879,-154.409518365507,73.1742112957995,73.2215130746764,23,23
113,5,17.3942689969978,-30.6650491869234,14.9801216168703,14.7727274864677,23,23
114,9,1.67806820337486,-8.89790514929544,2.03515325108836,1.75649319333538,23,23
115,2,0.559996299485027,-29.9114268640661,1.43932484422493,1.10964261158642,23,23
116,1,-49.6092975149989,-30.6319332429535,1.8443190730781,1.10964261158642,23,23
117,6,-8.45858846888483,-13.5194453670133,0.636959312338621,0.526903968411025,23,23
118,1,-58.5728449702231,-13.4051888656749,0.986916228046158,0.526903968411025,23,23
119,11,-5.43060485721619,-5.82546802967621,0.381072483832899,0.273431013427589,23,23
120,8,-0.76819689682773,-7.10550745354132,0.331229691086733,0.275892993911011,23,23
121,4,-0.462894002934121,-14.5428230887149,0.452702029764679,0.47875612467081,23,23
122,9,-0.246620458978372,-7.17914533213934,0.389509127167134,0.240317146605658,23,23
123,8,-6.41741569835031,-0.862790557425209,0.353094135484193,0.2998425288218,23,23
124,6,-9.5402265190669,-0.006474523562356,0.369369119728504,0.183886546881387,23,23
125,3,-3.46267262696343,-16.9531012069156,0.498822533155725,0.542248176210149,23,23
126,9,110.683962091868,-118.684436934762,55.8150079729895,55.8583529271173,25,25
127,8,13.665586436201,-21.135667687989,7.30327208311246,7.19004387339211,25,25
128,2,6.54325903953012,-36.1314738741987,4.03145116280752,4.21920070110474,25,25
129,2,3.10662738354931,-44.3816711196102,2.33317382842642,3.32255730076325,25,25
130,2,1.46201108661272,-47.9121206946751,1.44769382821926,2.3936743966526,25,25
131,4,-12.2322497517262,-24.9419850846149,0.646692587062541,1.10542917578951,25,25
132,6,-2.10139958381734,-12.7056857432702,0.373764084431812,0.582932739267499,25,25
133,5,-0.521996473890178,-12.8681347870794,0.360907850234622,0.549832646242976,25,25
134,1,-0.864997610219036,-64.5259284191318,0.767154238572792,1.73567013339224,25,25
135,8,-0.266161238934176,-14.2890442208954,0.410229199864262,0.504596855220613,25,25
136,2,-0.333801006739316,-33.0716680017744,0.539906365738351,1.02842245045287,25,25
137,4,-0.228419935886586,-21.3590313873354,0.453515441376104,0.665633754759991,25,25
138,11,-0.153995595353133,-6.48829308460607,0.346722237394744,0.243286161044174,25,25
139,1,-0.253922474715806,-58.1860298988434,0.631900215806141,1.44492523703412,25,25
140,3,-17.0157775598189,-19.1308732313675,0.604971267870077,0.532942735242666,25,25
141,7,133.238156126304,-145.544820525045,71.7049164477095,71.685931551176,27,27
142,3,44.1276632978358,-66.029578968,24.2810024594599,24.5711468433145,27,27
143,8,5.44493154209185,-14.5614368429111,3.3088163929033,3.24459551895135,27,27
144,4,1.18317522210174,-16.2451077532802,1.15077082909179,1.22274499684189,27,27
145,1,1.14856140279043,-67.8527729314006,1.40294451367877,2.44737207478041,27,27
146,8,-0.023426612969451,-14.739603706154,0.494753500236482,0.59861210605559,27,27
147,4,-0.107534489326159,-16.4926205503893,0.409218861990464,0.591846318625385,27,27
148,7,-0.217066219656473,-9.47996257084991,0.393788790112883,0.373170342145977,27,27
149,2,-0.25063108239616,-31.1590594047407,0.527312807381263,0.828624729064996,27,27
150,3,-16.9062253972059,-10.2303380985064,0.504823971831149,0.370679437862154,27,27
151,4,-16.9529456281763,-2.3311952457518,0.475682835733751,0.215757423366699,27,27
152,2,-8.77373536186505,-26.7371929529607,0.621530732716692,0.767685747589902,27,27
153,5,-2.01624142042403,-15.4771044905672,0.490193553812535,0.50234089570149,27,27
154,3,-0.781788235417,-22.3178170736473,0.464939426934891,0.506810166431754,27,27
155,7,-0.303679410910413,-10.2901461435045,0.397192282239749,0.362203235151366,27,27
156,4,-0.324453380541387,-15.2037355993729,0.457910102053368,0.484885590371822,27,27
157,1,-50.6690766791067,-14.8591123008075,0.865930042609671,0.548282232362781,27,27
158,2,-50.6346088918706,-7.24192426992878,0.868621585796316,0.291876921171026,27,27
159,6,-16.9145904878566,-1.06483170577667,0.453162774139592,0.214882990823918,27,27
160,1,-17.251781522171,-52.6689319612254,0.85623474084207,1.392489282344,27,27
161,6,-3.03578338794304,-17.2146651703115,0.457166451390659,0.576888289007401,27,27
162,6,-0.859451776061153,-11.148813694417,0.487442586936319,0.336950786758294,27,27
163,8,124.851905936406,-132.855707083027,62.7565790653503,62.8303034583248,29,29
164,3,24.623285694317,-43.9578860765239,21.3193810055575,21.0166061853973,29,29
165,3,7.98836740091367,-32.0493968160867,7.47373202149744,7.41878922672056,29,29
166,10,200.762276229001,-208.39224976733,50.9514426592857,151.089061116849,33,33
167,5,39.8926338439646,-51.76835902189,10.5548683749103,30.5375166927647,33,33
168,2,-5.25836158972222,-25.7071236453613,5.64966797047816,15.3184634105162,33,33
169,10,-0.722442701238343,-7.5744370805841,0.898703845968419,1.78874549790693,33,33
170,7,-0.265181672644438,-8.37238577724543,0.444358052047655,0.59233149321213,33,33
171,4,-12.773743284412,-1.88564857806042,0.451622416311139,0.281167910351321,33,33
172,3,-21.0763712026534,-0.476759418170751,0.463470845564071,0.254862569061409,33,33
173,10,-2.29165377091179,-5.07099432330595,0.379295746655954,0.233505214761733,33,33
174,4,-0.811869021437979,-13.8961677832173,0.448910074058894,0.440077527168981,33,33
175,8,-0.180487911144048,-8.11123862707309,0.330646267182576,0.388504581140244,33,33
176,6,-8.65222985999616,-1.14156414297266,0.436264639423771,0.19634560691088,33,33
177,6,-9.93285140232979,-0.032780931498346,0.388185652296816,0.190719387880904,33,33
178,10,-1.09671240169327,-5.06227654214577,0.325147434124921,0.31520091443881,33,33
179,3,-0.526809310252262,-18.5597430073813,0.441222424624913,0.23049032354771,33,33
180,6,-0.239680900749588,-11.7102806513907,0.392262742544287,0.335118898220896,33,33
181,1,-50.3718226847646,-12.220703595992,0.76010494092857,0.335118898220896,33,33
182,3,-33.6477152405186,-3.88312685306692,0.603376946416235,0.192707115126852,33,33
183,9,-9.44626273787171,-0.310499338892341,0.379339662602624,0.202655975593937,33,33
184,3,-3.46525604004896,-17.2208198313207,0.55213444318048,0.392239520194515,33,33
185,2,-26.8165023701999,-8.52653556548486,0.567783181321302,0.286111162468237,33,33
186,6,-4.73793525392573,-9.85969950408322,0.47704139136474,0.282065714097525,33,33
187,9,-0.707672346205343,-6.66160244871326,0.379055513343375,0.307446370450718,33,33
188,7,-0.402000310987766,-8.43463566917114,0.451806510668016,0.367203164932885,33,33
189,1,-50.7225867431536,-8.11404923700531,0.84718294797735,0.441993170076388,33,33
190,7,-7.48969381637088,-8.26520464416291,0.48794364943692,0.208501791437631,33,33
191,12,-0.679036300691991,-4.89047537656087,0.305286634281348,0.213422820809077,33,33
192,2,-25.5364705603639,-2.24828527826249,0.487997052319336,0.245112735565255,33,33
193,8,-9.60266418821691,-0.367973332518766,0.377734208966274,0.304572174421065,33,33
194,2,-5.04556078183752,-25.949457442523,0.546313542547052,0.89735888977944,33,33
195,4,-13.9770086845408,-6.27174587154931,0.480728410360944,0.352871258087601,33,33
196,3,-4.77298441210643,-19.0047233674707,0.451245979468662,0.647342107569329,33,33
197,7,-0.770783152673126,-10.0252626660342,0.343280021979506,0.452369598127353,33,33
198,2,-0.524620779050911,-31.2369204640332,0.477900775724435,1.1233978475534,33,33
199,3,-17.1411747900981,-10.1126722909299,0.543758165771734,0.459289325966894,33,33
200,6,-11.2484032277812,-10.1310477434155,0.356291507567866,0.454482395860892,33,33
201,4,-3.01335241265511,-15.3468536580318,0.439984610987739,0.409416684417332,33,33
202,4,-13.4993972847279,-3.59065423294388,0.470100266760688,0.216399103554008,33,33
203,3,-4.81870717105809,-18.315138294451,0.550806834550784,0.601588498695935,33,33
204,7,-7.95995095732732,-2.48774125203111,0.379345161007606,0.257892608709319,33,33
205,7,-1.2938713709699,-7.55054690054987,0.374434634529171,0.21422310988026,33,33
206,9,-0.398815731908257,-6.25082937675461,0.404552600866335,0.243075485932194,33,33
207,6,-0.370699578758026,-9.47357189619316,0.455504265448587,0.380306551020873,33,33
208,5,-0.243768838451225,-12.0549752834569,0.41122125090302,0.459678867525728,33,33
209,2,-25.3538468845608,-5.79552517639328,0.55765082254484,0.349917165521043,33,33
210,2,-12.7860093944316,-28.8649062282301,0.567769602740672,0.968219593098816,33,33
211,2,-6.68036043623302,-39.6523207216975,0.66231738237874,1.08240998514025,33,33
212,7,-1.07395606614773,-12.9773054403476,0.389176848332939,0.506407368256993,33,33
213,8,-0.35901980301885,-7.78919839482666,0.4039676145482,0.177678931867564,33,33
214,2,-0.328577347444387,-29.8007514122565,0.537077343752995,0.53210371261463,33,33
215,6,-0.225716514115457,-13.4068952264691,0.409253838038149,0.43216089744448,33,33
216,7,-0.124645777990701,-9.23191469474697,0.339650035495804,0.421515182234533,33,33
217,1,-0.455075714798441,-60.3711838865695,0.739554673088797,1.51960794444952,33,33
218,3,-0.205769942204466,-37.88557443147,0.514869276233572,1.07113099767925,33,33
219,1,-0.484896588855202,-89.6001432291069,0.889217317597334,2.23378168750004,33,33
220,3,-17.1041331076616,-29.5908801649924,0.697530921917887,0.791317995719186,33,33
221,4,-17.0182403732214,-7.15551294494209,0.532824047998664,0.314063720142968,33,33
222,6,-3.03992636992683,-10.448713774147,0.424984466900903,0.810902047385853,33,33
223,5,-10.9312947752032,-1.76643325361154,0.482946745204736,0.236820760083873,33,33
224,5,-12.4484506334733,-0.091094972289604,0.46423927817678,0.152822402719903,33,33
225,4,-3.43756781987655,-12.6936632384358,0.513319538184438,0.415747419576437,33,33
226,2,-1.78270220390745,-32.2489490504165,0.53484232539457,0.696360497138964,33,33
227,4,-0.585497358810659,-20.7139019018963,0.44932132119733,0.316611770734862,33,33
228,1,-50.7070490612049,-20.5923501995021,0.746863964444202,0.492602711587522,33,33
229,2,-25.6679322817935,-35.6403386770663,0.818864845690724,0.397527452428407,33,33
230,1,-75.8185903718214,-35.4896805870384,1.13056943792393,0.558573954633724,33,33
231,9,-8.48885978136222,-9.64957286453557,0.395593802287019,0.325517775005819,33,33
232,8,-1.22868698393468,-7.41784933192475,0.367626477909011,0.320519698356663,33,33
233,2,-25.7407193914109,-3.58254876651883,0.503498827058709,0.235719330654376,33,33
234,8,-3.31604235640949,-6.83168273614991,0.351409774550628,0.281916373050906,33,33
235,2,-27.0448331897796,-3.02902935650007,0.604861716730095,0.183303004405352,33,33
236,10,-2.9609723965638,-5.32547179504684,0.43132199621628,0.188499140923977,33,33
237,1,-3.01279637517536,-58.287169514462,0.691857284918578,2.16793308679139,33,33
238,6,-8.99204787017841,-9.55794644476116,0.436496892311052,0.486644315912466,33,33
239,8,117.579715991242,-126.241779603538,62.7536340110321,62.746153695148,35,35
240,6,19.3392106248639,-30.1689323607517,10.8230343264506,11.098083843655,35,35
241,4,4.63091391205572,-20.2298686215265,3.05798033071233,2.98130634896297,35,35
242,5,-9.35422252138051,-4.31030431701874,0.988633504314513,0.962412762775028,35,35
243,2,-29.9251100878639,-1.90715333133572,0.895228629428143,0.516269224300132,35,35
244,7,138.544411403718,-150.952131115023,71.7401254170021,72.1591171463159,37,37
245,3,29.3377978771078,-50.1403711142091,24.2391658150327,24.2018238006722,37,37
246,2,14.4458673458732,-51.0906009610028,12.5041031199696,12.6409072250082,37,37
247,3,4.77012513517114,-34.3352198897281,4.43080989040679,4.62581601964231,37,37
248,3,-15.287100182614,-11.234598068905,1.83866402529997,1.61462403591769,37,37
249,3,-22.0637632771079,-3.44346947339841,0.999624230738051,0.623547684707376,37,37
250,5,-4.55530862555146,-10.9974057493136,0.515168653735711,0.446335838726792,37,37
251,4,-13.823010650243,-2.5651679434733,0.457399405601815,0.256007707994471,37,37
252,5,-3.12598327495467,-10.5923117398053,0.5073353763597,0.358451469392781,37,37
253,5,-10.9172476840638,-2.79115534955254,0.499116913106706,0.585791854385618,37,37
254,3,-20.7550427372246,-0.933652148226864,0.627810108896088,0.367021850575423,37,37
255,3,-7.20082851854117,-17.3035618794767,0.584733605819898,0.598089773168699,37,37
256,8,-7.21852784495832,-8.61759664593544,0.343732564802763,0.427807967894649,37,37
257,3,-19.279076229293,-2.66629860100493,0.473909423523233,0.217134138790572,37,37
258,1,-19.4830228272355,-53.5295104905402,0.913556435835015,0.217134138790572,37,37
259,7,-2.96867899046925,-14.8301307904507,0.465983051897459,0.223267273388853,37,37
260,2,-26.5776531385127,-7.32175175194727,0.530735614556478,0.198213874839458,37,37
261,3,-9.06519699432628,-19.5964019757886,0.536432797369236,0.423495673202067,37,37
262,5,-1.96527624961915,-14.1394162338962,0.427632425408451,0.357446062882957,37,37
263,3,-17.6666215896669,-4.36827590483824,0.585089629160262,0.138264530401509,37,37
264,6,-11.6133449942638,-0.39247125482041,0.501665918663452,0.09162033955103,37,37
265,5,-2.38070734225762,-10.6401793900179,0.368404087914953,0.42511032471432,37,37
266,3,-17.7127824794932,-3.42817959528919,0.509850939010638,0.214639429758652,37,37
267,1,-17.8809009993198,-55.0046139189634,0.829057907956625,1.44213534449747,37,37
268,6,-11.5367434738893,-8.9441756791579,0.495779041631235,0.335415237990505,37,37
269,6,-10.3447687272179,-1.40205113162331,0.366654593880037,0.211999075975369,37,37
270,3,-20.3430358253399,-0.239237460940528,0.494546048650286,0.136314488291743,37,37
271,4,-5.25872172808139,-12.8198476846168,0.458188581199922,0.294052686967039,37,37
272,3,-2.07915622753138,-21.1298564942926,0.550712506021152,0.546175724786195,37,37
273,5,-0.687287132076554,-14.1560684330278,0.496757785055088,0.177254459363973,37,37
274,9,-0.176380176690069,-7.26306743734488,0.340514163486192,0.341702702994227,37,37
275,11,-0.084727492621344,-5.45004787132745,0.302626253423711,0.327437902365649,37,37
276,4,-0.239972528725226,-14.9030059947363,0.419755881428736,0.939733309251263,37,37
277,4,-0.294148918343857,-16.2477577887922,0.474588965015293,0.311502432216066,37,37
278,7,-0.265415432527449,-10.1962914736549,0.41458443007219,0.71940820934948,37,37
279,2,-0.33264805221525,-30.7218394035754,0.576393192910862,0.685034593545616,37,37
280,7,-7.4296019851062,-4.14961050857817,0.446680436773908,0.189305457164961,37,37
281,2,-4.05211847059217,-28.3288626592209,0.683959659791905,0.575686263540443,37,37
282,4,-1.39476468859039,-19.6018292685704,0.596357701548023,0.466977345687151,37,37
283,3,-0.696694753012407,-23.7414555389129,0.573855943644329,0.382373081899603,37,37
284,4,-0.510621848291265,-18.4714652989595,0.547037102222665,0.437721525831629,37,37
285,7,-0.207376008853589,-9.85427258131813,0.386177139060388,0.250607085572724,37,37
286,4,-12.9149149669945,-2.77714842705082,0.539647298381112,0.310410895338284,37,37
287,4,-3.43581107500253,-13.5621115268301,0.473362426266365,0.54834291041862,37,37
288,6,-9.1420733071621,-2.02424712647666,0.433587101197519,0.209979053894546,37,37
289,2,-4.73859047341512,-26.8504740620939,0.56421139455651,0.557089429010895,37,37
290,5,-11.1184916783695,-5.19932122873234,0.435157667311541,0.262959690515978,37,37
291,4,-15.602097190179,-1.07758867184574,0.528886037163709,0.104437168785887,37,37
292,3,-5.29407074998836,-17.6048893157775,0.458510769889153,0.632002190946399,37,37
293,3,-1.95426574647086,-22.845733963262,0.50235988412633,0.448092290096555,37,37
294,4,-13.1883673983286,-5.51163252910466,0.461228763381329,0.247860903163047,37,37
295,6,-2.33569124267253,-9.28127631926704,0.38001349049131,0.373789744871195,37,37
296,8,-6.64757254812147,-1.05454839712097,0.339544391828781,0.203692729042704,37,37
297,7,-8.27081489873824,0.027654763703609,0.380037308036637,0.148653905150702,37,37
298,1,-58.3135754007314,0.070415265696724,0.638215263132021,0.364071358252971,37,37
299,3,-36.3821199533863,0.301066575041442,0.588282961038886,0.219306839603335,37,37
300,3,-12.3899908671013,-17.1603419629465,0.589459461583041,0.47749561094293,37,37
301,4,-15.6597219994535,-4.44151862467144,0.414903339743207,0.538345511017989,37,37
302,8,-8.36915024577888,-0.393504832236732,0.369684826765738,0.223430102327888,37,37
303,6,-9.80294392029718,0.009168073961242,0.336146392987421,0.237018392913749,37,37
304,4,-2.60597793482717,-12.8187858617344,0.396174949736631,0.517031029300307,37,37
305,7,-0.526082715557361,-8.97298627761325,0.368962460671164,0.384254712025879,37,37
306,6,-8.56549526209225,-1.35101623676952,0.370906213800609,0.228973446193701,37,37
307,5,-11.8393671636975,-0.143935136074832,0.379956269321546,0.178161521647246,37,37
308,4,-3.2078684733437,-13.5134352061752,0.472491961295999,0.626020637996682,37,37
309,2,-1.85776455853872,-33.402214445185,0.641276773817823,0.906286302432995,37,37
310,4,-0.65872350974543,-20.9169792578262,0.491443956585005,0.624121985268763,37,37
311,3,-17.0318295049518,-6.82673808423877,0.473802327487232,0.372440002011857,37,37
312,1,-17.3140125450512,-58.1744070768781,0.850208563624312,1.4716488595517,37,37
313,2,-33.8235545672176,-28.920655243747,0.771936115579963,0.798257761667056,37,37
314,2,-42.0322951997943,-14.339809705688,0.681755434504628,0.574398341362668,37,37
315,2,-21.42168297708,-33.272346353925,0.779167160202349,1.16047313440589,37,37
316,4,-5.67708631577159,-20.7596098250635,0.61449826559432,0.336405596595816,37,37
317,1,-5.75678017214032,-71.6943753911597,0.929892536332282,0.336405596595816,37,37
318,4,-1.49994127843868,-30.8122071375199,0.503075832514419,0.389906489485388,37,37
319,5,-0.508324611415045,-16.15601719667,0.440578096541771,0.411519997102012,37,37
320,7,-0.19675193721571,-9.57795282535447,0.359520304272727,0.396624167173764,37,37
321,1,-50.2896992918271,-9.48500547074309,0.688168073253336,0.396624167173764,37,37
322,2,-50.4643308083395,-4.4230215729456,0.739936621965739,0.274683506500004,37,37
323,2,-50.3237707697902,-2.11990542085238,0.666875558965934,0.224793428428032,37,37
324,3,-16.9029979180458,-17.8495435529266,0.535343603089757,0.398639635848736,37,37
325,5,-13.5995179826025,-3.35099031159201,0.453611838548697,0.207352646107179,37,37
326,4,-3.69783642340656,-13.2937234229977,0.519649090680293,0.101202261221663,37,37
327,8,61.9951644252004,-70.553738409175,0.321634456006965,62.8662259667315,38,38
328,3,3.70469820564309,-23.2242228669679,0.490584894448123,21.0450921285993,38,38
329,8,-5.92658977407596,-2.76335080858965,0.368029836667966,2.79766619115551,38,38
330,6,-1.19399102390142,-8.81463176361274,0.398733192204947,0.77982862292153,38,38
331,7,-0.292391618016631,-8.89964543754172,0.358531544472482,0.479324729970896,38,38
332,4,-12.6291423092452,-2.35382680372738,0.354030384746518,0.513144125463072,38,38
333,2,-6.54227905956754,-26.7302150985251,0.525661945695815,0.934691636274694,38,38
334,1,-6.65442699105756,-78.5269613211424,0.816358603328829,2.21908543686214,38,38
335,7,-1.02705575891229,-18.5928516864732,0.393568458202548,0.603221034413365,38,38
336,2,-25.7046707418256,-9.10528298086717,0.529547139660849,0.443230565396823,38,38
337,9,-8.50310312909059,-0.920225062319714,0.342939282388935,0.215686570319713,38,38
338,1,-58.8737404623986,-0.549587729011683,0.765051787386624,0.26716174200937,38,38
339,6,-18.3183316145101,-0.844573744878864,0.457482882044123,0.53799600720857,38,38
340,3,-23.078273113601,-0.021357556591818,0.57137618368012,0.236815620379162,38,38
341,8,-9.22718054236328,0.089726708589179,0.354739815494744,0.220523341918968,38,38
342,2,-29.8706596553361,0.301932738449014,0.584324117152291,0.142296289025361,38,38
343,4,-7.64607145552686,-12.7436916766367,0.470231760563759,0.480986092410707,38,38
344,4,-14.673404729665,-4.26462728366352,0.485742341654551,0.951901261047101,38,38
345,2,-32.5211527833665,-1.94786322329781,0.601432127733096,0.532210961710805,38,38
346,9,-3.69736339793322,-5.86932573597789,0.346870570960342,0.287701973578726,38,38
347,4,-1.15589677420105,-14.2496590443119,0.454842229066508,0.36861403536433,38,38
348,1,-51.4744351161736,-14.3224530651523,0.849132295268184,0.83569812240641,38,38
349,2,-25.8416373010693,-33.2348324907493,0.730005608859729,0.96815512698804,38,38
350,1,-26.1091710792757,-84.9568990576729,1.09826519679375,2.18942217895533,38,38
351,3,-25.6105546910485,-28.078135354601,0.74619042955924,0.790511620866737,38,38
352,1,-25.744351460393,-79.6611625215106,1.04826354010873,2.03029259585141,38,38
353,9,-2.95826795754503,-14.5116656266398,0.404060217165098,0.462572992717065,38,38
354,1,-53.3327440018338,-14.137189582351,0.827723165366167,0.511759896629361,38,38
355,3,-17.9265196626033,-21.5634868573023,0.584966350318074,0.664068923924484,38,38
356,3,-22.7890733949653,-7.04092877833652,0.505466012702185,0.384933363140059,38,38
357,3,-7.81026849327875,-19.5207534905605,0.509606553135584,0.677734115601684,38,38
358,1,-8.16695024738931,-70.7824730729151,0.922643202255579,1.78833957972297,38,38
359,4,-14.6931395505462,-17.5442162795299,0.552842843357699,0.558939845433317,38,38
360,8,-1.90527379633895,-8.54376943877409,0.33942785651514,0.410814953027026,38,38
361,2,-26.2450959115134,-3.9794257060431,0.552534294140429,0.29576882905243,38,38
362,9,-8.63745130045795,-0.305786851842973,0.384946646278437,0.164454238271174,38,38
363,7,-8.44676191701595,-7.27696065188896,0.326228091526778,0.377002911293934,38,38
364,2,-4.44835185763603,-29.4480227851898,0.510424157378339,0.915808998240192,38,38
365,6,-9.32976180106416,-4.65296730607348,0.448961914442838,0.261489563128324,38,38
366,7,-1.49960727964148,-7.83218952742843,0.38968069456407,0.206993758475662,38,38
367,4,-0.551357401680738,-14.6975185022115,0.434160088729309,0.311068010883674,38,38
368,2,-0.573631448254703,-34.3790333345124,0.651294308398183,1.02517775138814,38,38
369,3,-0.322765778590358,-28.6585299401462,0.531787918749339,0.728398444847848,38,38
370,1,-0.469364402877759,-79.8279547345304,0.914086957405975,0.728398444847848,38,38
371,7,-7.31693828829214,-11.334645906288,0.423884246645621,0.256656740632107,38,38
372,7,-1.21898788717683,-8.88091653653391,0.389934874555601,0.278245240006777,38,38
373,4,-0.51439900881033,-14.9827685814744,0.436795259288778,0.50040429361026,38,38
374,8,-6.488566101456,-1.69857984732958,0.378299544181218,0.211984448116695,38,38
375,3,-2.36258799488089,-17.7075058314993,0.481969122900263,0.424985398137483,38,38
376,1,-2.73059368195824,-68.8214052992601,0.900621920516448,1.50633494234127,38,38
377,5,-10.8477548492491,-13.4626449469946,0.583370465159099,0.355736873792812,38,38
378,9,-6.93831474287034,-1.31839634560118,0.394717123334214,0.165782474187602,38,38
379,4,-1.89507806709665,-12.934833404765,0.413502119904121,0.453435714704514,38,38
380,6,-0.421963794403781,-10.6232405364424,0.356919405341979,0.434748629549862,38,38
381,8,-0.130078060827944,-7.63212431638659,0.317551117268386,0.381499019625654,38,38
382,6,-8.58371489579314,-1.04331883374261,0.403236537927603,0.185192635998663,38,38
383,2,220.685498034026,-250.499014898793,250.204287847444,0.202790735611641,39,39
384,7,31.4693816323155,-43.1955988184545,36.0103265041366,0.347289355916441,39,39
385,10,2.91234054195717,-9.2936755556684,3.95349878761644,0.286529817988531,39,39
386,9,0.092694667023207,-6.52292809362745,0.797074717577327,0.177676651248876,39,39
387,10,-0.152532716192489,-5.7300360974085,0.400825352549224,0.246690240149707,39,39
388,4,-12.9147344404199,-14.4357831623971,0.524930635427793,0.621546720917684,39,39
389,1,-63.1076809256589,-14.2428366771581,0.953577535036039,0.621546720917684,39,39
390,4,-28.4493185510666,-3.41174896088603,0.572584903491856,0.281691887966452,39,39
391,2,-14.6436386081071,-26.8332736202783,0.731020581774666,0.682339326764128,39,39
392,1,-14.7914137564169,-77.752033879704,1.11449614445371,0.682339326764128,39,39
393,8,-1.90506179570324,-16.1124807657008,0.405293425699933,0.320688076588225,39,39
394,2,-26.1973684122124,-7.81140286848959,0.601418400564759,0.196428004463461,39,39
395,2,-13.3039696423383,-29.8803747543481,0.673416794170275,0.560107498654779,39,39
396,5,-2.76268978080982,-16.2336112134814,0.427157099217145,0.375610843010414,39,39
397,5,-0.7061538328112,-13.2989790897406,0.406465815564482,0.195400604800053,39,39
398,4,-12.8874653822605,-3.11381784837743,0.457729569461193,0.135111239120064,39,39
399,8,-7.91133342872731,-0.345750074212234,0.317843105805276,0.227115558567889,39,39
400,1,-8.05657894897648,-51.4259739150181,0.698789040423681,0.227115558567889,39,39
401,9,-1.05096455156346,-11.2870255464578,0.395995669482051,0.208101659054767,39,39
402,7,-0.390545129785092,-8.96137309599366,0.412215726837474,0.393190512922793,39,39
403,6,-0.298105470611565,-9.96571345350146,0.431708614198574,0.31638777140727,39,39
404,3,-0.259700689689677,-20.3795422275454,0.475829906946967,0.36887485785084,39,39
405,4,-0.281640524259368,-17.6309941525272,0.478681386132199,0.17630216842891,39,39
406,3,-17.0043850248242,-5.63315986743804,0.518382055790206,0.17375079981808,39,39
407,9,-2.12351747963497,-6.14058163746099,0.410263003777552,0.261960277868231,39,39
408,5,-0.495975479976843,-11.3613524415072,0.352726027503887,0.456301596337,39,39
409,4,-0.330645924617132,-15.6342655742498,0.426643395232219,0.545980614779849,39,39
410,6,-8.50860428569285,-2.72131352691472,0.367435708753839,0.430046788790676,39,39
411,4,-14.8124779773831,-0.495001475768744,0.433618784646505,0.205019545103471,39,39
412,2,-7.53903037991458,-25.9369691532457,0.540915192996991,0.483940065189286,39,39
413,4,-14.6722553306307,-6.19674455265936,0.515799649340347,0.214058131736345,39,39
414,3,-5.03060455254671,-19.162083947421,0.476502784349353,0.642147882689045,39,39
415,3,-1.89845197032491,-23.4840273672686,0.503671619609488,0.74662406459403,39,39
416,2,-1.09584478056729,-37.578710298246,0.559653946815129,1.09211246945473,39,39
417,2,-0.811621979119605,-44.5468868482824,0.645791514904306,1.21247406985298,39,39
418,2,-0.535846504284993,-48.4054605292136,0.645320381770475,1.11128144798176,39,39
419,7,-7.35220009322742,-6.78227234012952,0.395431061663087,0.329203478506562,39,39
420,3,-19.4745908200116,-2.17358377911665,0.581862241436996,0.192370680663923,39,39
421,4,-17.6285265281666,-0.28351712161544,0.529433454478667,0.113256637529368,39,39
422,2,-9.16217253942702,-25.7587776525342,0.673568446910049,0.724770276048629,39,39
423,8,-1.24778172084481,-9.54874340782282,0.370638203797835,0.415993589453047,39,39
424,2,-25.8260417408322,-30.6889595597027,0.555751182934371,0.718517216746659,39,39
425,2,-13.3944327707082,-40.401423427914,0.753672404037321,0.85726605949816,39,39
426,4,-16.2188109725844,-9.86712371489474,0.635568729260372,0.232339259625937,39,39
427,5,-3.3335458281814,-12.2375156125828,0.412789831573872,0.315556155312385,39,39
428,6,-9.08816625856118,-1.84034398156618,0.405434993558459,0.189987426983927,39,39
429,1,-9.13202175767173,-52.8145571159361,0.684990907038243,0.189987426983927,39,39
430,5,-1.89548061190469,-20.7956525002939,0.406885208078707,0.45044651249815,39,39
431,4,-0.620754762969258,-18.691598935381,0.410610114738605,0.865700980691023,39,39
432,4,-12.9624661149865,-4.42167839547451,0.493426685498232,0.299921977742183,39,39
433,5,-12.7100751924458,-0.766753709646364,0.399464732524002,0.196041738650408,39,39
434,5,-2.84844727243911,-10.1913071954823,0.468075778769068,0.357508267313572,39,39
435,7,206.706451130089,-223.125219697042,71.675514604326,143.297224654207,42,42
436,2,78.2395653736319,-111.448949657108,36.1491190711758,71.728463697519,42,42
437,5,5.36436414583185,-22.0062410025271,7.60877271530715,14.4410927116813,42,42
438,8,-5.64737592360922,-9.17416212186464,1.22184642338144,2.15147021442459,42,42
439,5,-1.34202326429244,-12.1138942360625,0.598243708127004,0.71945288821577,42,42
440,3,-17.4061951025826,-3.74577739753566,0.610281863399336,0.279930770820685,42,42
441,11,84.7250630693543,-95.8819187246484,45.7296253963375,45.7900421282688,44,44
442,6,14.002880725943,-24.5323541553035,7.91522930289829,8.01401032337986,44,44
443,11,1.13547383959385,-6.76262947050225,1.02743665655049,0.904590586774921,44,44
444,7,-7.1407822308867,-0.845054455777647,0.463624104535711,0.28593902945338,44,44
445,4,-1.98343971813513,-12.8478390553391,0.465151215112375,0.234278199460298,44,44
446,2,-1.18402454926128,-32.1480905684079,0.563739840499565,0.898078842683958,44,44
447,1,-1.54504278169566,-83.2796051771484,0.97867071335493,1.98451161327948,44,44
448,2,-1.02705201834765,-67.6512086335054,0.894521768822037,1.45731607895541,44,44
449,2,-0.838968337490577,-59.2373922364548,0.8442698585953,1.32696087996966,44,44
450,3,-0.645506175395641,-36.5435951054569,0.736806281282531,0.575430302403146,44,44
451,3,-17.2261078964795,-11.8369258638047,0.687755273961425,0.211123971530954,44,44
452,5,-3.61973512626677,-12.397715119853,0.470163909126004,0.15318401879519,44,44
453,2,-26.9691804365081,-6.03954468655174,0.551301686122261,0.233498867582116,44,44
454,1,-77.0198018247328,-5.98892329832705,0.837623488716183,0.233498867582116,44,44
455,2,-63.7967213134496,-3.4790905519935,0.798179677099826,0.620021617406172,44,44
456,2,-32.2263103118662,-27.1704285570202,0.798257884878138,0.914303824512806,44,44
457,2,-16.1977050061126,-39.6522380177714,0.691467072157256,1.00240140810694,44,44
458,4,-4.3962210583584,-23.5793585466099,0.606850770309274,0.847234449100308,44,44
459,3,-1.64160446401609,-24.6949631270916,0.524664381156285,0.77330255230824,44,44
460,5,-0.567024644751029,-15.1175074519998,0.473492634555141,0.403294821036974,44,44
461,6,-0.308669987217325,-10.8281361487064,0.43160970803899,0.182036955573309,44,44
462,4,-0.240937569583303,-15.3072260422489,0.425337064635692,0.463135881591596,44,44
463,2,-25.4113254047192,-7.60146202032043,0.6421702194871,0.252362800852922,44,44
464,3,-25.3408083173573,-2.3301208243226,0.572102574842038,0.159900114723359,44,44
465,5,-5.291438909152,-10.4429001102714,0.474493412469948,0.121635591891814,44,44
466,2,-27.8252795880787,-5.04188992163297,0.592515171136889,0.118675920160495,44,44
467,4,-19.6505248484817,-2.31930337981502,0.494791131680042,0.656101115146792,44,44
468,3,-23.310814289718,-0.679128453047619,0.456900885954336,0.338131402096121,44,44
469,2,-11.8273790836308,-25.7150313427916,0.548576750864899,0.833146059939899,44,44
470,8,-7.93855497950126,-3.00452109191266,0.410650906760359,0.236089476347334,44,44
471,1,-8.0275005415584,-54.3651184836003,0.689940852991719,1.45161759004618,44,44
472,8,-1.10502156451631,-13.1013592664901,0.376415028082163,0.370979299836699,44,44
473,2,-0.64377600771861,-33.0791534889075,0.484903612565047,0.793571471096131,44,44
474,5,-10.3984431175057,-6.34614278181957,0.46822843411955,0.260274089863831,44,44
475,5,-12.275159246939,-1.07375793292604,0.43783941634187,0.153637841179003,44,44
476,6,-2.24076740730262,-8.89876497742896,0.415226702559353,0.290873680926863,44,44
477,1,-2.42035702787224,-59.7760551777134,0.830516737498202,0.290873680926863,44,44
478,4,-0.711605171074908,-27.5994251555526,0.496057640603817,0.516558237585249,44,44
479,9,-5.81820439672584,-2.93327505577588,0.388171231844443,0.180678541083841,44,44
480,3,-2.23093357295593,-18.1405902062802,0.509990080670466,0.610267763925966,44,44
481,2,-26.3138148263825,-8.87194706323555,0.590826913331458,0.44261771505467,44,44
482,6,-4.53640034658154,-9.99558294589704,0.416480536374028,0.334944546534529,44,44
483,3,-18.4870028663691,-3.02365823112375,0.529308230713215,0.193926816591449,44,44
484,2,-34.5248266643221,-1.23050388442437,0.642123872098708,0.193107933900321,44,44
485,9,-3.93431602443856,-5.82453558060385,0.356737777663166,0.345309424101291,44,44
486,9,-0.702267259246446,-6.15447572063025,0.408061911996856,0.272786582577574,44,44
487,9,-0.203588656593128,-6.30208233964508,0.347546670280802,0.239418924402098,44,44
488,4,-12.8069164034687,-1.41806231475487,0.468751816403664,0.126775537021235,44,44
489,7,-2.05450394328084,-7.32286382750278,0.42406987161235,0.168232570807347,44,44
490,6,-0.623137268299389,-9.6413163740366,0.459748595191853,0.257892527142547,44,44
491,7,-7.33937521388347,-1.26983244930738,0.359000410789785,0.188993880603577,44,44
492,2,-28.8285311668989,-0.476072664696558,0.521160476169397,0.159463443934542,44,44
493,3,-26.4555831632118,0.020715219346709,0.49968766824411,0.199715883253597,44,44
494,7,-11.2450109237657,0.325744074642076,0.480640820978725,0.081331463477643,44,44
495,5,-12.5278210661746,0.343967696349838,0.486602099384731,0.080781263589245,44,44
496,3,-4.42626863957894,-16.6925665038328,0.521745151091028,0.490058840599569,44,44
497,5,-11.0834311963766,-3.14033583230574,0.440100388152303,0.235585657593197,44,44
498,1,-11.1767890652698,-54.0780872891324,0.769158671414717,0.235585657593197,44,44
499,2,-5.92434026595451,-53.5704915446677,0.787646614095107,1.27778961457479,44,44
500,5,-1.31384289064605,-20.7875878724381,0.465024934334284,0.386938614101227,44,44
501,6,-0.40845209539276,-11.983500214085,0.416732953483193,0.302856247855812,44,44
502,4,-0.288389621672671,-15.7387152960038,0.431887570945915,0.489120473529519,44,44
503,11,-0.134848827481743,-5.95879186919872,0.332210140931656,0.207354232530552,44,44
504,5,-0.230736949512266,-11.2622239488921,0.415490077404198,0.194878611711836,44,44
505,5,-0.302121747618377,-12.2010680342735,0.445404426355425,0.349905377711976,44,44
506,9,-0.247058433030286,-6.90663432880732,0.392055437366844,0.302731011108289,44,44
507,4,-0.195165698275551,-14.6418203383631,0.400090933128531,0.545186578727095,44,44
508,1,-0.462362844554012,-66.4820013824694,0.768537386120166,1.78870972334417,44,44
509,2,-0.434704782501629,-58.6296311191755,0.755735869616608,1.02742394046441,44,44
510,2,-0.266793833604582,-55.5402737544149,0.646670219472884,1.0515133099256,44,44
511,1,-0.510175677020714,-107.264218447477,1.00294120702443,2.280871892803,44,44
512,1,-50.7056781095782,-107.468760053127,1.33699024462087,2.76944051694546,44,44
513,5,-10.437870440048,-31.4501876171143,0.668195602541374,0.645364859872761,44,44
514,3,-20.4341194572216,-10.1952332284992,0.631411574797054,0.257071878578853,44,44
515,9,-7.89297106800013,-1.16030761038255,0.341084734985888,0.206344705500666,44,44
516,7,-8.369698177244,-0.066484491096384,0.338207078898106,0.18601327653206,44,44
517,5,-1.93697240654865,-10.0344861747585,0.449489534556246,0.187670535191337,44,44
518,1,-2.13722080553406,-60.8392022120757,0.885438347910897,0.187670535191337,44,44
519,3,-17.5558670498651,-20.1029406226715,0.619967060021603,0.210584341094648,44,44
520,7,-2.69470335484768,-10.0342648732182,0.424906552426992,0.200226709262841,44,44
521,1,-2.82980546215067,-61.6148263797988,0.727662463362815,1.43918038804656,44,44
522,7,-0.641522997967409,-16.1384167962803,0.467299346197916,0.459125625171969,44,44
523,3,-17.0287993078988,-5.23118062351714,0.480143052213644,0.250560031838949,44,44
524,6,-11.4577866511239,-0.585543337445447,0.459507971628475,0.13492403509195,44,44
525,4,-3.02049919761904,-12.8937042380719,0.439582205682304,0.263433796822962,44,44
526,5,-0.734014303241468,-12.769900581155,0.387158966527741,0.453832260897707,44,44
527,4,-13.0089216857105,-3.29804521033694,0.518335839750858,0.342924730020606,44,44
528,4,-3.30133702569293,-13.8128977893105,0.3935834795372,0.482570092195459,44,44
529,3,-18.0456147248506,-4.33930029624471,0.506894777521887,0.271558014882531,44,44
530,3,-6.15996123437995,-18.5790008727666,0.49151645233252,0.416996334809105,44,44
531,4,-1.74071092968551,-17.5858066070478,0.47336484013406,0.475654080876806,44,44
532,2,-1.10782652432451,-35.1585430324999,0.630732664663866,0.974038933837129,44,44
533,6,-0.302000425115682,-14.3750440771826,0.398841655268871,0.538190389870702,44,44
534,2,-25.3872842604904,-7.09772236527431,0.554636288072482,0.388026607440846,44,44
535,3,-8.73843236298618,-19.1378460339456,0.586365012422325,0.203453464108234,44,44
536,3,-19.8172472813513,-6.14151218429259,0.573775431079369,0.129801616495653,44,44
537,3,-6.95128061450078,-18.7498630143996,0.599950333743365,0.456265876715517,44,44
538,2,-28.8435473956016,-9.00702441884856,0.720727178573152,0.280977861707977,44,44
539,5,-16.0504267978556,-1.95783582150135,0.521770736521606,0.389272623734701,44,44
540,4,-4.27085746434724,-13.0795646409055,0.494943377821792,0.459436904340079,44,44
541,5,-10.9752682153125,-2.49481620573801,0.396667991778908,0.268469974639482,44,44
542,8,-7.83653271201602,-0.207109909900166,0.400169204608905,0.140057715568371,44,44
543,6,-1.49228030546459,-8.61290301418401,0.4039867321762,0.298720937198614,44,44
544,5,-10.5289698103929,-1.49206685353681,0.43336713925257,0.181800230957063,44,44
545,2,-5.49703493843361,-26.6251538379734,0.568739190931895,0.864271252527668,44,44
546,2,-27.9785007895953,-13.0825935986082,0.635977496819499,0.553760207238868,44,44
547,5,-5.82013270990045,-12.7213027531049,0.473763385932945,0.462796387177925,44,44
548,4,-1.7020221605302,-15.8561200748267,0.495357936521105,0.323195481195489,44,44
549,4,-13.1909642116655,-3.69857134717377,0.511243226522214,0.143818837565589,44,44
550,2,-31.8288820105352,-1.61588576888436,0.646760504831468,0.111798198466016,44,44
551,7,-4.81309272632784,-7.46086172597363,0.471329405377098,0.248661571929804,44,44
552,1,-5.11608488471222,-58.8125426180902,0.857580946643778,1.39250330134843,44,44
553,3,-1.92070341726636,-36.5534627322025,0.628865014626276,0.946986918659992,44,44
554,1,-52.075561435787,-36.3986047136818,0.94223827099621,1.1055021565093,44,44
555,11,-4.86916504437478,-7.98294744266623,0.389300488122947,0.404797655834372,44,44
556,9,-0.618270847914211,-6.52619364706892,0.319447427559106,0.265830394698317,44,44
557,6,-8.54665885881943,-1.11910613310639,0.34912484723358,0.190624888528183,44,44
558,6,-1.65043978177732,-8.49903083652965,0.406839908107228,0.32772926352046,44,44
559,4,-0.679797988991186,-14.8879985149463,0.490346010913972,0.359905235035887,44,44
560,4,-0.242269412207474,-17.5089105738423,0.39981619528919,0.811535203249688,44,44
561,8,-0.176860381294566,-8.87062818723635,0.358780791137623,0.610958959747557,44,44
562,9,-0.140676618361667,-6.55011620956584,0.336394692137722,0.363206825523253,44,44
563,2,-0.461829727275473,-29.4961540764744,0.599423799463992,1.04533939297184,44,44
564,4,-0.279816187741649,-19.9882811835592,0.479569269219285,0.381419956675409,44,44
565,2,-25.5155151433938,-9.81279614289973,0.663516901027172,0.335966495553819,44,44
566,3,-8.64874177756184,-20.7038514133286,0.543025155974669,0.549983557551026,44,44
567,10,94.0774026793768,-107.200127372349,50.2701766274647,50.3781038551689,46,46
568,5,18.5962255782059,-31.525400205514,10.4117108607716,10.2425110470293,46,46
569,7,281.201198052548,-290.287743266241,144.453340726632,144.510039169491,50,50
570,6,46.6469547222262,-56.7416365574339,24.4314072929254,24.2392420256219,50,50
571,6,7.47076589898719,-17.7229269450017,4.45884720641428,4.30466381440032,50,50
572,5,-8.80728089961141,-3.41393927291368,1.29493889903806,0.91552805835258,50,50
573,6,-1.69646839293897,-8.8863454949657,0.576058929677792,0.288532330665448,50,50
574,2,-1.04432985207726,-30.2630274792881,0.654581300035321,0.591462175691766,50,50
575,3,-17.3526231292514,-10.4478751739389,0.656570082500031,0.509546237404382,50,50
576,9,-2.08284578564736,-6.72711705468408,0.390590671869757,0.237320033952631,50,50
577,4,-13.2461332188753,-1.45635749120752,0.462075667599065,0.139411132063973,50,50
578,1,-63.282559142879,-1.47018680814879,0.717597681649836,0.408762463056011,50,50
579,3,-21.2227423213052,-17.375209949367,0.538426374357869,0.653962314810691,50,50
580,6,-12.0951179810119,-2.67120739743349,0.447855235231669,0.203166895451258,50,50
581,8,-7.91150061021557,-0.1842900620901,0.371422693867363,0.16176323700957,50,50
582,5,-1.70539521051988,-10.2511842504271,0.370865528603357,0.440868783974117,50,50
583,4,-0.807232356773055,-15.0900564376113,0.517975183192581,0.459062790361928,50,50
584,5,-0.295134351364238,-13.2287871490167,0.404649095073244,0.49392462701937,50,50
585,4,-12.7446675892527,-3.1363127858425,0.423399136624148,0.274834018199013,50,50
586,8,-1.70558909579766,-6.69465954658275,0.343700975214136,0.34062139701814,50,50
587,4,-0.556111805810484,-14.8681637350832,0.396021469751386,0.501309888369578,50,50
588,2,-0.51717109524598,-32.8751352783228,0.551925207443938,0.904502986643529,50,50
589,3,-16.869431529141,-11.1630787425588,0.43801339253726,0.446598016755054,50,50
590,4,-4.46823812967673,-15.554557656602,0.469082254318253,0.523107462678173,50,50
591,6,-0.793499894080908,-11.5595050566232,0.337398839624195,0.684938340772816,50,50
592,10,-0.221675162200296,-6.14251268664107,0.344513396683133,0.232095856552662,50,50
593,9,-5.69993121776038,-0.562756320999768,0.334860049869681,0.20262412345039,50,50
594,9,-0.876376916760579,-5.4927513199242,0.401763147206893,0.117830105665409,50,50
595,6,-0.333390377743266,-9.71604072130094,0.404910730624959,0.371023366176448,50,50
596,8,-0.101962543196363,-7.59768510472161,0.317208923904967,0.392223537468034,50,50
597,4,-12.7115140301296,-1.71339788184993,0.408812353333128,0.241542612393427,50,50
598,5,-12.6109366786435,-0.274045703752375,0.355353974800326,0.206126071120927,50,50
599,5,-12.7008228567309,0.123826380251731,0.406137144183617,0.150515959571685,50,50
600,6,-2.32626626744414,-8.37276437376567,0.406760252003243,0.345495357009719,50,50
601,5,-0.587882971625413,-11.8649606278665,0.385435338978862,0.28661645386305,50,50
602,6,-0.289389272237534,-10.4850908439993,0.404448652955017,0.32138640241568,50,50
603,5,-10.2535993643684,-2.60810507391918,0.42527894758832,0.43711075094633,50,50
604,2,-5.25004664953263,-27.0233018209875,0.530642006195788,0.584934977816682,50,50
605,1,-5.26989097900213,-78.0109632483774,0.786186750034514,0.584934977816682,50,50
606,8,118.04672223661,-141.320295230318,62.7949527141901,62.9987253049657,52,52
607,1,67.7090941793465,-140.982667173054,63.2000863529302,63.0662308864423,52,52
608,3,5.60200013453053,-63.9480147233939,21.4830124742067,21.2590642440888,52,52
609,8,0.617311710507123,-14.310494276089,2.96575210722761,2.84037894664581,52,52
610,2,0.211887507622214,-32.7990877906013,1.7657851518321,2.12108891166904,52,52
611,7,-0.031344541842307,-11.9281399768463,0.517613553877869,0.660058676547002,52,52
612,3,-16.9739440815518,-3.67921742467774,0.586293315622317,0.258378984117917,52,52
613,2,-8.54520755458524,-27.5047577004824,0.567558414973046,0.419111247209237,52,52
614,1,-58.8049740154015,-27.2449912396662,0.933681321671659,0.525467693091595,52,52
615,3,-19.9605257041814,-25.9742604211742,0.725133494061261,0.623442066657529,52,52
616,6,-3.4007724904994,-12.821238622553,0.397110622625827,0.318816768425638,52,52
617,4,-1.12737140653746,-15.7685981500874,0.472497808385568,0.453477350679969,52,52
618,2,-25.6811492185094,-7.76683555980303,0.530917737975596,0.403943993882102,52,52
619,5,-15.4642057926572,-1.67994030372681,0.507092120943102,0.350995993529838,52,52
620,3,-5.41614305310786,-17.633204645962,0.534544012337605,0.626355030128497,52,52
621,4,-1.3822650213236,-17.1606962723932,0.385510789839934,0.34153949700223,52,52
622,6,-8.7304918576383,-2.69333502464784,0.38402013109879,0.209910561541475,52,52
623,4,-14.936158154409,-0.419798566162529,0.459697963195763,0.162635380807004,52,52
624,6,-2.76094604621524,-8.49874769639034,0.460590410047263,0.256379747748283,52,52
625,7,-0.505759425508733,-8.39788642739159,0.356203216835794,0.36737422503331,52,52
626,2,-25.493518916481,-3.95830400996917,0.534852190122646,0.299798490494775,52,52
627,1,-75.7083361415463,-3.74348678490391,0.876933987484186,0.427063062791059,52,52
628,4,-19.0295920497648,-13.8603658608845,0.513794831693603,0.453210573531525,52,52
629,2,-34.6176869904975,-8.03905212976497,0.561242490721298,0.71412924381982,52,52
630,8,-4.66644695609361,-7.1405845139141,0.486835682510462,0.214391954686527,52,52
631,5,-1.21043474605634,-12.025444192219,0.471292353689469,0.729704644206951,52,52
632,3,-0.463231238468107,-21.0261731760905,0.421671285737875,0.789959713500034,52,52
633,6,-0.301072735016494,-11.9753794649073,0.416864840566271,0.455123792309311,52,52
634,2,-0.375035355674571,-31.8266887015341,0.59395939290247,0.630596951048951,52,52
635,4,-12.7437325042184,-7.80669851008376,0.469942191289902,0.270202811934432,52,52
636,3,-4.43362058194803,-19.418824944016,0.483670349106653,0.567015996642867,52,52
637,5,-1.02621891087203,-13.9944853683956,0.401968587535468,0.489174516325161,52,52
638,5,-10.2535686973953,-13.1486115548705,0.340534337892837,0.654983767499251,52,52
639,6,-1.77271493977446,-10.8095985599078,0.322985070605881,0.517403718549907,52,52
640,9,-5.96309391540719,-6.71706605721424,0.383105647714962,0.211938696018486,52,52
641,4,-1.7246583567688,-14.4690056000912,0.446816795203525,0.483368487563638,52,52
642,3,-17.3700965898199,-4.80716226209602,0.461754561790603,0.26682785022388,52,52
643,8,-2.26357420858858,-6.97840533478114,0.342723570098617,0.273516770200775,52,52
644,6,-0.549169230635593,-9.52288003166674,0.386549949087168,0.192429000085718,52,52
645,1,-0.777577479341522,-61.3060898149646,0.735233522832192,1.43728246488255,52,52
646,10,-0.157434371318076,-11.2722055912794,0.351400658440956,0.406536692601208,52,52
647,5,-0.115992403816411,-12.376322614773,0.352860201791988,0.232241796197395,52,52
648,5,-0.23499351711411,-12.5919487880393,0.42408396153344,0.256458238536143,52,52
649,10,-5.2295317016987,-6.1812071200308,0.381620399549811,0.268354321410727,52,52
650,4,486.171711244702,-501.726721437678,250.095973577012,250.235175357179,56,56
651,1,435.69156717395,-501.246577366927,250.572171498956,250.239121505987,56,56
652,3,145.194404803624,-184.425648611005,83.7814539342755,83.8524386984278,56,56
653,3,48.1149646133439,-78.8658815017279,28.3329093541618,28.3205521168087,56,56
654,2,23.7999157794095,-64.8414602570539,14.529368773806,14.802179263398,56,56
655,5,-5.54112043529365,-12.6742608484504,3.30886643908112,3.01518486295012,56,56
656,6,-1.03816651883045,-10.6204558349216,0.849867983154977,0.741540018737906,56,56
657,5,-10.2657488985694,-2.06597557218101,0.436793653457706,0.309872382897131,56,56
658,6,-10.2878756335203,-8.60869466392509,0.441454495352873,0.137433397439135,56,56
659,2,-5.33923868858965,-29.9861832776303,0.5865403744289,0.439189592295884,56,56
660,5,-1.21744652638877,-16.0800863158175,0.436219608950253,0.235414283505304,56,56
661,9,-0.248740241538899,-7.37987018952044,0.34447466209892,0.210024117256191,56,56
662,1,-0.574146384451277,-59.1681500985671,0.743065149577921,1.42665585818835,56,56
663,12,-0.183487328150317,-9.31701911216037,0.365253539038849,0.459547136104277,56,56
664,1,-0.41828483304586,-60.8961401256556,0.717677006493374,1.59631019427585,56,56
665,9,-5.83185322170441,-6.53641621815131,0.430810680078299,0.298615016243703,56,56
666,3,-2.32500399688817,-19.1367900407336,0.568910476619266,0.547157832713947,56,56
667,5,-0.677271071353616,-13.8233909117471,0.4541604823803,0.445842857199569,56,56
668,4,-0.42363633993442,-15.9811354756185,0.475170460198763,0.470160874981844,56,56
669,8,-6.41297299051375,-1.88762348643037,0.351475885314707,0.24083123914065,56,56
670,6,-9.62031066434085,-0.096455415149834,0.413192797834852,0.137320121822409,56,56
671,2,-5.13802518659383,-25.8590965060385,0.606119619390052,0.811953676264686,56,56
672,6,-9.30200048594847,-13.0121207015562,0.398158253457746,0.4173326785118,56,56
673,4,-14.997709640208,-3.08082065666812,0.433464394456679,0.207123378406958,56,56
674,4,-16.5470328246167,-0.472599749602379,0.49389469092891,0.139704022351827,56,56
675,2,-33.5675236309343,0.057707343824802,0.630680890934689,0.159578338020157,56,56
676,5,-16.9731557137556,0.271192456333698,0.506140110924366,0.105128529898875,56,56
677,2,-8.68824960098164,-25.8263613751138,0.623097073530341,0.584284936746669,56,56
678,4,-2.3562286282348,-19.1333692304024,0.496788318145429,0.343845829379282,56,56
679,10,-5.33315502911004,-1.89768568914289,0.336912327609677,0.200515871009584,56,56
680,3,-1.96973666907603,-18.3526962797188,0.445413061623792,0.867034321750674,56,56
681,8,-0.328358090115615,-8.66418155669291,0.335211801899552,0.33569747518162,56,56
682,2,-25.306445939288,-4.18982388411622,0.475406639467961,0.333382581878763,56,56
683,3,-25.3467396261315,-1.1520169816699,0.517300372375148,0.225368040143239,56,56
684,2,-37.8485395635344,-0.400838740366301,0.583179644711224,0.262043728126622,56,56
685,9,-4.49858248773426,-5.43552215162839,0.447360396145548,0.237860336778883,56,56
686,4,-1.31060587575435,-14.0508227081187,0.439771440238496,0.466760313259323,56,56
687,7,-0.369856884752078,-9.21948949958601,0.389739330563622,0.370325000197333,56,56
688,10,-0.163623481981806,-5.98582863701859,0.337304171408452,0.329152783440212,56,56
689,3,-0.245208399733341,-19.2929866608232,0.462664417298522,0.49481718277976,56,56
690,7,-0.296721556446223,-9.86749361038418,0.442796559340552,0.216654766715576,56,56
691,11,136.295655496336,-141.895246410247,91.1169584457586,45.6873961068883,59,59
692,4,33.9010118086868,-48.2895197270206,23.1011460330349,11.8449004213394,59,59
693,4,8.44816940591666,-25.0727500732001,6.02659038096686,3.36297437856322,59,59
694,2,-20.9374533871969,-12.3748369464448,3.35660343460245,1.74540713606079,59,59
695,8,-2.74981895413158,-7.91579505484773,0.721162910643475,0.540552953769568,59,59
696,3,-17.8037010978415,-2.41817023848498,0.587160649655253,0.306529217566351,59,59
697,1,-17.9563842023749,-54.1966149985606,0.898542781735022,1.5043717939549,59,59
698,7,-10.0229724123177,-14.8481944220395,0.52124696998236,0.497815744527071,59,59
699,2,-30.1889017959295,-7.24668162124909,0.585682066082469,0.396550863584155,59,59
700,1,-30.4437396254128,-58.9447178218108,0.947556643293992,1.56385517362354,59,59
701,6,-13.6178637420377,-9.61354583249962,0.499631878576138,0.391774495828874,59,59
702,5,-3.01910751950505,-11.8856018486053,0.482355702188713,0.373929660277279,59,59
703,5,-0.779222303513055,-12.522023865709,0.429883450368267,0.274263195716024,59,59
704,2,-25.4746168527914,-6.17600623181964,0.493484249344861,0.33066842098387,59,59
705,7,-3.80909062255212,-8.0444683405594,0.390187952190565,0.341855385178331,59,59
706,4,-1.1868875642775,-14.5741876129823,0.44974338349984,0.464838049084916,59,59
707,1,-51.3324278822421,-14.4286472950177,0.830984115833663,0.464838049084916,59,59
708,4,-25.5451325523766,-3.3951362419383,0.564413652850798,0.201926450755175,59,59
709,3,-8.69935906380961,-18.2767713065722,0.534641139979542,0.354353046989521,59,59
710,1,-58.766818390276,-18.2093119801058,0.837800880815132,0.354353046989521,59,59
711,1,-108.965272197051,-18.0108581733309,1.27195510195923,0.354353046989521,59,59
712,2,-54.6892472969115,-34.6220909793745,0.974291668574088,0.823346067914319,59,59
713,7,-7.87049965627646,-12.2467490997475,0.403749302022157,0.487595523875863,59,59
714,6,-1.37424099826729,-10.4939558854494,0.334182806286625,0.461103625122146,59,59
715,4,-13.0738257697756,-2.3932234511536,0.450645184194794,0.193184765102625,59,59
716,8,-1.77023012572678,-6.6927969788274,0.364451421399756,0.287771024508725,59,59
717,5,-0.555018233532263,-11.4424071678329,0.420336096821788,0.234612367128636,59,59
718,6,-8.55053683353499,-1.78236740002587,0.373686396458988,0.178748577835645,59,59
719,9,221.228991861523,-228.08964999044,111.302390184593,111.3605031055,63,63
720,2,85.3826963617874,-113.958577473852,56.0413440225115,55.7207507068065,63,63
721,6,5.60819085755525,-18.7522051816702,9.72156637882518,9.37920895679834,63,63
722,5,0.891761293976546,-13.8863219898708,2.29361675925511,2.22297252401458,63,63
723,10,-5.77276206713169E-05,-6.49133970456369,0.509654716734869,0.524983781634437,63,63
724,8,-6.47881550397981,-7.14597733858675,0.421420117081458,0.286119935597955,63,63
725,2,-28.4973264825239,-3.31506993875937,0.618421430215471,0.175002401755101,63,63
726,3,-9.73066027299701,-18.2306624429776,0.556311228238372,0.586354144113584,63,63
727,5,-2.10900328035189,-13.723093310944,0.427055784373856,0.484978907598412,63,63
728,4,-13.3243955365044,-3.13362861131959,0.492246365197894,0.209582429587624,63,63
729,1,-63.5005790431633,-2.95744510466065,0.81723116876023,0.35838372649102,63,63
730,5,-12.9140756596656,-11.3623097812221,0.505382543334127,0.722090895015525,63,63
731,6,-2.35827037204914,-10.3067965202695,0.432420160740855,0.312208246440758,63,63
732,7,-7.79450207449151,-1.39603125224345,0.455423653439377,0.240125738227512,63,63
733,2,-28.9998200294636,-0.595446633903875,0.514972463039689,0.304754513215905,63,63
734,3,-26.386163576967,-0.145591977488793,0.438967082130169,0.237437393586665,63,63
735,3,-25.6075618612362,0.096976676417638,0.469195369959081,0.177944666740933,63,63
736,2,-13.0716429767911,-25.5331944684161,0.649063484500011,0.361778586054924,63,63
737,9,-1.51873356423563,-8.46181727312668,0.343189106234516,0.236784397675752,63,63
738,1,-1.56401637289137,-59.418480415421,0.624172329259481,0.236784397675752,63,63
739,4,-13.1231685977957,-14.6224555992824,0.509284460430215,0.18027297296139,63,63
740,4,-15.9882122832152,-3.44819376605433,0.481551610256169,0.132953501030398,63,63
741,1,-16.2433198318284,-55.1240927064136,0.844180320505914,1.35033049974101,63,63
742,3,-22.4809041127322,-17.9749000666818,0.718177333147361,0.487096557436323,63,63
743,4,-18.1987283641042,-4.4152226807493,0.459977525675111,0.264779892233889,63,63
744,7,-2.67570319644429,-7.84230367261366,0.338385688252887,0.379200744553615,63,63
745,1,-2.8781851800876,-58.6630354918221,0.776568086265427,0.379200744553615,63,63
746,2,-1.74737406459313,-54.7450328896343,0.776659948814538,0.816168989392658,63,63
747,8,-0.359706866568619,-13.135857940865,0.408140751537002,0.287296560098977,63,63
748,1,-0.77187270653772,-64.5488499798466,0.849236278451234,1.33726782420979,63,63
749,8,-0.199560961873809,-14.4370188501434,0.39307963569059,0.497012941458129,63,63
750,2,-25.3508802539048,-6.96740965210383,0.59968777918709,0.282704451918362,63,63
751,3,-8.55663346749792,-19.6076641145115,0.487515832036075,0.689916689430929,63,63
752,7,-1.54716673390438,-9.94038864186222,0.480322862773869,0.291478110384516,63,63
753,8,-6.59624815406629,-1.08969626790454,0.377382297195462,0.171461839022397,63,63
754,3,-19.0509430283411,-0.519732776084958,0.473054956069056,0.157949436787188,63,63
755,1,-19.3974528896575,-52.2539613022767,0.880778314911488,1.35649132892206,63,63
756,2,-34.8203698839584,-53.0412050046407,0.735826232172071,1.89149832428469,63,63
757,8,-10.893316776397,-6.4514790977404,0.473176268270779,0.438963751945178,63,63
758,3,-20.5626589284508,-1.88560636292836,0.552323446333039,0.197465799782983,63,63
759,3,-7.05406806448638,-18.3575714225762,0.518246906193601,0.950132589322052,63,63
760,8,-0.993229315717233,-8.62308233713077,0.359939256421287,0.321324495013261,63,63
761,5,-10.3021559232285,-1.62110640734111,0.365077645590491,0.20670455034999,63,63
762,4,-15.122064618962,-13.2947468224826,0.353621129116616,0.347918219501742,63,63
763,8,-2.04818643952749,-7.90545728895754,0.364084378763883,0.191981510414432,63,63
764,2,-1.09920473411871,-29.5755745905242,0.467843648480917,0.378741662699141,63,63
765,6,-8.73603858879164,-4.70975796531551,0.424405570916624,0.190050773514478,63,63
766,2,-29.4045685643227,-2.31832971273085,0.472109553675582,0.200532677862986,63,63
767,1,-79.5725243309831,-2.15037394607048,0.791623089791774,0.35209044731881,63,63
768,7,-11.5027698513474,-7.59990706847581,0.416556911806494,0.391559461806052,63,63
769,4,-3.09459575730026,-14.458854832496,0.447883218877761,0.489837393656986,63,63
770,1,-53.3874782790788,-14.1659723107175,0.830243248790682,0.579314901791416,63,63
771,3,-34.7160603243711,-4.46842320556103,0.640710584424801,0.303500237413563,63,63
772,2,-42.7314166328266,-2.11032597070242,0.74312719105074,0.325885966185551,63,63
773,7,-6.26051704271546,-7.62394733182989,0.418634784216284,0.461884180121141,63,63
774,9,-6.32298498821612,-6.47220636802994,0.319060646145516,0.370137862824318,63,63
775,4,-1.67977257625954,-14.5319421690728,0.363426259025264,0.695266011546235,63,63
776,3,-17.5121217938131,-4.69471285674076,0.52793864436694,0.321491939745796,63,63
777,2,-9.07457649243795,-29.4642344918568,0.71195999562935,1.08104591509171,63,63
778,9,-1.28305747481787,-8.8534882662794,0.460497408318849,0.31620161213567,63,63
779,6,-0.386230995538834,-9.93000789225209,0.39720483495089,0.391289305798537,63,63
780,3,-17.1100505906524,-3.73559021055509,0.556655853486173,0.45756808228376,63,63
781,3,-5.9046481129473,-18.347866514507,0.542147482703185,0.419228614645524,63,63
782,2,-28.1361395773774,-8.99011773634973,0.599136116159313,0.353861161226714,63,63
783,8,-9.91064120454749,-0.980140959668405,0.382905559258427,0.208622432516541,63,63
784,1,-60.0857600409845,-0.805022123231377,0.79372481006469,0.208622432516541,63,63
785,4,-27.8501718789222,0.015616359050812,0.621890453520013,0.087957886864605,63,63
786,8,-3.65862118132723,-6.29031658696182,0.400901546650312,0.301482640932855,63,63
787,6,-0.887862057866874,-9.35362629434998,0.440514271168762,0.324227227732248,63,63
788,10,-5.28726500431732,-5.8761561847529,0.378791583661251,0.273950130709312,63,63
789,2,-2.77559016954527,-28.6280135467226,0.489577660119931,0.869871964349756,63,63
790,3,-1.22986587516161,-26.4893167993424,0.549985234087781,0.765955465452054,63,63
791,1,-1.6623187399544,-77.5876202704123,1.00140432928878,1.82400131811009,63,63
792,6,-0.379732891542056,-21.3452135187258,0.45861826532096,0.459243945704906,63,63
793,3,-16.9456088916195,-6.96270657846981,0.479848300742715,0.24912546164215,63,63
794,3,-22.6514642132795,-2.03632639904533,0.597413538802187,0.105677871572545,63,63
795,5,-4.74551432935016,-10.6041515851765,0.474826857721833,0.258973442293634,63,63
796,6,-9.2830994107624,-1.60851157499204,0.395286909305891,0.200464317530488,63,63
797,4,-14.8669454256569,-13.1089788123037,0.361018770785942,0.207217446283488,63,63
798,7,-9.48071633067985,-1.65870141760024,0.395096005898057,0.159114546811699,63,63
799,7,-8.62411291898208,-0.110089616486506,0.356489759724084,0.19591039382679,63,63
800,9,54.5565984870281,-61.2786542150248,0.295813499196653,55.9237516083489,64,64
801,5,10.7808474150767,-22.6402543700459,0.367489503340562,11.5067120475052,64,64
802,7,1.41675762897649,-10.5537946126885,0.35470797309575,1.910108001168,64,64
803,8,0.047588597686368,-7.58406789429886,0.343295345708637,0.542001254455162,64,64
804,4,-12.7361471188963,-1.64797270525682,0.463402160486278,0.206109265762706,64,64
805,5,-2.69194281177535,-10.5217165184815,0.409028847457367,0.269321816352755,64,64
806,1,-3.07871415221911,-62.1152230285888,0.837460760747846,1.3760533071068,64,64
807,4,-1.02383819512263,-28.0975610208671,0.590332520946766,0.474146367073587,64,64
808,4,-0.470950807835237,-19.5594262089398,0.489329772058747,0.49531918731351,64,64
809,4,-12.7686512522748,-4.74564462075191,0.444211359328748,0.235870059234146,64,64
810,1,-62.970369937973,-4.5439259350537,0.780998846958121,0.370938861165313,64,64
811,1,-63.1257748698201,-55.4617580756333,1.17210419317442,0.370938861165313,64,64
812,5,-22.7778980947369,-10.9396084943538,0.555080424145702,0.194964154097156,64,64
813,9,-2.75820595233131,-6.8359450915491,0.417802398454916,0.223065262407937,64,64
814,5,-10.6248502790744,-1.29397992970169,0.356863614627533,0.244707098810004,64,64
815,8,123.637443721626,-131.547776278624,62.7374863669543,62.7581167377282,66,66
816,10,7.20766943364252,-18.1261737137518,6.5916572262549,6.43204283887728,66,66
817,3,2.1303852738198,-23.0981912824704,2.59621222165936,2.48106051765074,66,66
818,10,200.175417155042,-207.397918352562,100.415417298314,100.565543063834,70,70
819,9,16.596383777971,-22.9811720557821,11.440559233197,11.3412772551801,70,70
820,6,-5.73329062231768,-3.66417409065084,2.23307533417007,2.01122368345954,70,70
821,7,420.581721653912,-436.376717859305,214.64215301291,214.945738649441,72,72
822,9,46.4171881943608,-53.9642075888052,24.2413682479002,24.0966329734949,72,72
823,3,-1.46398766129009,-17.718352136858,8.47781943483072,8.08129047916219,72,72
824,2,-1.10194833886947,-34.3665183975738,4.6586162957341,4.62893689278158,72,72
825,3,-17.2607176805975,-11.2287712315503,1.92443603877265,1.60924119869104,72,72
826,11,-1.74412772228341,-5.49419397958484,0.502408239958987,0.284060226792442,72,72
827,7,-7.6395652877437,-0.537337812523194,0.440738828590774,0.128327725811021,72,72
828,3,-2.81343850963416,-17.3623584814261,0.514562310849163,0.601739932931172,72,72
829,4,-0.746594477250168,-17.3948755755733,0.388940402523026,0.517543295787305,72,72
830,1,-1.04483792668311,-68.927992865574,0.773048943080854,1.69528405544011,72,72
831,2,-25.6907575098081,-34.2956578863205,0.734514338682228,0.909443141210696,72,72
832,8,-3.42216513205272,-10.550369312667,0.432135614573207,0.386186930447212,72,72
833,4,-13.4417497953802,-2.55138381579976,0.392833624029195,0.236212837038397,72,72
834,3,-21.438013406421,-0.559697797305634,0.541045064325228,0.119507855910932,72,72
835,8,-9.09391494379728,0.094201043331446,0.390966214468804,0.144648243626213,72,72
836,5,-2.02402023354781,-10.2291685084626,0.416033921327131,0.416603702666171,72,72
837,3,-17.697578193451,-3.05348472055248,0.553840677997491,0.197792489508785,72,72
838,3,-6.20724317872236,-18.7056484265917,0.605272563748574,0.593181673189648,72,72
839,7,-8.21204174008211,-2.4897999178199,0.414408136223433,0.230245294450389,72,72
840,3,-2.94565553515286,-17.8580708316093,0.498933390063485,0.332050698986564,72,72
841,6,-0.620500329934478,-11.3671291241051,0.382109571231644,0.401855069285144,72,72
842,6,-8.61628043918771,-1.89040009375012,0.397376539607437,0.227685265145451,72,72
843,1,-8.93051524175304,-53.3608325248087,0.78934358432075,1.38895037223461,72,72
844,2,-4.62978150650007,-52.4317741767751,0.740074806189498,1.10693960039108,72,72
845,5,-11.1276130353904,-10.2846981012647,0.486004304589353,0.357720529339307,72,72
846,2,-30.805079196381,-4.90107637194646,0.639429481440069,0.216164707944565,72,72
847,3,-10.357771653347,-18.5549206281546,0.492304736373036,0.605778316046962,72,72
848,1,-10.4499484534239,-69.507563090778,0.820181950819252,0.605778316046962,72,72
849,3,-3.73474090105121,-40.1276841772102,0.660081234561329,0.430911011542943,72,72
850,3,-18.1615760884015,-13.1258989376857,0.605403722588829,0.200451055408545,72,72
851,6,-3.1951914561537,-10.6536125137184,0.42831817243797,0.264787169950876,72,72
852,6,-0.618892530023563,-11.264977930388,0.354173409949489,0.744020412804064,72,72
853,1,-0.770854795173873,-62.1836596931027,0.741836089469032,0.744020412804064,72,72
854,6,-8.70534837941202,-10.1204040353007,0.482329659546019,0.23915446655215,72,72
855,2,-4.81691960473549,-30.6836522889059,0.708336391660559,0.721064845121061,72,72
856,6,-1.02710896319549,-13.4988293566708,0.465814067292849,0.421033538241374,72,72
857,1,-51.3064212173197,-13.2195171025466,0.842654662282932,0.51856187910729,72,72
858,3,-34.0516963254428,-4.12361644784599,0.686442967995484,0.216955982477645,72,72
859,6,-5.81369656637327,-9.19340855095239,0.418353735066609,0.396714400971616,72,72
860,4,-14.219844494744,-2.03193178458738,0.492186016963888,0.161430726697119,72,72
861,7,-2.143603815331,-7.56313283240645,0.36086872308265,0.368498025818372,72,72
862,6,-8.94048995488583,-1.09886004028881,0.432140147998475,0.144238977062228,72,72
863,3,-3.18764137863327,-17.2942637894074,0.482246743177375,0.53040418130733,72,72
864,6,-0.61029505924911,-11.3483954365894,0.359370827686959,0.277929329678787,72,72
865,2,-0.567890366160637,-31.0031965689788,0.590682565933918,0.252001868893384,72,72
866,3,-0.471874914675816,-27.5859208494021,0.602137798536991,0.447817381686667,72,72
867,1,-0.603443773032697,-78.5367085840169,0.969407071263105,0.447817381686667,72,72
868,10,-0.186635257107007,-12.8630960363184,0.399394601173624,0.230395461284573,72,72
869,3,-17.0097411309715,-4.00683596683699,0.51071947275649,0.173523714191008,72,72
870,2,-33.8605852615712,-1.77147667603742,0.728293771979189,0.087392724764616,72,72
871,1,-84.1852680675596,-1.44679387004901,1.12725045553647,0.161666602333493,72,72
872,3,-44.9022229402547,-0.308464372281483,0.71552336706328,0.141295026804355,72,72
873,1,-45.247316462547,-52.147998981757,1.12263304584559,1.42258103026572,72,72
874,2,-22.7816428811557,-51.6003044471816,0.874905752768748,1.37211171723957,72,72
875,6,-12.4002504498024,-8.33007410492046,0.516661014725525,0.329552039194184,72,72
876,4,-15.7471530783897,-1.93542806029103,0.448814421771349,0.196021608357122,72,72
877,4,-3.98370001142471,-13.3327670009825,0.373972429511916,0.332448002478273,72,72
878,1,-4.13869507336342,-64.8338221669712,0.686522103329652,1.49938073699414,72,72
879,5,-0.948562487998969,-23.1584182921396,0.440223946296287,0.520346639076602,72,72
880,7,-0.233330470709903,-10.5021083652355,0.347286556397642,0.409638407438973,72,72
881,8,-6.62992344548504,-1.0328778091708,0.454839340725353,0.139746007208888,72,72
882,5,-11.5770910619521,-10.3887777260275,0.45193436776158,0.390509745933423,72,72
883,9,-1.40775697579587,-7.46196911553949,0.350206498649021,0.574731166323238,72,72
884,2,-26.0666551610287,-3.68281378034113,0.59127879539934,0.655370351807836,72,72
885,3,-8.95946704811256,-18.2483502154435,0.595378513117429,0.369665017144351,72,72
886,7,-8.64183730308527,-2.38785087742273,0.43878928151414,0.153816712396043,72,72
887,3,-3.15175164838313,-17.8848018525991,0.545020009200676,0.370564858323545,72,72
888,3,-1.14800033924295,-22.9044923553123,0.475931838475981,0.262693972843925,72,72
889,5,-0.484370084777432,-14.5591790518512,0.472653021397482,0.15266018823686,72,72
890,3,-17.1848674471825,-4.49631559836037,0.572411681169212,0.109003317858979,72,72
891,3,-5.93908432785681,-18.4946769513625,0.553167064728334,0.150522506543526,72,72
892,8,-7.10886225179727,-2.19535790810515,0.364374926711878,0.197567646123612,72,72
893,3,-2.64474947229262,-17.6841488386946,0.522152870300928,0.328921006218088,72,72
894,6,-9.12674169146635,-2.59474136036486,0.499908034498701,0.115085944400651,72,72
895,5,-2.01893097597732,-10.5531262746561,0.443296734912356,0.138326545223587,72,72
896,7,-0.612684933039774,-8.60105894405556,0.461040467615193,0.262973222752824,72,72
897,5,-10.3426437143894,-1.50010506102971,0.439256993562746,0.17953681680887,72,72
898,4,-15.3154356317148,-0.145251562139926,0.461270241177872,0.166565493871901,72,72
899,1,-65.448625758867,-0.391369622807762,0.762579192870318,0.713992506232183,72,72
900,4,-16.6439695839318,-12.6589503602236,0.587696657580345,0.299464879389494,72,72
901,7,-2.46421944644839,-9.17201066886637,0.361505961792819,0.409448235388233,72,72
902,3,-1.02530351145431,-19.9724623494868,0.478671632415628,0.301613570208403,72,72
903,5,-10.3511205623495,-3.84843260983875,0.405812829046926,0.224341356546871,72,72
904,4,-2.91657817291808,-13.6525608028781,0.500616035476906,0.436624612074964,72,72
905,3,-17.9477476587254,-4.31479513469428,0.558544224783728,0.228325482563751,72,72
906,6,-11.4359080438887,-0.723145752685042,0.389328390649386,0.183725097116728,72,72
907,7,-8.83584796944523,-7.33150412358642,0.323410680087873,0.201077615783619,72,72
908,2,-4.6930479932509,-29.7465487095344,0.533571516272661,1.02027250866923,72,72
909,4,-1.44599329344168,-20.0877866918813,0.504698363204488,0.633033468180978,72,72
910,6,-8.9678583802516,-3.04386506211887,0.517401424027864,0.164977832587612,72,72
911,1,-9.21958055297215,-54.9318536208366,0.87773602347563,1.51805743684151,72,72
912,1,-9.38332085950707,-105.788274973871,1.27717674437979,1.51805743684151,72,72
913,3,-3.40397414423558,-52.382825975797,0.79807645481935,1.00168141992295,72,72
914,4,-13.611579594071,-13.0305637721466,0.583880086949446,0.315270166620896,72,72
915,8,-8.10103014189537,-1.47923777888183,0.388407019639099,0.175785535165384,72,72
916,1,-8.40221050511139,-52.533797540573,0.774127986006642,1.2696521749511,72,72
917,3,-3.07807501290466,-34.632165682551,0.66005095608104,0.742969453058902,72,72
918,4,-0.98482344357271,-21.194361812383,0.506925886991264,0.563975902980977,72,72
919,3,-17.110978783744,-6.94874963490794,0.474207510692697,0.298619742013129,72,72
920,2,-8.75686707444584,-29.2052804500253,0.571906051438132,0.868047236762921,72,72
921,6,-9.9796539976128,-4.6807039231324,0.432688297076807,0.25591894036424,72,72
922,6,-10.3250797636199,-0.510165480463423,0.486935712621135,0.10843257373594,72,72
923,3,-3.62324418586311,-17.1961904235344,0.488537984439151,0.56135027226477,72,72
924,4,-1.07568779353352,-16.9738028220485,0.441566077767661,0.555762003024728,72,72
925,7,-0.334061285736454,-9.69226048058997,0.388791014844092,0.404344868293504,72,72
926,5,-0.221305531192772,-12.2129544486675,0.399359847866648,0.378579375839855,72,72
927,3,-16.8869774361875,-3.92444255709929,0.456499147882481,0.224463259960598,72,72
928,5,-13.5985736054996,-0.604910984090427,0.449757012644274,0.173884507982643,72,72
929,6,-2.57445708130572,-8.30006587777126,0.463932576118824,0.283867872431408,72,72
930,7,-0.526835630285772,-8.31965306572842,0.381449849782868,0.346798546731475,72,72
931,5,-0.298294596880755,-11.8052695456421,0.419162186910691,0.284063092163683,72,72
932,5,-0.137008698351538,-12.5524146411983,0.362588544084822,0.260116760071302,72,72
933,6,-8.53228409072992,-1.91595313252838,0.384745307543287,0.191550702536372,72,72
934,5,-1.92461547839522,-10.5972885970791,0.420327287566916,0.410402945928225,72,72
935,9,160.848801309691,-167.795679540299,111.30933653932,55.788131962814,72,72
936,5,31.9488977661852,-43.691230378871,22.6205174562871,11.3630414390766,72,72
937,6,5.07192544342733,-15.5906389103546,4.14396058608694,2.02279233691899,72,72
938,4,1.13841736297133,-16.8178659096426,1.33544291220093,0.991228491021816,72,72
939,3,-16.5461473242975,-5.34700219125964,0.811394671070022,0.43770341872242,72,72
940,7,-2.51336301861224,-8.29904490340556,0.432251059275843,0.43601830065612,72,72
941,1,-2.61068322219993,-60.0283299761863,0.7169516967068,1.71442233192543,72,72
942,6,-0.561247959323997,-18.5541544464584,0.424120378883258,0.560211598684136,72,72
943,10,-0.197403547423493,-6.89926446018127,0.352834798707628,0.270881067997491,75,75
944,1,-50.4524064050663,-6.64426160253844,0.7166609280896,0.37970433973663,75,75
945,4,-12.8276036356358,-14.4774314968484,0.537163834685406,0.403441016227075,75,75
946,3,-4.57057661280448,-21.8019185553946,0.5617847077922,0.612819012102676,75,75
947,6,-0.796381131458255,-12.0993905969727,0.34873670356867,0.283340655901368,75,75
948,8,-0.309658834624386,-7.79707916889404,0.39162793692909,0.239475172673334,75,75
949,3,-0.160442906706164,-19.6338897236108,0.40027134548891,0.278637014805408,75,75
950,2,-0.263609524532956,-36.3128338330814,0.557992242838712,0.800719317463642,75,75
951,2,-0.364631835782677,-43.6672422750671,0.669957159352605,0.648942173892854,75,75
952,1,-50.4732748805226,-43.5585992303272,1.01430061846176,0.648942173892854,75,75
953,3,-17.0476420727163,-31.3774234157427,0.684596023586216,0.692094752736111,75,75
954,1,-67.3422183633146,-82.5777237025108,1.06875401721756,1.81459780208635,75,75
955,3,-39.2812514991448,-27.3587291894636,0.676615697368696,0.758051580951637,75,75
956,6,-6.65828670861464,-13.1615747563441,0.409391156519215,0.436654528205631,75,75
957,4,-14.2372481791712,-3.2177171870685,0.379488290767224,0.254702528078998,75,75
958,3,-4.96986430379399,-18.0710080709509,0.496817011686861,0.341070719468695,75,75
959,4,-1.41964788393033,-17.2877881755737,0.461125566392795,0.359481509705695,75,75
960,9,-0.273950787884038,-7.57766194329772,0.348572360913427,0.27678834737229,75,75
961,6,-8.45033455802923,-1.19160089716773,0.332659862611059,0.210069697910771,75,75
962,1,-8.62489826649109,-52.5612943687973,0.654553859655732,1.39880470470224,75,75
963,7,-1.34644375545924,-14.6821893018814,0.390771081419831,0.34910571127036,75,75
964,6,-0.527788118281749,-10.746251164045,0.466460065093787,0.216963684712332,75,75
965,1,-0.735916413086073,-61.9718644261233,0.80499244085849,1.36986581527712,75,75
966,5,-0.315006601637018,-22.509511905552,0.479311999621154,0.646014262070821,75,75
967,4,-0.206185267392247,-18.5340553792938,0.42864852316217,0.510866150807589,75,75
968,2,-25.3257153895517,-9.04440493379133,0.598417212604435,0.299053063386978,75,75
969,2,-12.9041492306893,-30.2022337768812,0.695779731174397,0.482618376035732,75,75
970,2,-6.70661964699516,-40.3908036604151,0.753377736724457,0.317510607273096,75,75
971,5,-11.4514980479303,-7.96798661355174,0.44744903375783,0.202961406462441,75,75
972,1,-61.7010637352866,-7.71842092619548,0.80879960127759,0.314746286625943,75,75
973,2,-31.1454021524283,-29.1620847602733,0.786253339353481,0.768947666012304,75,75
974,3,-10.5988822033328,-26.7302503964,0.628089095509374,0.514005325691323,75,75
975,2,-5.50409963809365,-39.2904512455093,0.686295149963407,0.752400428135951,75,75
976,2,-2.88159961416269,-45.5439498935635,0.665487390136492,0.795107952132562,75,75
977,3,-1.22247307386823,-32.2555010180074,0.587442236082966,0.767871178866363,75,75
978,4,-0.573049102807847,-20.6748490556996,0.535586121253411,0.35057173224318,75,75
979,2,-0.549077513419235,-37.3123767573544,0.678646979582638,1.03069731458355,75,75
980,3,-17.02560427929,-12.2615471443012,0.551025419578587,0.49246375642868,75,75
981,1,-67.2098589652244,-12.0772924583668,0.880084012117329,0.637267663032938,75,75
982,1,-67.3480060203271,-63.6891548217227,1.18330117201215,1.87971219762138,75,75
983,2,-58.7982390555318,-31.9167244984741,0.889172411192594,1.30952501160992,75,75
984,4,-27.4040837797318,-7.77465710876964,0.57480338888834,0.416442419551487,75,75
985,9,-3.14639733863819,-6.54827698346225,0.349009944781301,0.36583157090966,75,75
986,3,-17.9253146199603,-1.9729101540732,0.47802692826808,0.195218491773572,75,75
987,5,-13.6998137741867,-0.279831180619989,0.390039127961555,0.218726590468003,75,75
988,4,-16.1616663669664,0.166755128264756,0.468176668049282,0.129710506663832,75,75
989,5,-3.39179662583676,-10.1403319575177,0.408494806790676,0.403101559408633,75,75
990,6,-0.810689429725326,-9.95205707549321,0.437708160100795,0.152135891056382,75,75
991,10,-0.292385605615346,-5.95425308491059,0.390802922437171,0.140148590517893,75,75
992,7,-7.26980424716405,-1.39401298285102,0.335432728245369,0.496361103687687,75,75
993,7,-8.29285302929447,-0.08769228927911,0.343609967292332,0.22147582488888,75,75
994,3,-2.98001330888816,-17.158707699062,0.45654668056508,0.609268215869264,75,75
995,2,-26.6827191073179,-8.38664139665718,0.59244464808217,0.358242755675829,75,75
996,3,-9.22539397055847,-19.6996662636421,0.597697556351383,0.562694056387409,75,75
997,4,-14.8723591944118,-4.8589058641383,0.422675438753693,0.288988758398166,75,75
998,2,-32.7099856873755,-2.61796784690813,0.629675039355783,0.258615736826671,75,75
999,5,-16.8248646527067,-0.240726054150018,0.503573682991671,0.146494307254241,75,75
1000,2,-33.4550653721941,-0.221315462228852,0.515633928840918,0.176610987946885,75,75
