episode,steps,reward_0,reward_1,loss_0,loss_1,collisions_0,collisions_1
0,6,-0.1430052839964139,-8.647195259380299,1.6206050374125855,1.3466029949909906,0.0,0.0
1,3,-0.047668427998804636,-20.32017742384672,2.0178014325537004,1.729774901139151,0.0,0.0
2,2,-26.07510275965964,-10.16008871192336,2.8598543052420773,2.342487203985747,0.0,0.0
3,1,-78.11651904835364,-10.16008871192336,5.248809859680715,3.820086957401919,0.0,0.0
4,2,-65.31084926442021,-5.08004435596168,4.639889115179221,3.3876432321171315,0.0,0.0
5,2,-32.65542463221011,-28.221178020423608,3.7975443110057823,2.6085621863655803,0.0,0.0
6,3,-28.138733771841355,-10.177534314481886,3.124292035517259,2.1731580515696494,0.0,0.0
7,2,-14.28684009347088,-31.302690797920242,3.2572189787250037,2.253268917814016,0.0,0.0
8,4,-16.38979216070601,-7.8256726994800605,2.562007054362559,1.6715170445156329,0.0,0.0
9,2,-34.54419354761415,-3.9128363497400303,3.2239656135451678,2.313358275673988,0.0,0.0
10,3,-11.51473118253805,-18.632218714709907,2.5522549579312277,2.0114538741831502,0.0,0.0
11,3,-3.8382437275126833,-23.52369884810949,2.328351406059914,1.9015958394235228,0.0,0.0
12,4,-0.9595609318781708,-18.641079460314707,2.0596876049311503,1.5835987749180096,0.0,0.0
13,2,-27.478766998272317,-9.320539730157353,3.4809162602335446,2.2693991408751764,0.0,0.0
14,4,-6.869691749568079,-15.156108524827392,2.347828818474558,1.7419845178735693,0.0,0.0
15,7,-8.2976444884163,-2.1651583606896274,1.83950924063824,1.7264546845409672,0.0,0.0
16,1,-8.2976444884163,-53.19876975034407,3.317108994054412,1.7264546845409672,0.0,0.0
17,3,-2.7658814961387663,-34.95055890226052,2.5833027514343088,1.734511406659441,0.0,0.0
18,1,-2.7658814961387663,-86.84534125811274,4.06090250485048,4.2450163744432166,0.0,0.0
19,5,-0.6046836055085599,-27.571080416995766,2.3412875606670744,2.031083077621581,0.0,0.0
20,6,-0.10078060091809332,-13.286460979642362,1.8678143468606843,1.7199909302431513,0.0,0.0
21,3,-0.03359353363936444,-21.574233073398556,2.1002045357030665,2.410141345380172,0.0,0.0
22,2,-0.01679676681968222,-36.815891194757945,2.527702021267705,3.386217007165068,0.0,0.0
23,5,-10.385412436599887,-7.363178238951589,2.2236623041553987,1.859323204165951,0.0,0.0
24,2,-31.024507198307727,-3.6815891194757944,2.8752052147310705,2.4072613554991475,0.0,0.0
25,3,-10.341502399435909,-19.470366689591177,2.436001491659862,2.3981965166109567,0.0,0.0
26,4,-15.536650370105452,-4.867591672397794,2.2429765883093395,2.077148882568911,0.0,0.0
27,10,-6.657014811597523,-5.6366386504064865,1.8052471868340831,1.5734337699696912,0.0,0.0
28,2,-4.251623419537489,-28.73589546997024,2.928967355992364,1.8133380484282302,0.0,0.0
29,9,-6.679529748783819,-8.99915954395404,2.2189275919085203,1.6235693223259142,0.0,0.0
30,7,-8.547834846268797,-1.2855942205648627,1.9265979761535121,1.7095382280341593,0.0,0.0
31,2,-30.71196000591609,-0.6427971102824314,3.4257213033936615,1.5935689907251656,0.0,0.0
32,4,-20.611222018746453,-0.16069927757060784,2.483529297062043,1.8759920010974631,0.0,0.0
33,3,-24.028846403299806,-17.189907004728493,2.6716599048780854,1.7178172855327143,0.0,0.0
34,5,-4.805769280659961,-14.251732106831852,2.011931734391789,2.319263161534188,0.0,0.0
35,3,-18.705620781032806,-4.750577368943951,2.1701572245385656,2.250687473927568,0.0,0.0
36,1,-70.57485105412832,-4.750577368943951,4.418306714750066,3.7282872273437397,0.0,0.0
37,4,-30.752739176686994,-1.1876443422359877,2.9548390366896604,2.040271621898064,0.0,0.0
38,3,-27.60599497009518,-0.3958814474119959,2.865332409040587,1.6651570429101359,0.0,0.0
39,2,-39.348951464187635,-0.19794072370599794,3.411676609629212,1.5713783981631537,0.0,0.0
40,4,-22.862307943156956,-0.20141777906623184,2.643020872556636,1.5010444146029172,0.0,0.0
41,8,-2.925501487288851,-6.40523944101187,1.8079773624857514,1.7952925238701272,0.0,0.0
42,2,-2.123428376490804,-30.001710366803113,2.8119272510822366,3.3252991471859645,0.0,0.0
43,2,-26.951939670867063,-15.000855183401557,3.1964108959116806,3.140249327009154,0.0,0.0
44,4,-6.737984917716766,-17.37010047250506,2.276702477394092,2.286122358921839,0.0,0.0
45,3,-19.49814284828305,-5.790033490835021,2.627876541498288,1.7471072885847274,0.0,0.0
46,1,-71.46158440583007,-5.790033490835021,5.006800129504743,3.224707042000899,0.0,0.0
47,9,-13.692192373822076,-6.333735136729656,2.1655017425981598,1.6863523384956238,0.0,0.0
48,4,-17.374021274013643,-1.583433784182414,2.8512985706400804,1.5297878996860348,0.0,0.0
49,3,-22.82095048010723,-0.527811261394138,2.7743192825724035,1.4949958021727927,0.0,0.0
50,7,-10.552012475838021,-0.07540160877059114,2.022950629606361,1.4800849032385461,0.0,0.0
51,1,-62.439131837120094,-0.07540160877059114,4.338854816407996,2.9576846566547177,0.0,0.0
52,10,-6.358007103614375,-5.158629967089876,2.025579154959337,1.6642130187175859,0.0,0.0
53,8,-0.7957905239476231,-7.052404823244945,1.7307971477860888,1.8156065272241988,0.0,0.0
54,1,-52.808249279379694,-7.052404823244945,4.096123136910319,3.2932062806403706,0.0,0.0
55,5,-21.16710889703946,-1.410480964648989,2.548970140378258,2.136241009544246,0.0,0.0
56,3,-7.05570296567982,-17.713368474168576,2.3272564668755913,2.578231984973177,0.0,0.0
57,2,-3.52785148283991,-34.59367229551198,2.641227986853967,3.2894441218136024,0.0,0.0
58,3,-1.17595049427997,-28.937740845688513,2.358009082367494,2.3538295562795235,0.0,0.0
59,2,-0.587975247139985,-40.572594443923194,2.656604294599919,3.356809591943521,0.0,0.0
60,4,-12.954762606193732,-23.179389787785244,2.193378845434453,2.644338322709088,0.0,0.0
61,6,-2.193918949365725,-12.56309708458621,1.8779547426553502,1.7955571050595747,0.0,0.0
62,7,-7.698717049983256,-1.7947281549408873,1.9137186952021703,1.5230222322223723,0.0,0.0
63,6,-1.2831195083305427,-8.842571569771701,1.7965528692832002,1.8984242889096665,0.0,0.0
64,4,-0.32077987708263567,-15.097221573436258,1.9267379707369718,1.71875621450376,0.0,0.0
65,4,-13.151330755845223,-3.7743053933590645,2.314513358461051,1.5378888686880687,0.0,0.0
66,5,-14.261686202414888,-1.7055608706437184,2.8590343689999775,1.9181770058319212,0.0,0.0
67,2,-33.02125640912955,-0.8527804353218592,3.5158450968515087,1.6978883796240465,0.0,0.0
68,4,-21.06205666371006,-0.2131951088304648,2.610415185806989,1.5326719099681405,0.0,0.0
69,4,-5.265514165927515,-12.903834987188477,2.130203549867919,1.5631291882538492,0.0,0.0
70,7,-8.039331123195291,-9.252874943842672,1.9261722171743785,1.5887474841975318,0.0,0.0
71,7,-1.1484758747421844,-8.728426028330663,1.7527672130125116,1.87671195108083,0.0,0.0
72,2,-26.404646011013906,-4.3642130141653315,2.8696688788779223,1.677155852248501,0.0,0.0
73,1,-26.404646011013906,-55.43652102019013,4.347268632294094,1.677155852248501,0.0,0.0
74,7,-3.8314364422889624,-15.388742515323178,2.0986381294581853,1.9237200458114116,0.0,0.0
75,3,-1.4272713468925435,-22.213487512696926,2.1771457965689005,2.4643193724827372,0.0,0.0
76,2,-26.75207599233002,-11.106743756348463,2.655895380830863,2.7097594396575406,0.0,0.0
77,2,-39.11832072032841,-31.819100734952794,2.997671050424625,3.552159111034721,0.0,0.0
78,9,-10.028324200587308,-3.61827058902486,1.821667839777807,1.955099050894579,0.0,0.0
79,2,-31.398489364196173,-1.80913529451243,2.738590860784886,2.4551492788634612,0.0,0.0
80,2,-41.42469704088833,-0.904567647256215,3.3790467797653356,1.9663745161398165,0.0,0.0
81,7,-13.33559226742075,-0.1292239496080307,2.1310833912220737,1.5474247195195494,0.0,0.0
82,6,-10.803107176781454,-0.021537324934671784,1.893483582601758,1.7355038733360966,0.0,0.0
83,7,-1.5433010252544934,-7.292062991000373,1.7480974080735656,1.5144431991190181,0.0,0.0
84,4,-13.372618606989974,-1.8230157477500932,2.2110510793205167,1.4868106148418834,0.0,0.0
85,7,-1.9103740867128534,-7.6260235667473255,1.7934641933191027,1.8396949632937238,0.0,0.0
86,4,-13.620517036383252,-1.9065058916868314,2.3411826176502792,1.5681235558855597,0.0,0.0
87,3,-21.80294050497305,-0.6355019638956104,2.6934321114086117,1.5077743542393012,0.0,0.0
88,5,-4.36058810099461,-11.422395857210082,2.016286175697894,2.498898148794059,0.0,0.0
89,7,-0.6229411572849443,-8.984797658700641,1.7656406356587282,1.9967055273392564,0.0,0.0
90,3,-17.320366085170622,-3.1512208312571643,2.174603617949218,2.143168262529257,0.0,0.0
91,2,-34.422131741058614,-1.5756104156285822,3.1034902171803638,1.8103840079727145,0.0,0.0
92,3,-11.474043913686204,-17.9971732618422,2.5120964924762927,1.908867056767875,0.0,0.0
93,6,-1.912340652281034,-11.58239972074505,1.8962825021622205,1.6110477969102301,0.0,0.0
94,1,-54.003699235422914,-11.58239972074505,4.325942993330039,3.088647550326402,0.0,0.0
95,1,-54.003699235422914,-63.441354847238046,5.803542746746211,5.663078045035871,0.0,0.0
96,3,-35.205886835893374,-21.14711828241268,3.5633624981412932,3.3652924350947955,0.0,0.0
97,9,-3.9117652039881525,-8.219177585517492,1.8735289198763156,1.7538791337055428,0.0,0.0
98,4,-0.9779413009970381,-14.960566649273964,1.9459819833852507,1.662993119896204,0.0,0.0
99,8,-6.646994528962898,-1.8700708311592456,1.879048352276511,1.5007739242261757,0.0,0.0
100,2,-29.473899600704193,-0.9350354155796228,2.892382003130153,2.2279867155292594,0.0,0.0
101,4,-7.368474900176048,-13.041059234934526,2.20069525419871,1.7016720238384637,0.0,0.0
102,3,-2.4561583000586826,-21.689211312118193,2.211164838149075,2.443277924148685,0.0,0.0
103,1,-53.532820892603915,-21.689211312118193,4.765427184110478,2.443277924148685,0.0,0.0
104,4,-13.383205223150979,-18.374649761733515,2.6689565494437915,1.875434631110759,0.0,0.0
105,5,-2.6766410446301956,-14.23781007561944,2.01139106330493,2.144731512014622,0.0,0.0
106,3,-0.8922136815433985,-22.03997446519449,2.148063441184482,1.9395336835124015,0.0,0.0
107,1,-0.8922136815433985,-73.0663540091079,3.6256631946006537,1.9395336835124015,0.0,0.0
108,8,-0.21197659033048635,-15.598875394362203,1.9308076527412534,1.8673920220790203,0.0,0.0
109,1,-0.21197659033048635,-67.74144075780455,3.4084074061574254,4.4938246149666785,0.0,0.0
110,4,-13.072503780440483,-29.69806632236928,2.537743521385795,2.8637620400759825,0.0,0.0
111,6,-10.679077776785286,-13.504284247847979,2.0675508203590103,1.7454113987208988,0.0,0.0
112,1,-62.40593376297804,-13.504284247847979,4.250676985930207,3.2230111521370706,0.0,0.0
113,5,-23.27331112540424,-2.700856849569596,2.730104285202567,2.1222019838435857,0.0,0.0
114,10,-2.3275903663142365,-5.411159028713068,1.750869435710241,1.5820317734805,0.0,0.0
115,6,-8.998718724737714,-0.9018598381188446,1.8621958072848175,1.7412717156629218,0.0,0.0
116,2,-4.677947521853331,-26.302309420851195,2.5729917368008177,1.854320628675409,0.0,0.0
117,3,-1.559315840617777,-25.840490842871702,2.335263665683111,2.4365764354925123,0.0,0.0
118,3,-0.5197719468725923,-25.81693118677008,2.2560209753105425,1.9760459503184904,0.0,0.0
119,2,-0.25988597343629616,-38.794485515273664,2.6056102410714432,3.042212084426093,0.0,0.0
120,5,-0.2949563863232457,-18.159050373122874,2.134041262721118,2.328580898317892,0.0,0.0
121,4,-12.86214624533791,-4.539762593280718,2.0327862279154205,2.0597449779956447,0.0,0.0
122,7,-1.8374494636197014,-7.957781299129394,1.7679977859755174,1.9255910994041472,0.0,0.0
123,1,-1.8374494636197014,-59.98883430325488,3.245597539391689,4.477209069517355,0.0,0.0
124,2,-26.98140512348506,-29.99441715162744,3.5526024857757044,3.716204288174849,0.0,0.0
125,1,-78.03484836150808,-29.99441715162744,6.083645477214898,3.716204288174849,0.0,0.0
126,2,-64.81325375254896,-14.99720857581372,4.755364995437191,3.335701897503596,0.0,0.0
127,5,-23.36789745163015,-2.999441715162744,2.6901089930049995,1.849220182233657,0.0,0.0
128,5,-5.403935158202364,-10.938614731788002,2.3198257281726007,2.0590766116143704,0.0,0.0
129,1,-56.45249338214306,-10.938614731788002,4.845983705529467,2.0590766116143704,0.0,0.0
130,1,-56.45249338214306,-61.97429365179827,6.323583458945639,2.0590766116143704,0.0,0.0
131,2,-54.352710230414445,-30.987146825899135,5.1291889208960875,2.507138059223357,0.0,0.0
132,3,-18.173304303589166,-27.331087560162484,3.24306362049922,1.8207791886852336,0.0,0.0
133,2,-34.69703859741396,-13.665543780081242,3.183106216752331,2.3879893477587886,0.0,0.0
134,7,-12.342547952918588,-2.3606308829991964,2.10062251871535,1.763088259816055,0.0,0.0
135,8,-1.5428184941148235,-6.828904512460788,1.7401775682555907,1.6362700410470028,0.0,0.0
136,4,-13.369063565626247,-1.8544599551512742,2.1023403997221624,1.8866672636779225,0.0,0.0
137,2,-6.684729620840602,-27.434559689055195,2.528769953277253,3.3149947777708633,0.0,0.0
138,10,-6.170894566150868,-8.072008763025972,1.949788939391357,1.9927780411267648,0.0,0.0
139,2,-3.085447283075434,-29.713994552887144,2.4524942231118505,3.0126512525908042,0.0,0.0
140,2,-27.34354077071146,-14.856997276443572,3.25027271107126,2.245125503003488,0.0,0.0
141,5,-15.874567923417365,-2.971399455288714,2.30799762569285,1.9266248540168693,0.0,0.0
142,1,-15.874567923417365,-54.90206365747706,3.7855973791090216,4.46061234439512,0.0,0.0
143,3,-22.29849462371429,-18.362680448808835,3.073701476732003,2.471937283742488,0.0,0.0
144,9,-8.279131590879624,-2.05904572649286,1.960379990759739,1.5880817012302069,0.0,0.0
145,5,-11.957620259710993,-0.411809145298572,2.070245369704291,1.4996961429789788,0.0,0.0
146,3,-3.985873419903664,-17.231763804084995,2.167681543317602,1.515892897167677,0.0,0.0
147,1,-3.985873419903664,-69.8103487301379,3.6452812967337738,4.632411810353067,0.0,0.0
148,8,-0.498234177487958,-15.213537432700154,1.9332599155078936,1.9615244639922338,0.0,0.0
149,7,-0.07117631106970829,-9.471710133917425,1.753779741345871,1.906856161211289,0.0,0.0
150,3,-0.023725437023236096,-20.371803218297554,2.062193000531462,1.7843032077658767,0.0,0.0
151,1,-51.912530651578436,-20.400978794448488,4.379490693793779,3.276490749257516,0.0,0.0
152,3,-35.110900322821415,-24.249128257315515,3.589123046206943,2.357537752032107,0.0,0.0
153,4,-21.670007727022607,-6.088144472169816,2.4794565084149567,2.0928465992651355,0.0,0.0
154,3,-24.64636332062442,-2.029381490723272,2.7627505948223394,1.6826820353658263,0.0,0.0
155,6,-12.640795084105866,-1.1332795072769313,1.9567957276963852,2.1357733144521034,0.0,0.0
156,7,-1.8058278691579808,-7.572548695827227,1.757142000229941,1.6808936479380938,0.0,0.0
157,6,-8.80583838842155,-1.3379759495851677,1.7704567534544953,1.8211864476906656,0.0,0.0
158,6,-1.566893209337823,-8.922503650372462,1.8719293569261524,1.5947763410415534,0.0,0.0
159,5,-0.3133786418675646,-12.099210824447828,1.8519856248014022,2.007944214623589,0.0,0.0
160,1,-0.3133786418675646,-63.81031439095938,3.329585378217574,4.50420453942059,0.0,0.0
161,1,-51.39450972760913,-63.81031439095938,5.888316217375311,4.50420453942059,0.0,0.0
162,6,-17.122613455328693,-10.63505239849323,2.633885591739115,1.982033884416908,0.0,0.0
163,6,-2.870326595090024,-10.277241488056736,1.933138371241266,1.561672108582961,0.0,0.0
164,1,-54.505495796983936,-10.826081768078785,4.0382873536432795,3.50848889760616,0.0,0.0
165,4,-26.489649208850935,-2.706520442019696,2.571196711211448,2.3547219778177118,0.0,0.0
166,4,-6.622412302212734,-13.539645566729893,2.1203989312190337,1.7940904409270282,0.0,0.0
167,1,-57.680764560860354,-13.539645566729893,4.656350943282823,1.7940904409270282,0.0,0.0
168,5,-11.675616474024036,-13.025365290070624,2.4088699420727364,2.0565302946090895,0.0,0.0
169,2,-31.78354114330422,-6.902460374282035,3.028980299712686,2.8757537653440783,0.0,0.0
170,5,-16.596578034103025,-1.6294797617470098,2.2838198415103075,1.844412242447579,0.0,0.0
171,4,-17.069071609376895,-0.40736994043675245,2.3212921420141712,1.5693028756740235,0.0,0.0
172,3,-5.689690536458965,-17.332616441010643,2.2513638007542287,1.6755958814376395,0.0,0.0
173,6,-0.9482817560764941,-11.389071401734592,1.8528270535418765,1.9238343952219294,0.0,0.0
174,6,-8.777570821388808,-1.8981785669557654,1.8937941310335482,1.7982388192864933,0.0,0.0
175,9,-6.776650999685797,-0.3225127848153039,1.7950752219813404,1.7109017146843735,0.0,0.0
176,2,-3.3883254998428987,-26.356966635626765,2.375137364406842,3.109004550955129,0.0,0.0
177,7,-0.5083255538519379,-11.099133952143609,1.816905091188578,2.068051873570526,0.0,0.0
178,4,-13.14808000448653,-3.0045370454228744,2.228591032690672,1.6252127834547603,0.0,0.0
179,1,-64.8650051830249,-3.0045370454228744,4.403469687297129,3.102812536870932,0.0,0.0
180,6,-19.508376982051157,-0.5007561742371457,2.423249887311333,1.7484685506586317,0.0,0.0
181,7,-10.119870622669898,-7.373960116399781,1.8628708938265266,1.8731389478764753,0.0,0.0
182,5,-2.0239741245339795,-12.269505018028067,1.8501739321814772,2.298065431047649,0.0,0.0
183,4,-13.439602214218139,-3.0673762545070167,2.236411669461672,1.682716172824041,0.0,0.0
184,2,-32.25828806211862,-1.5336881272535083,2.619896080882556,2.318957839828192,0.0,0.0
185,4,-8.064572015529656,-13.354037209562959,2.132573773636811,1.871179580817893,0.0,0.0
186,8,-7.454927725131356,-1.6692546511953699,1.8854083959815966,1.526797231841387,0.0,0.0
187,9,-0.886130497093235,-5.9332991713712,1.7448947694927666,1.555763741031697,0.0,0.0
188,7,-7.416138849611159,-0.9470586633559143,1.8735620705129785,1.4887660373612468,0.0,0.0
189,2,-29.6902759509034,-0.47352933167795713,2.8017414299275774,2.221982772096795,0.0,0.0
190,7,-12.0702834313319,-7.496275840464983,2.282145626660172,1.6990395965711753,0.0,0.0
191,1,-63.11992360799625,-7.496275840464983,4.809385556740693,1.6990395965711753,0.0,0.0
192,6,-19.213735487647206,-1.2493793067441639,2.500593748470099,1.5145063939420058,0.0,0.0
193,2,-35.892491721336,-0.6246896533720819,3.3675559664449604,2.234852950387175,0.0,0.0
194,4,-8.973122930334,-13.13487764184077,2.319488745027412,2.3345985800365354,0.0,0.0
195,4,-15.32898372518823,-3.2837194104601926,2.442102083127712,1.6918494600712628,0.0,0.0
196,7,-9.585893038413007,-7.846837826379407,1.9896439743152854,1.5832871263830182,0.0,0.0
197,11,-5.591502842988974,-0.748353221084296,1.7304013424416953,1.621534946723719,0.0,0.0
198,8,-0.6989378553736217,-6.499266177290057,1.6938999212213837,1.5145882437598484,0.0,0.0
199,2,-0.34946892768681087,-28.91754163546377,2.3245497140268636,1.6418712850015649,0.0,0.0
200,4,-13.08215583982374,-7.229385408865943,2.3628837472899376,1.51866763631252,0.0,0.0
201,5,-12.913430725123112,-11.832126856569168,2.0294207523695578,2.015533672455075,0.0,0.0
202,3,-4.304476908374371,-20.953865294571987,2.1540733375393577,1.656911059762473,0.0,0.0
203,2,-2.1522384541871853,-36.24310344293288,2.5546364221858506,1.7940887545077533,0.0,0.0
204,2,-27.037830626493083,-18.12155172146644,3.4217459657022573,1.6358442539619626,0.0,0.0
205,6,-4.506305104415514,-11.520390721502906,2.0478907476998813,1.917039230334999,0.0,0.0
206,1,-56.39323617169598,-11.520390721502906,4.310548429011139,3.394638983751171,0.0,0.0
207,1,-56.39323617169598,-62.59861586033639,5.788148182427311,3.394638983751171,0.0,0.0
208,4,-14.098309042923995,-29.029397540571892,2.9246367990229993,2.2824097318171033,0.0,0.0
209,5,-2.819661808584799,-16.12232546501347,2.0625271132207716,1.733661696967641,0.0,0.0
210,5,-10.962067688962545,-3.2244650930026943,2.1294874276148827,1.5288121421264655,0.0,0.0
211,2,-31.853185948926857,-1.6122325465013472,3.414885681076387,1.5032059477713187,0.0,0.0
212,7,-11.994954667399892,-0.23031893521447816,2.0844834176735545,1.692343460240646,0.0,0.0
213,7,-1.7135649524856988,-7.386155410942294,1.7753830987981083,1.881426194022503,0.0,0.0
214,4,-13.180285310248564,-1.8465388527355735,2.1733396002428385,1.5785563635677546,0.0,0.0
215,6,-10.831677272264313,-0.30775647545592894,2.039602111479956,1.4944258551081022,0.0,0.0
216,1,-62.34689637841309,-0.30775647545592894,3.996011827118271,2.972025608524274,0.0,0.0
217,5,-22.880762938539373,-0.06155129509118579,2.4405936692943335,2.0720048751210265,0.0,0.0
218,4,-18.683653083788865,-0.10465560299622316,2.2523129122555043,2.084868751419855,0.0,0.0
219,7,-2.753851659029615,-7.477866891408632,1.8841171022267353,1.9550217571864439,0.0,0.0
220,2,-27.415043334472127,-3.738933445704316,2.8521049235487057,2.4551106320093936,0.0,0.0
221,6,-5.082573811811587,-9.142245720037794,2.252136987845097,1.6478499257642214,0.0,0.0
222,5,-11.377886577267692,-1.8494560168705498,2.053699736322254,1.828176611432007,0.0,0.0
223,4,-2.844471644316923,-13.378672742653366,1.9910246874967354,1.6970716485849446,0.0,0.0
224,7,-7.737711149547427,-1.9112389632361952,1.9097160498661752,1.508952881297425,0.0,0.0
225,3,-2.579237049849142,-17.802883827891783,2.11417177003823,2.353883279673006,0.0,0.0
226,3,-18.021374409524665,-5.934294609297261,2.343402793679012,2.262227513307174,0.0,0.0
227,2,-34.768866350041165,-2.9671473046486305,2.8695594516637,2.6087135100697587,0.0,0.0
228,2,-43.40364648762892,-1.4835736523243153,3.23556531280341,2.781956508451051,0.0,0.0
229,7,-6.275893430179241,-7.673210634128007,2.015195872906054,1.7708981886688449,0.0,0.0
230,2,-29.659587272662105,-3.8366053170640035,3.1474961249517652,2.363048847750594,0.0,0.0
231,5,-5.931917454532421,-11.156125320465932,2.107098978406525,1.8012460522655438,0.0,0.0
232,8,-0.7414896818165526,-7.775210248838773,1.7409871257169873,1.8334500937298959,0.0,0.0
233,3,-0.2471632272721842,-19.873171332390346,2.057928795321834,2.483702639223015,0.0,0.0
234,6,-0.0411938712120307,-11.938941732888564,1.8205878859698108,1.7420278269145875,0.0,0.0
235,1,-51.063491537149524,-11.938941732888564,4.3204853053234755,1.7420278269145875,0.0,0.0
236,5,-20.60884796382778,-2.5260121307190775,2.6109722869094085,1.5334216684707593,0.0,0.0
237,4,-5.152211990956945,-14.892012255453842,2.130342825143524,2.1408706927957057,0.0,0.0
238,8,-0.7506194004386417,-8.33698403175376,1.7739558320320075,1.885633953949462,0.0,0.0
239,4,-13.215312089876084,-2.08424600793844,2.2096770397814702,1.5796083035494943,0.0,0.0
240,4,-16.129544277408197,-0.52106150198461,2.089440525730654,1.8725018293035454,0.0,0.0
241,3,-5.376514759136065,-17.321722361867952,2.1740799286597228,2.4635982543192925,0.0,0.0
242,1,-57.18269606660424,-17.321722361867952,4.370490699374542,3.9411980077354642,0.0,0.0
243,4,-27.099070137347937,-4.330430590466988,2.834050959129334,2.093499316995995,0.0,0.0
244,3,-9.03302337911598,-18.81365658566691,2.422283406459283,1.9484343185918718,0.0,0.0
245,6,-1.50550389651933,-11.725049099656195,1.881313654492719,1.9903753383250196,0.0,0.0
246,2,-0.752751948259665,-31.530772388715892,2.4182565806625314,2.990136396369438,0.0,0.0
247,8,-0.14734522220796414,-10.388961959441719,1.8252574403367412,1.7211370703833706,0.0,0.0
248,2,-0.18363735533525719,-31.218325419265902,2.5001932178158173,1.9974970006930401,0.0,0.0
249,2,-26.146931354230638,-15.609162709632951,3.1259280180165323,2.476348253762692,0.0,0.0
250,2,-39.42060010209677,-8.127903303481618,3.9002582919047035,1.9769740035894319,0.0,0.0
251,2,-20.15152063180417,-30.306868711399026,3.655209286539047,3.212883451998047,0.0,0.0
252,1,-20.15152063180417,-82.33072236212843,5.132809039955219,5.745683560672003,0.0,0.0
253,4,-17.963324729224325,-20.582680590532107,2.913938525769304,2.9140206435841725,0.0,0.0
254,4,-4.490831182306081,-18.17790332684289,2.2060843848584977,2.0709090066648987,0.0,0.0
255,2,-2.2454155911530407,-35.27724509631011,2.5806419458454206,3.2619452741909223,0.0,0.0
256,7,-0.8185281956623546,-12.391199895598222,2.103421777746615,1.7794191068101146,0.0,0.0
257,4,-0.43090832872502205,-15.949407627091073,2.2297314776622588,1.6390078535536412,0.0,0.0
258,10,-0.043090832872502205,-6.698787256026874,1.7005729011823978,1.7453470320893019,0.0,0.0
259,9,-0.009541536750040788,-6.4875704069759,1.6713059644228676,1.5683253291105645,0.0,0.0
260,4,-13.722751262206513,-1.621892601743975,2.4193038503806976,1.8696810856938129,0.0,0.0
261,3,-4.574250420735504,-17.883536615536034,2.2840343702097377,1.9092734876844502,0.0,0.0
262,6,-9.322002199197298,-2.9805894359226723,2.0337656269810847,1.5495453757942181,0.0,0.0
263,3,-20.26254167047703,-0.9935298119742241,2.5050581757786605,1.5015816275421872,0.0,0.0
264,4,-17.8177219331792,-0.32778668840495684,2.103864297360837,1.9323993957131194,0.0,0.0
265,1,-69.03965797762491,-0.32778668840495684,4.803400095222718,1.9323993957131194,0.0,0.0
266,8,-15.011923112544125,-0.04427115830273713,2.0780247653190114,1.722447500132429,0.0,0.0
267,5,-3.140515887008997,-10.246133709846045,2.031335970980146,1.5486212978327705,0.0,0.0
268,4,-13.572834173255375,-3.455899576727825,2.018017056965258,2.3218288995778336,0.0,0.0
269,1,-13.572834173255375,-54.62310609436762,3.4956168103814296,2.3218288995778336,0.0,0.0
270,7,-9.231730037230607,-7.8033008706239455,2.1215253564961,1.5982039171535523,0.0,0.0
271,2,-30.34661642218202,-29.92029482405679,2.7360315709984846,2.87950908799372,0.0,0.0
272,5,-16.44112433879524,-6.037571574886998,2.1466993215191783,2.0535015710149156,0.0,0.0
273,2,-34.18418324023931,-3.018785787443499,2.923288166643778,2.50435053892363,0.0,0.0
274,3,-28.79229517347754,-1.006261929147833,2.765986449529582,2.312383266390715,0.0,0.0
275,2,-40.90561922201559,-0.5031309645739165,3.922849267175087,1.8949915099034433,0.0,0.0
276,2,-46.16983632991351,-0.8776795782550344,3.969698951375563,1.7485036543426884,0.0,0.0
277,1,-97.85911841526644,-0.8776795782550344,6.121607953894467,3.22610340775886,0.0,0.0
278,3,-32.619706138422146,-17.474611768809183,3.518135738047661,2.8987548742738465,0.0,0.0
279,2,-43.22265258900101,-8.737305884404591,4.405613236968088,2.188177313845009,0.0,0.0
280,1,-95.23109962066576,-8.737305884404591,6.839141658805658,3.665777067261181,0.0,0.0
281,3,-48.944639984996165,-2.9124352948015306,3.917862481513316,2.6995254425032322,0.0,0.0
282,2,-24.472319992498083,-27.41531464305695,3.4365309941728297,3.417779966508268,0.0,0.0
283,3,-25.515067048834226,-9.138438214352316,2.9070695173416055,2.6168597422522613,0.0,0.0
284,2,-38.91579408555876,-4.569219107176158,3.705677160687766,2.0472297478342165,0.0,0.0
285,5,-18.238997531494096,-0.9420619282787319,2.477273907194984,1.5915257522997808,0.0,0.0
286,6,-3.0398329219156826,-8.669429801261634,1.8904787379486692,1.9099490515524813,0.0,0.0
287,2,-27.27750311916726,-4.334714900630817,2.62750060254246,2.4325742791924125,0.0,0.0
288,2,-39.328155783909295,-2.1673574503154085,2.974677213133314,2.693886893012378,0.0,0.0
289,3,-30.23521517891199,-0.7224524834384695,2.8237450961193,1.8830287999482405,0.0,0.0
290,7,-4.319316454130284,-7.4908055888009795,1.8809919100046433,1.6134462114862902,0.0,0.0
291,2,-28.25876723217133,-4.168210793245049,2.7864989005706287,2.707130858003876,0.0,0.0
292,2,-14.129383616085665,-28.191742411273054,2.870849203701486,2.4912474920380236,0.0,0.0
293,3,-22.3164467719985,-9.397247470424352,2.919946062256434,2.308015584095513,0.0,0.0
294,1,-22.3164467719985,-60.73722364551421,4.397545815672606,2.308015584095513,0.0,0.0
295,2,-37.10028483024587,-30.368611822757106,4.068704443544428,2.631607545463928,0.0,0.0
296,3,-12.366761610081957,-27.21736999466405,2.8338345679309813,2.716715522450339,0.0,0.0
297,7,-1.8681472549677653,-11.285259163087886,1.950077946424636,1.7503584425527863,0.0,0.0
298,1,-1.8954481363321558,-63.26571275115181,3.4276776998408076,4.275617859750352,0.0,0.0
299,2,-27.448373361512893,-31.632856375575905,3.8543195951353053,3.615408683291348,0.0,0.0
300,6,-4.781143425261485,-13.970316054482899,2.2283798565358612,1.9878133431508804,0.0,0.0
301,2,-2.454068671765402,-33.521816192961694,2.5917896816841024,3.3227990429274996,0.0,0.0
302,4,-13.57418847890481,-8.380454048240424,2.4267811191019177,1.9388995757940037,0.0,0.0
303,1,-13.57418847890481,-60.47977770526396,3.9043808725180895,4.557276071193498,0.0,0.0
304,4,-3.3935471197262026,-27.98895840798299,2.453694971545694,2.359686010001201,0.0,0.0
305,8,-6.803039749119809,-3.498619800997874,1.9131579840134174,1.5878605354893005,0.0,0.0
306,8,-7.317723375470716,-6.817959563089197,1.8648734792960822,1.4913823511753128,0.0,0.0
307,3,-19.449756436925053,-2.272653187696399,2.099224246514866,1.9747272038079426,0.0,0.0
308,3,-6.483252145641685,-17.875188249679727,2.177341168921127,1.7278126864832701,0.0,0.0
309,8,-7.189783165722938,-2.716039731485177,1.8791440470490404,1.6930336312649985,0.0,0.0
310,2,-30.47336627659557,-1.3580198657425886,3.0919477990107276,2.324116569048671,0.0,0.0
311,1,-82.39362420561687,-1.5045028575095105,5.441649511467754,3.948199314231765,0.0,0.0
312,4,-33.4927840462769,-0.37612571437737763,3.1265298343204986,2.09524964362007,0.0,0.0
313,1,-84.5563504311313,-0.37612571437737763,5.667695972591082,2.09524964362007,0.0,0.0
314,2,-68.16172024664812,-0.18806285718868881,4.935521936062271,1.786424698518121,0.0,0.0
315,2,-60.485149519668354,-0.09403142859434441,4.577457572582881,2.3708121026752322,0.0,0.0
316,7,-16.265332616715643,-0.09223106272655482,2.441815055426901,1.6052015175960377,0.0,0.0
317,7,-2.3236189452450917,-7.3322235884147435,1.8264304756200147,1.8532574096200691,0.0,0.0
318,6,-9.027647705981208,-9.72403831965824,1.888153835849909,1.9551437099419653,0.0,0.0
319,5,-1.8055295411962415,-12.25932728343845,1.8552305205861537,1.6666310422825341,0.0,0.0
320,1,-53.81160861436863,-12.25932728343845,4.215347880351393,3.144230795698706,0.0,0.0
321,6,-8.968601435728106,-10.736803789747915,2.1801577334747373,2.210956028260247,0.0,0.0
322,2,-4.484300717864053,-31.544526137235714,2.5676786201535404,2.254873771467979,0.0,0.0
323,8,-7.134535414709545,-3.943065767154464,2.0346373137892653,1.5747590056726477,0.0,0.0
324,1,-7.5135837047409115,-54.98647803877512,3.8912853572368036,1.5747590056726477,0.0,0.0
325,7,-1.073369100677273,-15.21688836512774,2.033497661592858,1.8657175453924346,0.0,0.0
326,4,-13.0281347655741,-3.804222091281935,1.9859741688143862,1.9440291397642804,0.0,0.0
327,5,-12.910782893373398,-0.8670938823005023,2.0976401678893155,1.5708856306857935,0.0,0.0
328,3,-21.30366811452483,-0.2890312941001674,2.51022029277964,1.508695045839379,0.0,0.0
329,6,-3.550611352420805,-9.058257632327297,1.8959698022127782,2.1235341709034667,0.0,0.0
330,2,-27.691655030316774,-4.529128816163649,2.99211733531022,1.8005669621598193,0.0,0.0
331,8,-3.4639642460160145,-7.058770441359044,1.854121787556367,1.6168318075968144,0.0,0.0
332,6,-9.107293284975425,-1.1764617402265074,1.962683472657498,1.5008050957796122,0.0,0.0
333,2,-4.5536466424877124,-26.094137905911516,2.458941489744921,2.7339093371042407,0.0,0.0
334,8,-0.6269803111217255,-9.682687026271264,1.8388546800396677,1.946406825992609,0.0,0.0
335,8,-0.07837253889021568,-7.5896722134878285,1.7074565884211301,1.8502369418691689,0.0,0.0
336,8,-0.00979656736127696,-7.444458998418992,1.6910318269688132,1.8546631771535356,0.0,0.0
337,7,-7.376050903277027,-1.0634941426312845,1.88397930167902,1.531465956807224,0.0,0.0
338,2,-29.66111165672747,-0.5317470713156423,2.799580613213061,2.243332731819784,0.0,0.0
339,3,-10.004409005621229,-17.204229761983928,2.4107932911538588,2.5715462771245456,0.0,0.0
340,2,-5.002204502810614,-34.75518431768661,2.682996398993101,2.4248288866888847,0.0,0.0
341,4,-14.069388085728104,-8.688796079421653,2.2114325781241835,2.083806975088393,0.0,0.0
342,2,-33.3124520265407,-4.344398039710827,3.1631247606746484,2.5195032409603684,0.0,0.0
343,9,-9.400041868667588,-0.482710893301203,1.8532637972225716,1.757544557967324,0.0,0.0
344,2,-30.503034424066374,-0.2413554466506015,2.6460423248981497,2.356372032399834,0.0,0.0
345,5,-16.44239934427593,-0.048271089330120295,2.2264735908004445,1.6533542092129043,0.0,0.0
346,6,-11.45081232227117,-0.05468777764655089,1.9478248972875167,1.753158788284989,0.0,0.0
347,2,-5.725406161135585,-25.59147065976546,2.4515122020599303,1.67505181069736,0.0,0.0
348,2,-28.434201271306993,-12.79573532988273,2.754798700997415,2.3151256587648517,0.0,0.0
349,1,-28.434201271306993,-64.60307454987615,4.232398454413587,4.880302553253222,0.0,0.0
350,4,-7.108550317826748,-28.98009403107838,2.5356993670195687,2.96009573369626,0.0,0.0
351,2,-29.297166948233446,-14.49004701553919,2.9645910777539544,2.957647620264302,0.0,0.0
352,3,-26.965497248240865,-4.830015671846397,2.6412033357682296,2.4634822935042724,0.0,0.0
353,3,-26.301288455755678,-1.610005223948799,2.618797136875169,2.298760517917596,0.0,0.0
354,5,-15.564746042305341,-0.32200104478975977,2.2382407448532247,1.6418319063164568,0.0,0.0
355,3,-5.188248680768447,-17.283474777645313,2.22368000170058,2.400468468720305,0.0,0.0
356,6,-9.538798348060189,-2.8805791296075522,1.989095509920313,1.8776778315362226,0.0,0.0
357,4,-2.384699587015047,-13.680490628380758,1.97487363089625,2.230144318778221,0.0,0.0
358,4,-13.452929861974368,-3.4201226570951895,2.052536459272157,2.035135833110727,0.0,0.0
359,3,-4.484309953991456,-18.17605952702718,2.1617785731735575,1.6823177684355561,0.0,0.0
360,6,-0.7794868121750876,-11.560796621666844,1.8699980021216096,1.529130324695812,0.0,0.0
361,5,-10.521734548745334,-2.312159324333369,2.0782895452557173,1.4879058676720998,0.0,0.0
362,5,-2.531472675468368,-10.67163862695099,2.1039201138295693,1.4796609762673574,0.0,0.0
363,6,-9.250899953498289,-1.793697611053285,2.0383857579460054,1.724209916127398,0.0,0.0
364,6,-10.148729783180437,-0.29894960184221414,1.9209619148934307,1.7649680727707382,0.0,0.0
365,1,-61.70884088967447,-1.2012620871195276,4.95867277480364,1.7649680727707382,0.0,0.0
366,4,-15.657478250287344,-13.151527596621047,2.869901961051445,1.6267888702443722,0.0,0.0
367,3,-5.219159416762448,-21.75313713183336,2.4342337404333203,1.841649829447084,0.0,0.0
368,4,-1.304789854190612,-18.305917043970407,2.086158188524502,1.6707772082116925,0.0,0.0
369,4,-13.32306872820421,-4.576479260992602,2.3051525102952106,1.525894117115052,0.0,0.0
370,9,-7.250626100784444,-0.6104858668813635,1.8134738702296842,1.749131715422252,0.0,0.0
371,3,-2.416875366928148,-17.633786515531135,2.082091043492733,2.5024651187037867,0.0,0.0
372,6,-9.042743366682695,-2.938964419255189,1.930612492551951,1.8946772732001362,0.0,0.0
373,3,-3.0142477888942314,-18.15555738974446,2.1211372509334887,2.4796354350731122,0.0,0.0
374,5,-10.947230450656235,-3.6311114779488918,2.0185970608273816,1.9735268404307942,0.0,0.0
375,1,-10.947230450656235,-55.04989369161677,3.4961968142435533,4.516627412986491,0.0,0.0
376,9,-7.010078420886744,-6.116654854624085,2.0025318781889903,1.8152694933684295,0.0,0.0
377,1,-7.010078420886744,-57.49902653564306,3.480131631605162,4.306676570842915,0.0,0.0
378,4,-14.767710445640805,-14.374756633910765,2.5701897739415007,2.5542688961269002,0.0,0.0
379,5,-2.953542089128161,-13.22228673258088,1.9916377082044718,2.21576281981094,0.0,0.0
380,2,-1.4767710445640805,-32.16794841598116,2.4734186075184077,1.900260191811225,0.0,0.0
381,3,-0.560699851994679,-27.922920570039235,2.37051545972896,2.4699844137373734,0.0,0.0
382,7,-7.471899980305089,-3.988988652862748,1.8959879053329416,1.830454669664368,0.0,0.0
383,3,-19.499057037441307,-1.3296628842875826,2.1095957218604857,2.0877513099709613,0.0,0.0
384,5,-14.108889611755421,-0.26593257685751653,1.899518897788269,1.8951500154103642,0.0,0.0
385,3,-4.702963203918474,-17.265593925760765,2.110772719345595,1.7678733348864528,0.0,0.0
386,3,-1.667798077987695,-22.91874151149769,2.281334336546241,1.70998107462189,0.0,0.0
387,6,-0.27796634633128253,-12.351043092003563,1.8578221428405453,1.5357957561850144,0.0,0.0
388,4,-0.06949158658282063,-15.910888752890923,1.942055289126308,2.136633750154244,0.0,0.0
389,6,-8.608737711534483,-11.270070673678262,1.9826567528434225,1.6871762133833907,0.0,0.0
390,4,-3.3264448756147176,-15.901326681166335,2.633880493617576,2.2528581342319183,0.0,0.0
391,10,-0.39400809523789987,-7.157436607976786,1.8023514104543576,1.7686316339769903,0.0,0.0
392,4,-12.856768791139018,-1.8132823866223189,1.9281876060297611,1.9197576619104193,0.0,0.0
393,3,-21.45829939082041,-0.6044274622074396,2.496833046096764,1.6249857229142544,0.0,0.0
394,3,-7.152766463606803,-17.658184167111312,2.3098774354484264,1.8119626768243011,0.0,0.0
395,4,-1.7881916159017008,-17.304472105517,2.0550691122782783,1.6649809198872174,0.0,0.0
396,1,-52.8129861392402,-17.79769731302219,4.557463389032947,1.6649809198872174,0.0,0.0
397,4,-26.0006348686327,-4.449424328255548,2.883143228052212,1.524445045033933,0.0,0.0
398,1,-77.76640077876012,-4.449424328255548,5.046338229060271,3.002044798450105,0.0,0.0
399,8,-16.095931724121307,-0.5561780410319435,2.1083920320487057,1.8528553532224348,0.0,0.0
400,5,-13.650131608867804,-0.1112356082063887,2.076958950670465,1.8481708240606587,0.0,0.0
401,2,-32.479215668006944,-0.05561780410319435,2.6504704360269775,2.401685165446501,0.0,0.0
402,3,-10.826405222668981,-18.645524449064315,2.3610898987584976,3.2763774731512165,0.0,0.0
403,5,-2.263884093152877,-14.097829875259597,2.048420781786952,2.365882262852255,0.0,0.0
404,5,-1.1052368621696627,-13.131316977734153,2.2392249911134186,1.761277831268427,0.0,0.0
405,1,-1.1052368621696627,-64.20231452634195,3.7168247445295903,1.761277831268427,0.0,0.0
406,3,-17.73306159471956,-21.40077150878065,3.129788797717581,1.572159112700257,0.0,0.0
407,4,-4.43326539867989,-18.15335854769599,2.260046952845567,1.5543496520425464,0.0,0.0
408,2,-2.216632699339945,-35.16044417036724,2.6076232298389552,1.9409460109159165,0.0,0.0
409,7,-0.3239148856023523,-12.320922686169027,1.8501173576788796,1.906752541030647,0.0,0.0
410,10,-0.03620812276610298,-6.333076001771433,1.6664281233899274,1.5205150321776193,0.0,0.0
411,2,-26.045986239107773,-3.1665380008857165,2.6781384112544795,2.2378572695049814,0.0,0.0
412,5,-15.643510231598148,-0.6519728355153586,2.2598239608687596,1.6296512566339338,0.0,0.0
413,4,-3.910877557899537,-13.193968711631824,2.0425557436333617,2.2339041380938136,0.0,0.0
414,4,-0.9777193894748842,-16.265590219418286,1.988238689324512,1.8363222567206692,0.0,0.0
415,6,-8.732381230763352,-3.139224035969058,1.995592666639291,1.7052609858859313,0.0,0.0
416,2,-30.782281464809657,-1.569612017984529,3.3917040262544997,1.5914303696510514,0.0,0.0
417,1,-82.80181487440781,-1.569612017984529,5.762804882834738,3.0690301230672232,0.0,0.0
418,4,-20.700453718601953,-13.461683226793713,2.9183009741248562,2.0813123680515773,0.0,0.0
419,6,-12.186830148825152,-2.2436138711322857,2.126287616503633,1.8244851480914346,0.0,0.0
420,3,-4.7283758444775374,-17.941767664070976,2.43269310635196,2.442058605012426,0.0,0.0
421,6,-0.9720738156423455,-11.514366226328214,1.9835004988500025,2.0639357353646637,0.0,0.0
422,3,-0.3240246052141152,-21.005232698786077,2.1387665863661725,1.7996146585418158,0.0,0.0
423,2,-0.1620123026070576,-36.31630115346532,2.546983046599258,2.9405690317029745,0.0,0.0
424,3,-17.92526616410105,-29.35128520177822,3.1155401389352284,2.154260930540371,0.0,0.0
425,1,-68.95664933420423,-29.41485043065313,5.624523062454581,2.154260930540371,0.0,0.0
426,2,-60.278170351223636,-15.385007177206933,4.4935382304132725,3.00124319327327,0.0,0.0
427,6,-19.852879257975534,-2.5641678628678224,3.0354843432614604,1.7315403267256881,0.0,0.0
428,3,-6.617626419325178,-17.872306337253313,2.4894278678366586,2.405696911955442,0.0,0.0
429,3,-19.54050330382835,-5.957435445751105,2.7037989189752722,1.7869654729292617,0.0,0.0
430,2,-9.770251651914174,-28.58740077680529,2.8294992129038077,2.872009547514928,0.0,0.0
431,2,-5.312087419353224,-40.18579531656104,3.319310953264213,2.5048334001301864,0.0,0.0
432,4,-1.328021854838306,-22.797656506308847,2.3074274917322253,2.3550157806173067,0.0,0.0
433,1,-52.36176238516076,-22.797656506308847,4.818767775470854,2.3550157806173067,0.0,0.0
434,2,-53.42094393004919,-11.398828253154424,4.857601278747849,2.655107643724825,0.0,0.0
435,4,-13.355235982512298,-15.617220786719246,2.692000073103134,1.7803314926442275,0.0,0.0
436,10,-6.560575251766143,-6.779066910453861,1.8393841428696347,1.7803933523193802,0.0,0.0
437,2,-3.2802876258830715,-29.551397281527713,2.3972918248509894,1.957102057770155,0.0,0.0
438,6,-9.053327388763027,-13.516651954581546,1.8771483908913364,1.9950360884139358,0.0,0.0
439,3,-3.145765593240654,-21.50633102186295,2.1498628655397725,2.4767254865565906,0.0,0.0
440,6,-0.8876525425000762,-12.232657127747045,2.007588250508253,1.7574445023347824,0.0,0.0
441,7,-0.21555824252140474,-9.278637984911066,1.7643980749173507,1.9727354667760528,0.0,0.0
442,1,-0.21555824252140474,-61.052520933401155,3.2419978283335222,4.47966734101234,0.0,0.0
443,8,-0.034181487510633254,-14.079675319281032,1.8900861891533198,1.9090416136823896,0.0,0.0
444,5,-0.006836297502126651,-13.19916007726178,1.8556169912468357,1.7180607350899717,0.0,0.0
445,2,-26.24919037724697,-32.699185132265235,3.189695206342894,1.9930678533450574,0.0,0.0
446,7,-11.057212950669042,-4.6713121617521765,2.0864972956452017,1.5512380534060124,0.0,0.0
447,5,-2.2114425901338084,-11.223481023119957,1.8948992125452122,1.9937988062619483,0.0,0.0
448,3,-0.7371475300446028,-20.91660365825906,2.1092328242645757,2.499260390824711,0.0,0.0
449,4,-12.942845651971465,-18.231845685453983,2.008430262979172,2.401883615576062,0.0,0.0
450,2,-6.471422825985733,-35.25768908589398,2.4818148849057575,2.3348616473379975,0.0,0.0
451,1,-57.473702586065656,-35.25768908589398,4.961694398401849,2.3348616473379975,0.0,0.0
452,6,-9.578950431010943,-14.552587760796683,2.30454881981648,1.768598109281814,0.0,0.0
453,5,-12.320786575097625,-2.9105175521593365,2.096071747172039,1.8313193752725347,0.0,0.0
454,8,-7.929999033355993,-0.36381469401991706,1.8687935253781731,1.5218147061482172,0.0,0.0
455,4,-2.1060469860355653,-12.851223258324001,2.0683453624572823,1.4886534915991831,0.0,0.0
456,2,-26.754061530589887,-6.425611629162001,2.704771684530771,2.2219264992157632,0.0,0.0
457,4,-6.82873643979729,-14.381860192356072,2.2940137316986826,1.6812183258982194,0.0,0.0
458,1,-6.82873643979729,-65.92747472600661,3.7716134851148544,4.200456797046985,0.0,0.0
459,3,-19.44663861401617,-21.97582490866887,2.90143059856263,2.8777520190985,0.0,0.0
460,1,-19.44663861401617,-73.0257051619717,4.379030351978802,2.8777520190985,0.0,0.0
461,1,-71.44129734823913,-73.0257051619717,6.783690063975267,4.3553517725146715,0.0,0.0
462,4,-17.860324337059783,-31.01425959160707,3.1735222694099887,2.8242709976589833,0.0,0.0
463,3,-23.69412633089749,-10.563764322431041,3.0549234233359983,2.6447012111978516,0.0,0.0
464,3,-9.023700859852815,-20.664844682799707,3.0968266264620556,2.734503532883782,0.0,0.0
465,1,-9.023700859852815,-72.38020879909412,4.574426379878227,5.231485169394754,0.0,0.0
466,2,-31.279967611637282,-36.19010439954706,4.594551198146046,4.093342338113549,0.0,0.0
467,4,-7.819991902909321,-21.94583989665727,2.6262375529526834,2.2602984846725525,0.0,0.0
468,3,-2.625493773063369,-25.222479777672536,2.3718420764939947,2.1924471141728894,0.0,0.0
469,4,-13.589031017602817,-6.305619944418134,2.2327587070440815,2.025711531959394,0.0,0.0
470,9,-7.231540279265243,-6.445650782516733,1.7653892376600102,1.8334596400634808,0.0,0.0
471,8,-7.363523701157218,-7.311864378229014,1.76252334173523,1.861118061289591,0.0,0.0
472,2,-3.681761850578609,-29.972476480711126,2.358861424283787,3.189262898550251,0.0,0.0
473,4,-1.1142836787922348,-20.249670637369576,2.0673151094871187,2.5314669952455273,0.0,0.0
474,4,-0.2785709196980587,-17.82462932644347,1.9944285307879515,1.7410665638735106,0.0,0.0
475,1,-0.2785709196980587,-69.29947479911894,3.4720282842041232,4.248162771841013,0.0,0.0
476,3,-0.09285697323268623,-40.365702949636805,2.634942514817546,3.268589928218354,0.0,0.0
477,1,-0.09285697323268623,-91.37963250232407,4.112542268233717,3.268589928218354,0.0,0.0
478,5,-0.018571394646537245,-28.604238321957077,2.300108207062915,2.352764289053342,0.0,0.0
479,8,-6.485493548391819,-3.5910482247056286,1.8533484154437831,1.7872137240088335,0.0,0.0
480,3,-2.161831182797273,-19.211903936212156,2.0953825585640993,3.0177752331031975,0.0,0.0
481,4,-0.5404577956993183,-18.217925062450313,2.0014453930571965,2.1420288663041958,0.0,0.0
482,4,-13.14914105199146,-4.569984627484492,2.183662167763907,2.028610331864134,0.0,0.0
483,5,-12.85742838254582,-0.9139969254968984,1.932975025674042,1.8833218197889985,0.0,0.0
484,3,-21.557389920085708,-0.30466564183229944,2.3459147140099597,2.105373693345838,0.0,0.0
485,5,-4.407381559718666,-10.336931285682057,2.0426862719196874,1.6689429181051203,0.0,0.0
486,2,-2.203690779859333,-31.34868191466071,2.4989428893760155,1.9858581600575955,0.0,0.0
487,2,-27.041636573786356,-15.674340957330354,3.3819049815982463,1.7317289567368837,0.0,0.0
488,1,-78.88335755113198,-15.674340957330354,5.660258103537386,3.2093287101530557,0.0,0.0
489,2,-39.72623112715214,-33.846317906763794,4.497430372908966,2.735004391423782,0.0,0.0
490,5,-18.26406643817607,-6.769263581352758,2.468870501847522,2.0246006317009284,0.0,0.0
491,3,-6.08802214605869,-19.45747724072115,2.300556587365346,1.8125655616311709,0.0,0.0
492,3,-2.029340715352897,-23.590862691887356,2.2444519492046204,2.428415900500622,0.0,0.0
493,3,-0.9574784674959046,-25.384135001620148,2.4131047780698935,2.1086207268172883,0.0,0.0
494,9,-0.12120216087401323,-8.553625919749534,1.7605381710206283,1.828160890385047,0.0,0.0
495,4,-0.09083963887709212,-15.090994074382552,1.9782733948299176,1.741535871283908,0.0,0.0
496,1,-0.09083963887709212,-67.1336680305181,3.4558731482460896,4.295210296457377,0.0,0.0
497,3,-0.05356573580853896,-39.562554864022644,2.6528433256810433,2.566388394128074,0.0,0.0
498,7,-0.07810531301108133,-12.937956927033147,1.891803903889823,1.6331409878035863,0.0,0.0
499,2,-0.11740709928224144,-32.158223049090154,2.501856148137784,2.83483083283643,0.0,0.0
500,6,-0.019567849880373574,-14.113037489907063,1.8945757781058024,1.8053244371481805,0.0,0.0
501,1,-0.019567849880373574,-66.00057695666705,3.3721755315219744,4.314589952891173,0.0,0.0
502,2,-25.7809840764762,-33.00028847833352,3.669330549606792,2.8960948531536723,0.0,0.0
503,7,-3.682997725210886,-12.104615273379839,2.001789831931428,1.7585022749431933,0.0,0.0
504,2,-1.841498862605443,-32.14411067320698,2.4784946693818855,1.9717660303304982,0.0,0.0
505,2,-0.9207494313027215,-42.507252477739186,2.7168470881071145,2.0904883456584273,0.0,0.0
506,9,-5.8841307162442025,-4.754842909215347,1.871177709432265,1.709876236267108,0.0,0.0
507,5,-11.702697064884763,-0.9509685818430693,2.2668472349103572,1.5240550499863592,0.0,0.0
508,6,-10.559945939647118,-0.15849476364051154,2.0497914885616155,1.4853423028445363,0.0,0.0
509,3,-20.522293130682343,-17.190195200486116,2.4965080670700113,1.5894766890529797,0.0,0.0
510,3,-6.840764376894114,-22.78129351887593,2.3097691091061754,1.552136289067169,0.0,0.0
511,2,-3.420382188447057,-37.477411466804966,2.6324843079692597,1.8852154076042649,0.0,0.0
512,4,-0.8550955471117643,-23.359691464026003,2.135720830408487,2.8449980779654394,0.0,0.0
513,4,-13.15066988406316,-5.894554021562274,2.172834931422377,2.2434804284633048,0.0,0.0
514,5,-2.630133976812632,-11.645469529440373,1.9121667397006472,2.254391031491879,0.0,0.0
515,2,-1.315066988406316,-31.428188681187972,2.4336831232664955,1.9600163617859976,0.0,0.0
516,5,-10.698361954605417,-6.325048657064281,2.218137184148953,1.5740830750901371,0.0,0.0
517,4,-2.6745904886513543,-14.466424243538047,2.03213404945341,1.606014742353353,0.0,0.0
518,2,-1.3372952443256771,-33.29892786189999,2.4936667781428765,1.9788886891612876,0.0,0.0
519,6,-8.822736720121855,-5.73951660413977,1.9671929539913007,1.868928848521273,0.0,0.0
520,5,-12.111453531519894,-1.147903320827954,2.094592559367839,1.5558655724371921,0.0,0.0
521,3,-4.037151177173298,-17.619048061555823,2.175797273205452,1.6828415359230162,0.0,0.0
522,1,-4.037151177173298,-69.62375877186632,3.6533970266216236,4.283751709522716,0.0,0.0
523,1,-4.037151177173298,-121.54465514605891,5.130996780037796,6.798735733734086,0.0,0.0
524,3,-1.345717059057766,-57.75339368022669,3.1879320134287705,4.124502660230157,0.0,0.0
525,4,-0.3947165928015514,-27.356468409643178,2.283831187408771,2.2645811468728416,0.0,0.0
526,2,-0.1973582964007757,-40.09140281606432,2.619515347120557,3.4415457684774724,0.0,0.0
527,2,-26.0569303359425,-20.188921192485417,3.1553526947399275,3.198372637654908,0.0,0.0
528,3,-26.40041204601012,-6.729640397495139,3.180942938328508,2.0511907148290836,0.0,0.0
529,4,-6.60010301150253,-14.512381562422371,2.272835487998299,2.245125228143473,0.0,0.0
530,6,-1.100017168583755,-11.031010812656541,1.856405668082555,1.692141611137522,0.0,0.0
531,2,-0.5500085842918775,-31.079381330641723,2.4058025874574493,1.6443344917123357,0.0,0.0
532,7,-0.07857265489883965,-11.732687881268143,1.8212858373386644,1.501419001744195,0.0,0.0
533,6,-8.780091181331487,-1.9554479802113571,2.0381606706528497,1.4815696281375093,0.0,0.0
534,2,-29.97959109876557,-0.9777239901056786,3.005417223190672,1.4795846907768406,0.0,0.0
535,4,-7.494897774691393,-13.005538870412897,2.22895405921384,2.108603798996859,0.0,0.0
536,4,-14.847800835003374,-3.2513847176032242,2.2121201229834364,2.0047507031653864,0.0,0.0
537,3,-22.25095396207745,-1.0837949058677414,2.615862037114722,1.65331673666591,0.0,0.0
538,4,-5.562738490519362,-13.159519796261167,2.1315652626948522,2.1762513398653427,0.0,0.0
539,2,-2.781369245259681,-32.276031761865625,2.543382384763598,3.0927760428511926,0.0,0.0
540,3,-18.243495728967115,-10.758677253955208,2.5966883773889866,2.508525101033236,0.0,0.0
541,3,-6.081165242989038,-20.882469175920882,2.343162545879167,2.0245017914345556,0.0,0.0
542,2,-29.102931029859636,-10.441234587960441,3.050659431265943,2.48985064913345,0.0,0.0
543,5,-16.022269743066833,-2.0882469175920884,2.2894151767642663,1.6800499325596274,0.0,0.0
544,2,-33.95923050073792,-1.251388994238046,3.2062505022698757,1.5812466881352336,0.0,0.0
545,4,-8.48980762518448,-13.205117910215833,2.279162378983641,1.6111710403059083,0.0,0.0
546,8,-7.487832134087112,-1.6506397387769791,1.9019139217008125,1.4942961642773889,0.0,0.0
547,3,-2.495944044695704,-17.947393448372946,2.111571060649776,2.3732761156666125,0.0,0.0
548,4,-0.623986011173926,-17.44401162004149,2.005492518578616,1.8906588574464247,0.0,0.0
549,4,-12.983929737499293,-17.37850696914169,2.251854344280124,1.7897504303828455,0.0,0.0
550,2,-32.25081509000354,-8.919110790390796,3.141566606811378,1.7736037448094844,0.0,0.0
551,1,-83.94911575774621,-8.919110790390796,5.249227292770777,3.251203498225656,0.0,0.0
552,4,-33.73812630935361,-2.229777697597699,2.7899065766088658,2.290400627972586,0.0,0.0
553,5,-17.027150047046653,-0.4459555395195398,2.09664828293927,1.935679879010689,0.0,0.0
554,1,-68.10646036305906,-0.4459555395195398,4.65355835236785,1.935679879010689,0.0,0.0
555,1,-68.10646036305906,-52.09719071199473,6.131158105784022,4.473260502167747,0.0,0.0
556,9,-7.579884824967396,-11.538604515243406,2.15883954294773,2.1048245408431914,0.0,0.0
557,2,-3.789942412483698,-31.608213529477357,2.5570195248900367,2.077750480310436,0.0,0.0
558,5,-0.7579884824967396,-16.52342195166579,1.9890036583941793,1.5976298987950246,0.0,0.0
559,4,-13.19232270847681,-4.130855487916447,2.283797301452064,1.507607289760885,0.0,0.0
560,5,-2.6886712787690468,-11.064992023970373,1.9845659507802693,1.9848202451209545,0.0,0.0
561,1,-54.75120728437577,-11.064992023970373,4.390742384742363,3.4624199985371265,0.0,0.0
562,4,-13.687801821093942,-15.764965375896406,2.5752853496017627,2.6481209592466817,0.0,0.0
563,8,-1.7754640934573962,-8.456800181878469,1.8639992879370457,1.7159867471498131,0.0,0.0
564,1,-1.7754640934573962,-59.76959116771946,3.3415990413532173,4.195720225838494,0.0,0.0
565,3,-18.428369849906897,-19.92319705590649,3.105045495529542,2.876173162029003,0.0,0.0
566,3,-6.142789949968965,-24.45057970776135,2.5126149185926856,2.4251501086305374,0.0,0.0
567,3,-2.047596649989655,-25.405164530324342,2.3151380596137336,1.9898413121689014,0.0,0.0
568,3,-0.6825322166632183,-25.670801148946282,2.249312439954083,1.8078074466269607,0.0,0.0
569,3,-0.3639147911667675,-25.888122786726285,2.254990452688043,2.4784115295520963,0.0,0.0
570,1,-51.962291376412445,-25.888122786726285,4.280198451263939,3.956011282968268,0.0,0.0
571,3,-34.728331676556046,-8.649520463910031,3.2112859999816075,2.796270181072261,0.0,0.0
572,6,-5.788055279426008,-10.545082544456998,2.0128140867464395,2.0529578917144806,0.0,0.0
573,4,-14.237352727899216,-2.6362706361142494,2.0079721368765475,1.990839226344792,0.0,0.0
574,8,-1.8029183605306915,-6.733411880311618,1.7285962705257403,1.862326074339348,0.0,0.0
575,2,-0.9014591802653458,-29.35838650102663,2.341897888679042,2.053670630352503,0.0,0.0
576,1,-0.9014591802653458,-80.98848853031241,3.8194976420952136,4.536297885054369,0.0,0.0
577,4,-13.238471219547746,-20.247122132578102,2.6406003400676723,2.611674224679764,0.0,0.0
578,3,-21.66970274906151,-6.749040710859368,2.7500763818727747,1.8556245771707023,0.0,0.0
579,2,-36.886656488870315,-30.77530330789186,3.4937851236207056,2.5849635101212427,0.0,0.0
580,6,-6.147776081478386,-13.656309106710609,2.059897274019623,2.091325684611717,0.0,0.0
581,3,-19.15576591358044,-4.552103035570203,2.5111130174495564,1.6821750638146868,0.0,0.0
582,5,-3.8311531827160876,-11.14592670269067,1.979822356906083,1.5414200549160904,0.0,0.0
583,2,-1.9155765913580438,-31.715238493252002,2.467510931869213,1.960663150935102,0.0,0.0
584,3,-18.068002651346802,-10.571746164417334,2.762333360885602,1.6386208859224818,0.0,0.0
585,2,-34.65257283593756,-5.285873082208667,3.3724311784158454,1.5581103196693267,0.0,0.0
586,4,-21.44885626533147,-1.3214682705521668,2.5888525026706173,1.4977273949794605,0.0,0.0
587,3,-24.507026103876758,-0.4404894235173889,2.455211350589399,1.976842218409325,0.0,0.0
588,1,-76.2183011230095,-0.4404894235173889,4.64220548145574,3.4544419718254966,0.0,0.0
589,3,-42.5764542953427,-0.14682980783912963,3.1725248293360586,2.6290804106913375,0.0,0.0
590,2,-46.865511793991885,-0.07341490391956482,3.5705296626254666,2.0533400820537544,0.0,0.0
591,6,-7.810918632331981,-8.55075089840309,2.0726880305204163,1.9993882749139533,0.0,0.0
592,2,-30.493327417859092,-4.275375449201545,3.1484733022331004,2.4772938908731486,0.0,0.0
593,6,-5.082221236309849,-9.282174872968723,2.002345303788355,2.0645802151939225,0.0,0.0
594,2,-2.5411106181549243,-30.65217936084942,2.478772405310349,3.128569836896272,0.0,0.0
595,1,-2.5411106181549243,-82.11911950139313,3.956372158726521,5.634316995548942,0.0,0.0
596,4,-13.643147557351057,-20.529779875348282,2.7616271832359893,2.5167790639493646,0.0,0.0
597,5,-12.931037543403104,-4.105955975069657,2.2323332219962624,1.6854356155228103,0.0,0.0
598,6,-10.698129163386247,-0.6843259958449428,2.0217762844656657,1.512239063767278,0.0,0.0
599,8,-7.832041504408846,-0.08554074948061785,1.8823709966167685,1.4819296672100601,0.0,0.0
600,7,-1.1188630720584065,-7.366322986405293,1.7465098957899958,1.838832228249587,0.0,0.0
601,10,-5.6435638149715714,-0.7366322986405293,1.9389878735626074,1.5137230008995133,0.0,0.0
602,1,-5.6435638149715714,-51.76116992077363,3.416587626978779,1.5137230008995133,0.0,0.0
603,5,-1.1287127629943143,-20.80822848625798,2.1609172788119273,2.077360512823705,0.0,0.0
604,5,-0.22574255259886286,-14.55037349406447,1.9097832091785574,2.132535038901323,0.0,0.0
605,10,-5.236342278784088,-6.572430183091396,1.7639729624811942,1.7919135339549843,0.0,0.0
606,4,-14.083392390905171,-1.7803330248013287,2.176656471824884,1.556178198550875,0.0,0.0
607,4,-16.327539191730803,-0.4450832562003322,2.285099733467523,1.4972443646998475,0.0,0.0
608,5,-13.465536904580883,-0.08901665124006644,1.934619700109676,1.7770486263561414,0.0,0.0
609,5,-2.6931073809161767,-10.414540623514544,1.864523693438107,2.1032260968553125,0.0,0.0
610,4,-13.612761278281374,-2.618922869823225,2.0952541247019605,2.018693991574589,0.0,0.0
611,4,-3.4031903195703435,-13.565801342013286,2.0014132845916617,2.2465382305731185,0.0,0.0
612,1,-3.4031903195703435,-65.40985480942949,3.4790130380078335,4.8182905759943235,0.0,0.0
613,7,-7.937221389474438,-9.552781549040551,2.154422513386628,2.0382479300047285,0.0,0.0
614,1,-58.97062106023591,-9.552781549040551,4.665421937564273,2.0382479300047285,0.0,0.0
615,3,-19.656873686745303,-20.532125352598072,3.032740399270929,1.9357572356696713,0.0,0.0
616,5,-14.30727911203871,-4.263379963970375,2.2243517438220897,2.021706094000867,0.0,0.0
617,5,-13.119861092043944,-0.852675992794075,2.1250889620560303,1.586421021533111,0.0,0.0
618,5,-2.623972218408789,-10.529984568391038,1.9026175458273777,1.628254054113049,0.0,0.0
619,3,-0.874657406136263,-20.864543284822904,2.1118056020252975,1.8127367775334264,0.0,0.0
620,7,-7.412389594115573,-3.0527044052307266,1.923867661230178,1.5254764711472082,0.0,0.0
621,3,-19.890603227122536,-1.0175681350769088,2.4350166050948268,1.986091910465241,0.0,0.0
622,1,-71.23849830001942,-1.0175681350769088,4.252502333762486,3.463691663881413,0.0,0.0
623,7,-10.176928328574203,-7.56856141082775,2.0851000868108125,2.143163479657587,0.0,0.0
624,3,-3.9143373393381746,-19.734913170864093,2.4604086577842916,1.8748657697330344,0.0,0.0
625,3,-1.3047791131127249,-24.139914368367148,2.2977359726776023,1.98481354132035,0.0,0.0
626,3,-17.678198014235576,-8.04663812278905,2.66101533949565,1.646671016050898,0.0,0.0
627,2,-8.839099007117788,-29.65838553077249,2.808107423163997,1.6807192342209878,0.0,0.0
628,4,-14.986111969749302,-7.414596382693123,2.189268633371185,1.8977795619714186,0.0,0.0
629,4,-3.95651655670912,-14.6277179028046,2.174332580613615,1.5933445498504848,0.0,0.0
630,1,-3.95651655670912,-65.68880045504065,3.651932334029787,1.5933445498504848,0.0,0.0
631,2,-3.066094589139581,-59.42125609641977,4.095456794287746,2.025335749860515,0.0,0.0
632,4,-14.489088902201882,-14.855314024104942,3.0168973823767544,1.9839336908813006,0.0,0.0
633,5,-13.241423333821917,-2.9710628048209884,2.304604851901216,1.5788665409091975,0.0,0.0
634,7,-1.8916319048317025,-7.852661459833462,1.8068290179734883,1.6033249065172286,0.0,0.0
635,6,-0.31527198413861707,-9.926049605896003,1.7787379230784197,1.9397165461533235,0.0,0.0
636,1,-0.31527198413861707,-61.70401422524584,3.2563376764945913,4.447345441932297,0.0,0.0
637,5,-0.06305439682772342,-22.556337046876767,2.12886728871509,2.5784998846900065,0.0,0.0
638,5,-10.23917524031602,-4.511267409375353,2.1177620403097333,1.6977797796709388,0.0,0.0
639,3,-20.516316006963084,-1.5037558031251177,2.5170495247673013,1.5509930955010942,0.0,0.0
640,1,-72.60616651397494,-1.5037558031251177,4.945481772461945,3.028592848917266,0.0,0.0
641,2,-36.30308325698747,-26.91125277804756,3.9503406396471443,3.6454119711958595,0.0,0.0
642,5,-7.260616651397494,-15.808063386708323,2.267667881345601,2.084647408253148,0.0,0.0
643,4,-1.8151541628493735,-16.91307663052997,2.044516723752572,1.8206589574750747,0.0,0.0
644,2,-0.9075770814246867,-34.05165560596181,2.499858115292458,2.89760920543614,0.0,0.0
645,5,-0.18151541628493734,-17.66807918868713,1.9775713764746634,2.1586890933327174,0.0,0.0
646,7,-0.15009391486044693,-10.040628240316563,1.850762949179566,2.0353342807766968,0.0,0.0
647,2,-0.07504695743022347,-30.661969078226022,2.402981228005955,3.027519868107968,0.0,0.0
648,6,-8.640832443066659,-5.110328179704337,1.977624081476576,1.982186398100833,0.0,0.0
649,4,-2.3806564999712103,-14.639633362479488,1.9720057737853158,2.528072555325804,0.0,0.0
650,3,-1.5189518056249873,-21.924001495881672,2.5868414613920274,1.8518029788869013,0.0,0.0
651,4,-13.52930254470352,-5.481000373970418,2.409723065799623,1.9405504981378972,0.0,0.0
652,4,-16.286874873441256,-1.3702500934926045,2.3464238551603462,1.5933374395966031,0.0,0.0
653,8,-2.035859359180157,-6.676665416003072,1.770902735311215,1.5919418329000528,0.0,0.0
654,7,-7.705895401442049,-1.0817140739634408,1.8385578288858042,1.8329247440791814,0.0,0.0
655,4,-14.816698940666233,-14.507067053438783,2.2225904435226767,2.2649247201934335,0.0,0.0
656,4,-4.405305742547976,-16.37748548067353,2.3682310172494083,1.6744309951104872,0.0,0.0
657,5,-0.9200117922054929,-13.64967472455358,1.9512459568660536,2.0539716610341916,0.0,0.0
658,4,-0.23000294805137322,-16.465790459656766,1.965411242632685,2.29472331717701,0.0,0.0
659,3,-17.296431804221722,-5.488596819885589,2.336176636126837,2.242507525808508,0.0,0.0
660,9,-2.0012808683161545,-6.3464201995095175,1.8166300474995611,1.6177356331509651,0.0,0.0
661,2,-26.735835570912364,-3.1732100997547588,2.9197785256406137,1.5476676932835685,0.0,0.0
662,1,-26.735835570912364,-54.21480710231906,4.3973782790567855,1.5476676932835685,0.0,0.0
663,5,-16.471338138004874,-10.842961420463812,2.8314843004500645,1.7871332920728853,0.0,0.0
664,6,-2.9171442678918225,-10.455690957855902,2.041905744529634,1.972091764675555,0.0,0.0
665,2,-1.4585721339459112,-31.06384998942147,2.498552625680989,1.9627558394016371,0.0,0.0
666,4,-13.366371397756271,-7.765962497355368,2.2956556188189188,1.9682887132665812,0.0,0.0
667,4,-16.132342522336536,-1.941490624338842,2.3214158710966193,1.6002719933787741,0.0,0.0
668,2,-33.717106220234044,-0.970745312169421,3.138463535711413,1.538935873397473,0.0,0.0
669,5,-17.646789870438862,-0.1941490624338842,2.714710105276006,1.489866977412432,0.0,0.0
670,1,-17.646789870438862,-52.07554831436978,4.192309858692178,4.068341308806236,0.0,0.0
671,3,-22.888392003670347,-17.358516104789928,2.875036372980231,2.8337135230182504,0.0,0.0
672,8,-9.383516115234581,-2.5605534345570513,2.0021123477623792,1.8362530002031736,0.0,0.0
673,9,-6.796582890055097,-0.3425499366699953,1.7657244085379642,1.7396718640468474,0.0,0.0
674,5,-1.3593165780110195,-10.49498597084382,1.8307446351237644,2.0751053931577985,0.0,0.0
675,4,-0.33982914450275487,-15.70360847477561,1.9352859121971129,2.363629555178395,0.0,0.0
676,4,-0.08495728612568872,-16.898819777384887,1.96142123146545,1.872134267485963,0.0,0.0
677,8,-0.01061966076571109,-8.612505226234015,1.7227774073493531,1.625232413434273,0.0,0.0
678,4,-0.0026549151914277724,-14.971718447621173,1.90829410525351,1.568557670170086,0.0,0.0
679,1,-0.0026549151914277724,-66.99895495170885,3.385893858669682,1.568557670170086,0.0,0.0
680,2,-26.390116963706944,-34.59205913837045,4.128385530520804,1.8206059326318031,0.0,0.0
681,4,-19.511327302058262,-8.648014784592613,2.638225883977994,1.9327512365741226,0.0,0.0
682,4,-17.630024694432844,-2.1620036961481532,2.1371562244106705,1.9607875625597024,0.0,0.0
683,8,-8.717207410527017,-0.27025046201851916,1.9232583144479811,1.537998229559113,0.0,0.0
684,5,-12.076875165355997,-0.18125546345050422,1.973308815707658,1.8395863133591948,0.0,0.0
685,3,-4.025625055118666,-17.31532761988137,2.1353693586520577,2.4641021933783205,0.0,0.0
686,6,-0.6709375091864443,-11.58832578043922,1.833494646524848,2.101494429214252,0.0,0.0
687,1,-52.43243510202805,-11.58832578043922,4.04537250884559,3.5790941826304237,0.0,0.0
688,3,-17.710065945610385,-20.87049168409767,2.826057256364702,3.008595569047435,0.0,0.0
689,2,-34.881182306644476,-10.435245842048834,3.5173177710664127,2.243097661231803,0.0,0.0
690,3,-11.627060768881492,-20.73035713423523,2.6500390104383094,2.58912058088291,0.0,0.0
691,6,-10.5867147601021,-3.4550595223725384,2.0365877735687694,1.90911985022999,0.0,0.0
692,4,-2.646678690025525,-13.801746203835613,1.986746696808364,1.7282597778901319,0.0,0.0
693,2,-28.060095304798786,-32.902387724761276,3.198373549504306,2.940296005990514,0.0,0.0
694,4,-19.86218469379127,-8.225596931190319,2.534776967303456,1.8432738165597573,0.0,0.0
695,3,-6.81260732740984,-19.993843221835636,2.46317952296022,1.8121025581459012,0.0,0.0
696,4,-14.706972804843906,-5.098497603290256,2.2966423687641697,2.0306621907839943,0.0,0.0
697,1,-14.706972804843906,-56.695546195878556,3.7742421221803415,4.5587996877685635,0.0,0.0
698,2,-33.025490483033664,-28.347773097939278,3.5187315509846937,3.7569995973004535,0.0,0.0
699,7,-12.363451787080292,-4.049681871134182,2.233494696255222,2.014313981601951,0.0,0.0
700,3,-4.121150595693431,-19.07782045235354,2.2220979855012457,2.0158855030679956,0.0,0.0
701,2,-2.0605752978467153,-35.144933675634434,2.5886487461667946,3.011571302392505,0.0,0.0
702,5,-10.742340558126646,-7.028986735126887,2.212444670717541,1.7843940632114381,0.0,0.0
703,2,-32.56582182691778,-3.5144933675634435,3.959647680175874,1.630996908313805,0.0,0.0
704,6,-5.427636971152963,-9.287852382304932,2.137541033445484,1.9819751654625886,0.0,0.0
705,6,-9.467099335007267,-1.5479753970508219,1.8790539272896918,1.8079289476599367,0.0,0.0
706,7,-1.3524427621438952,-7.553236030531693,1.7460360287432708,1.5568279621811165,0.0,0.0
707,10,-5.241749112609724,-0.7597013495892906,1.7526214810865146,1.4855225742926663,0.0,0.0
708,4,-1.310437278152431,-13.013805551280166,1.9157551236878003,1.5277703960144169,0.0,0.0
709,5,-0.27605895195643004,-13.023874515852299,1.8747222744796759,1.6595553458576524,0.0,0.0
710,3,-0.09201965065214335,-21.54465285546952,2.1025071782427305,1.7110453465410853,0.0,0.0
711,4,-12.781566052153844,-5.38616321386738,2.261787687467662,1.5359611516974,0.0,0.0
712,7,-1.8259380074505491,-8.075184342374966,1.8007122801972664,1.4961642727364326,0.0,0.0
713,6,-8.997721308444794,-1.3458640570624942,1.9140821891705728,1.7269604655389106,0.0,0.0
714,2,-4.498860654222397,-27.157484122076344,2.4346408480014583,2.1476983720159932,0.0,0.0
715,6,-9.461586033544423,-4.52624735367939,2.0318267924628257,1.835549482085504,0.0,0.0
716,1,-61.264818876846434,-4.52624735367939,4.225815670335712,3.313149235501676,0.0,0.0
717,5,-22.528147972617496,-0.905249470735878,2.5434021901101893,1.8447096498332727,0.0,0.0
718,6,-12.353827454649055,-0.21052825580630963,2.0887876792976976,1.5436114081608536,0.0,0.0
719,4,-16.017865558283766,-0.22604486084855638,2.2862909121155335,1.4941026671023423,0.0,0.0
720,1,-16.017865558283766,-51.73580901272126,3.7638906655317053,4.126756165658948,0.0,0.0
721,2,-8.008932779141883,-51.878318605474234,3.3595450861820244,3.119101761749361,0.0,0.0
722,7,-1.1441332541631262,-14.911856985853587,1.9575347657278894,1.8139778525694514,0.0,0.0
723,5,-10.886021527109325,-2.9823713971707173,2.1579541029725835,1.8403953239300619,0.0,0.0
724,6,-1.8143369211848874,-9.114989046689184,1.837258770578269,1.9748702455219143,0.0,0.0
725,5,-0.5392414943469973,-12.281557508400084,1.9632385625868356,1.7765991420802074,0.0,0.0
726,1,-52.621943611121715,-12.281557508400084,4.486204836098608,3.254198895496379,0.0,0.0
727,6,-8.770323935186953,-10.67028876078875,2.2253005594326063,1.8779898712228247,0.0,0.0
728,7,-1.2756844988858707,-8.815331601460752,1.7954998333351155,1.8940315135103618,0.0,0.0
729,4,-0.5398046853136318,-15.071989283441606,2.11961643713518,1.667029372747585,0.0,0.0
730,9,-5.826180778948786,-1.7205839163770797,1.8480895277055107,1.49864748889744,0.0,0.0
731,7,-0.8323115398498266,-7.6000849567195115,1.7416125430883878,1.8502338876128885,0.0,0.0
732,2,-0.6820912286455619,-30.009930879892202,2.58137375432069,2.1091536152839465,0.0,0.0
733,6,-0.113681871440927,-13.569422330678888,1.9078287124696203,1.630093010169424,0.0,0.0
734,8,-0.09492757964344052,-8.25283999142323,1.7967956881881988,1.6231962056812272,0.0,0.0
735,3,-17.043765309588927,-2.7509466638077433,2.076531649478905,2.018665155309914,0.0,0.0
736,3,-22.77273967611647,-0.9169822212692478,2.5084098317140917,1.6579548873807528,0.0,0.0
737,8,-2.8465924595145586,-7.050479739853934,1.7911509823804332,1.7661507225306958,0.0,0.0
738,3,-18.444005436161117,-2.3501599132846445,2.3972252968005465,2.066316660926404,0.0,0.0
739,2,-34.81385762339748,-1.1750799566423222,3.184852962459053,1.7719582071712878,0.0,0.0
740,5,-17.170249881904248,-0.23501599132846446,2.1145703459079828,1.8319913948504294,0.0,0.0
741,5,-3.502977628901244,-10.253687965458136,1.9694414751181626,1.5484780817030233,0.0,0.0
742,3,-1.167659209633748,-20.774723950969722,2.134080245122226,1.7815844405915797,0.0,0.0
743,2,-0.583829604816874,-36.26199346366529,2.5446398759772846,1.8850217458689507,0.0,0.0
744,4,-13.167602655866812,-9.065498365916323,2.3228438082783898,1.9488551898834094,0.0,0.0
745,7,-9.216404638187921,-8.586446192146587,1.9678513891973013,1.5449219586257772,0.0,0.0
746,6,-1.5360674396979868,-10.038223459054999,1.8055749849490554,1.9191776844947694,0.0,0.0
747,1,-53.426299452550936,-10.038223459054999,4.070937396636937,3.3967774379109414,0.0,0.0
748,1,-105.26445309621243,-10.038223459054999,6.34633775057599,4.874377191327113,0.0,0.0
749,2,-52.63222654810622,-30.835584493310716,4.650768628704167,4.458072974106773,0.0,0.0
750,6,-8.772037758017703,-13.730186635399845,2.2527278582001995,2.0425563687487154,0.0,0.0
751,4,-2.1930094395044257,-16.210684899274955,2.0407817179662215,2.249446310442794,0.0,0.0
752,3,-0.7310031465014752,-22.746736973691963,2.157860326071579,2.6610206363110263,0.0,0.0
753,4,-0.1827507866253688,-18.659038151654745,2.0170648349340663,2.4428646931397684,0.0,0.0
754,2,-0.0913753933126844,-35.17334471678596,2.486132170883205,2.250795009817596,0.0,0.0
755,2,-25.729872139524304,-17.58667235839298,2.895807426007604,2.6029972583249696,0.0,0.0
756,4,-19.369331381324294,-4.396668089598245,2.3432541756479948,2.128349067997414,0.0,0.0
757,2,-9.684665690662147,-28.375614329756633,2.649226841240169,3.2647489580761633,0.0,0.0
758,5,-12.364724820690174,-5.675122865951327,2.183065050092695,2.1305495450314043,0.0,0.0
759,9,-7.14721614810136,-6.438395162867782,1.8016026157947698,1.8576193727692387,0.0,0.0
760,2,-29.742409767078243,-3.219197581433891,3.1205825501073985,1.6676095630927052,0.0,0.0
761,2,-14.871204883539122,-27.32854210932907,3.037891028469871,2.8310200826616327,0.0,0.0
762,8,-1.8589006104423902,-10.220442680079698,1.8573361319749058,2.1730379709114236,0.0,0.0
763,3,-0.61963353681413,-20.571367269475942,2.096711797407807,2.558647682512255,0.0,0.0
764,2,-0.32855608606350434,-36.46638746231283,2.5446949697765144,2.430931954613335,0.0,0.0
765,2,-0.16427804303175217,-43.9060166055841,2.749947238304429,2.104107852285665,0.0,0.0
766,5,-0.03285560860635044,-19.767664310596036,2.0275892010770575,2.4678451880563665,0.0,0.0
767,3,-17.649117640227743,-6.95023470419807,2.76001032430969,1.9363526540738114,0.0,0.0
768,4,-17.377540374616306,-1.7375586760495174,2.4491735435556063,1.5922879785805817,0.0,0.0
769,7,-9.82844593342888,-0.2482226680070739,1.9790323836063266,1.4939837855825162,0.0,0.0
770,3,-3.2761486444762933,-17.245945060910486,2.1372772146182806,1.6366328938519759,0.0,0.0
771,2,-27.85210960195596,-8.622972530455243,3.0034414151321593,2.29591620034216,0.0,0.0
772,2,-13.92605480097798,-30.498178183707847,2.9793204609822515,3.3536905975542166,0.0,0.0
773,6,-10.82737919500435,-5.083029697284641,2.1471898917545666,1.7902815607725124,0.0,0.0
774,6,-10.427775430913115,-1.024777654141243,2.0178341822714905,1.5542366115196369,0.0,0.0
775,9,-7.1771980532115975,-0.15069772650265392,1.8581372598072308,1.6502927102516871,0.0,0.0
776,6,-10.213315510234262,-0.02511628775044232,2.0837739336446996,1.7526485384581196,0.0,0.0
777,2,-5.106657755117131,-26.535119665761226,2.519486720238522,2.124957318536258,0.0,0.0
778,1,-5.106657755117131,-78.38184772837369,3.9970864736546936,4.697189950942839,0.0,0.0
779,6,-9.462613050655714,-13.06364128806228,2.339164359544418,2.0141981196706165,0.0,0.0
780,1,-61.49437420407799,-13.06364128806228,4.791946178978441,3.4917978730867882,0.0,0.0
781,4,-28.350169111283005,-3.26591032201557,2.9593262341451463,1.981149283333826,0.0,0.0
782,1,-79.41032087788057,-3.26591032201557,5.497077754158875,1.981149283333826,0.0,0.0
783,4,-33.05591994673581,-0.9329740019615309,3.2373131597207756,1.6034871358955853,0.0,0.0
784,6,-6.008056783170315,-8.865278531998463,2.3075761009698126,1.640133749753187,0.0,0.0
785,2,-28.50780294139104,-4.4326392659992315,2.6313878039010783,2.2976666282927654,0.0,0.0
786,3,-26.920788237554817,-1.911451439752426,2.7787237448459017,1.9365149661465404,0.0,0.0
787,6,-13.028572823439463,-0.31857523995873765,1.96782024180348,1.8003522477739284,0.0,0.0
788,5,-12.986637109718469,-0.06371504799174753,2.01126290843201,1.8376702029709577,0.0,0.0
789,5,-2.5973274219436937,-10.238722273741377,1.8798523351025735,1.575065134572694,0.0,0.0
790,3,-18.194394590934138,-3.412907424580459,2.3709326427020696,2.002621464940403,0.0,0.0
791,3,-23.10102300651373,-1.1376358081934863,2.302521814646844,2.1451402417296395,0.0,0.0
792,3,-24.932677137530305,-0.37921193606449544,2.4210041618494467,2.192646500659385,0.0,0.0
793,5,-15.317690960428289,-0.2574013146828567,2.1955041498118026,1.7148467544579735,0.0,0.0
794,5,-3.284143073248498,-10.304365010181765,2.0724126579756574,2.0289285663301295,0.0,0.0
795,2,-1.642071536624249,-31.21588397309784,2.5138060824040007,3.1027408931744516,0.0,0.0
796,4,-13.343500930239289,-7.85887635796495,2.398208512487699,1.8838850383557417,0.0,0.0
797,4,-16.281542332732528,-2.25195187373338,2.224267756402406,2.042187405126178,0.0,0.0
798,5,-3.2563084665465056,-10.845619135130125,1.9224533046966528,2.1261223290651072,0.0,0.0
799,3,-1.0854361555155019,-20.966200429734624,2.1184175216483894,1.9703196403569114,0.0,0.0
800,1,-52.7735051082669,-20.966200429734624,5.28408622781596,1.9703196403569114,0.0,0.0
801,6,-17.48588810161672,-12.280466332081252,2.5657970335777165,1.6818729262540353,0.0,0.0
802,1,-68.75680127959154,-12.280466332081252,5.3143099649687064,1.6818729262540353,0.0,0.0
803,4,-18.3681104624324,-17.12680610832289,3.432867526999501,2.2165487697350708,0.0,0.0
804,2,-34.966175118588154,-8.563403054161444,3.7362072808828795,1.8470742615756213,0.0,0.0
805,4,-8.741543779647039,-15.127652092858638,2.4116515736368918,2.2426487098020793,0.0,0.0
806,5,-1.7483087559294077,-13.388084224668958,1.95993006814355,1.7492835117769245,0.0,0.0
807,5,-10.768524098026184,-2.677616844933792,2.038903286141427,1.8274564557715567,0.0,0.0
808,5,-12.549958559239585,-0.5355233689867583,2.0389694346539717,1.8430910445704831,0.0,0.0
809,3,-21.58627174055758,-17.26934242245154,2.59996511666889,1.6823400987839874,0.0,0.0
810,1,-72.64676487088066,-17.26934242245154,5.138058000408144,1.6823400987839874,0.0,0.0
811,2,-36.32338243544033,-34.41967830365709,4.046628753620244,2.8498569279830153,0.0,0.0
812,4,-22.09327497806187,-8.604919575914273,2.7922136280352774,1.8206640470578828,0.0,0.0
813,9,-2.484856137785686,-6.65158267971153,1.817893518976681,1.5402729967920885,0.0,0.0
814,3,-0.8282853792618954,-19.659959503379522,2.083564259741732,1.8263312743998366,0.0,0.0
815,10,-0.4577286460655311,-7.076044336887113,1.9068962442739497,1.5220793482482267,0.0,0.0
816,1,-52.104072904693176,-7.076044336887113,3.971714595414646,2.999679101664398,0.0,0.0
817,6,-17.289267548732287,-1.179340722814519,2.322745835120391,1.7312796447908763,0.0,0.0
818,4,-17.263351083110308,-0.29483518070362974,2.3527513782252605,1.541019726259848,0.0,0.0
819,7,-2.466193011872901,-7.395938248745915,1.8137070931626376,1.551084797059586,0.0,0.0
820,5,-0.6111003082249985,-11.682600056615494,1.9582028778991176,1.4922967621448546,0.0,0.0
821,7,-0.08730004403214264,-9.077450993019596,1.7573430216874744,1.5727905303765561,0.0,0.0
822,6,-0.01455000733869044,-10.216866464056382,1.770490257030751,2.0686490188473825,0.0,0.0
823,9,-0.07875228439170123,-6.904946986763738,1.6743208930862552,1.8371472129209987,0.0,0.0
824,5,-10.678696947579645,-1.554923849686125,2.0918720430088467,1.9225187843852551,0.0,0.0
825,4,-2.763163569337292,-13.3455124421131,2.094057096610764,1.719741468800407,0.0,0.0
826,4,-0.690790892334323,-16.421153966744747,2.001114027568863,1.7595528537361187,0.0,0.0
827,2,-26.78309018380727,-8.210576983372373,2.959545133032453,2.357376180284231,0.0,0.0
828,6,-4.4638483639678785,-9.965461754581389,1.9708572755882472,2.1341947074828695,0.0,0.0
829,2,-2.2319241819839393,-30.68500350467508,2.4630283912102953,3.0529444448455276,0.0,0.0
830,7,-0.4430044771541692,-11.70503409289836,1.8294609521604996,2.060225738428559,0.0,0.0
831,4,-0.1107511192885423,-15.72352489083569,1.9349649914562967,1.6502802846460625,0.0,0.0
832,3,-17.422361189996554,-5.241174963611897,2.5399837397508893,1.535159930492802,0.0,0.0
833,2,-34.49082909826427,-2.6205874818059485,3.2546575925576215,1.506379841954487,0.0,0.0
834,4,-21.66270337802043,-0.6551468704514871,2.590761628468019,1.4847947755507507,0.0,0.0
835,1,-21.66270337802043,-52.170398857565885,4.068361381884191,3.998809318337643,0.0,0.0
836,6,-12.164354136923228,-8.695066476260982,2.195349145193132,2.144067973139112,0.0,0.0
837,5,-2.4328708273846456,-12.024661549977292,1.9166695824547983,2.130343155004968,0.0,0.0
838,3,-0.8109569424615485,-21.27322155146147,2.1164896142344376,2.5542421979774494,0.0,0.0
839,1,-51.876310744405295,-21.781502219435993,4.659443169594356,2.5542421979774494,0.0,0.0
840,2,-25.938155372202647,-36.85401064434113,3.8073213382133497,2.3868788134469154,0.0,0.0
841,5,-5.493686854814358,-17.602094456513303,2.344673466944612,2.1593898409323655,0.0,0.0
842,4,-14.300890895728193,-4.427469129483145,2.338531595842687,1.6707485485976297,0.0,0.0
843,4,-16.50224702229945,-1.1068672823707864,2.1416438681925607,1.895286890565579,0.0,0.0
844,2,-8.251123511149725,-26.674255418840954,2.548421687512452,2.1280000456774784,0.0,0.0
845,1,-59.33112675475439,-27.07262362323426,5.106024684533287,2.1280000456774784,0.0,0.0
846,1,-111.2070095568394,-27.07262362323426,7.429833655744582,3.60559979909365,0.0,0.0
847,6,-18.534501592806567,-13.124011008276549,2.7159053627069354,2.272305326966165,0.0,0.0
848,5,-13.928578791080927,-2.6248022016553096,2.030414733381408,1.9320608188094048,0.0,0.0
849,4,-3.4821446977702317,-13.522045904975311,1.9852034367615237,1.698187785537369,0.0,0.0
850,1,-3.4821446977702317,-65.5772820578731,3.4628031901776954,4.254088872724614,0.0,0.0
851,4,-0.8705361744425579,-29.4326654736387,2.3433005509605955,2.273289883344336,0.0,0.0
852,3,-17.315407497137308,-9.8108884912129,2.2674142530450387,2.235363047864284,0.0,0.0
853,4,-4.328851874284327,-15.317747957852498,2.0444533166774317,1.7550325708617336,0.0,0.0
854,1,-4.328851874284327,-67.29115671987182,3.5220530700936035,4.296497542909831,0.0,0.0
855,3,-18.506153961509185,-22.430385573290607,2.698766361974395,2.9097656010527824,0.0,0.0
856,1,-69.55653130290531,-22.430385573290607,5.226743456786704,2.9097656010527824,0.0,0.0
857,8,-15.16329082710481,-2.931963181804747,2.278164042147048,1.7093594524895617,0.0,0.0
858,2,-33.19378673640631,-1.4659815909023735,2.701729912769507,2.3322794796609525,0.0,0.0
859,1,-84.85023476107366,-1.4659815909023735,4.826332749591044,3.8098792330771243,0.0,0.0
860,5,-27.256394964260227,-0.2931963181804747,2.6517799056119347,1.9440556493483623,0.0,0.0
861,2,-39.41899589396327,-0.14659815909023735,3.3472119636077298,1.710827701382267,0.0,0.0
862,4,-22.87855683587724,-13.079869019294497,2.5981244664262193,1.69275969464764,0.0,0.0
863,2,-11.43927841793862,-32.575465154603535,2.776661986629281,1.9885457642884505,0.0,0.0
864,3,-20.81718347099905,-10.858488384867846,2.7405777473121087,1.647915090373598,0.0,0.0
865,3,-6.939061156999684,-21.543209836614484,2.391125669186875,2.8607592700136895,0.0,0.0
866,5,-11.761593202604725,-15.147920220427142,2.1954408711411966,2.1233891255036985,0.0,0.0
867,3,-3.9205310675349083,-22.433639773833647,2.209413377129904,2.0021214882204785,0.0,0.0
868,2,-27.716445368376334,-11.216819886916824,2.7858158448461485,2.478660497526411,0.0,0.0
869,4,-7.0743645269631,-15.559317772810056,2.3193068994967256,2.352377678878625,0.0,0.0
870,9,-0.7860405029959,-7.407974924393773,1.735300520026919,1.5832335239879478,0.0,0.0
871,2,-0.5986097749277922,-29.49486264826768,2.5480447751445525,1.7775558525044024,0.0,0.0
872,8,-6.468614197393832,-3.80908866304327,1.9289487165701382,1.5150942658022006,0.0,0.0
873,2,-30.766904945008065,-1.904544331521635,4.091620536253614,1.4963470096091862,0.0,0.0
874,4,-20.75324337613294,-0.47613608288040876,2.7430067694580513,1.8516865058184684,0.0,0.0
875,3,-24.33715853921876,-0.15871202762680292,2.8858424571097316,1.6022953375502709,0.0,0.0
876,3,-25.687325498100282,-0.05290400920893431,2.9906870019640883,1.5191649481275382,0.0,0.0
877,3,-25.710019495133896,-0.017634669736311438,2.8187693738913935,1.4914548183199605,0.0,0.0
878,2,-39.151152054453746,-0.008817334868155719,3.710818508935756,1.484527285868066,0.0,0.0
879,1,-90.58567282234665,-0.38929093354794153,6.622939030244838,1.484527285868066,0.0,0.0
880,6,-15.097612137057775,-8.764361105670412,2.5814229251236447,1.6357539975560806,0.0,0.0
881,3,-5.175021702614655,-20.2302171294986,2.4805583853861175,1.770151711320769,0.0,0.0
882,1,-56.94662899000283,-20.2302171294986,4.698125383657139,3.2477514647369405,0.0,0.0
883,4,-14.504741658416414,-18.017673090740356,2.8391873732742607,2.6821730376513413,0.0,0.0
884,4,-3.6261854146041035,-17.55889526490681,2.187396596734737,1.928752371376869,0.0,0.0
885,4,-13.821188699967639,-5.048556076712203,2.2926202204269437,1.9044597998678463,0.0,0.0
886,3,-4.607062899989213,-18.761081503430642,2.2418064935584865,2.4541691411836837,0.0,0.0
887,4,-1.34187467130454,-17.444483612039654,2.0380513768057935,2.345355274894086,0.0,0.0
888,6,-8.931662166340422,-2.9074139353399424,2.0303874020442447,1.6222256736624907,0.0,0.0
889,4,-15.045102948467035,-0.7268534838349856,2.2409773509884574,1.5137562334777515,0.0,0.0
890,4,-16.828110825747025,-0.249636528550022,2.3573800065155988,1.4866388734315668,0.0,0.0
891,5,-3.365622165149405,-10.35076161758601,1.9490757547192914,1.9969950063013364,0.0,0.0
892,2,-1.6828110825747025,-32.051756400454046,2.4521376307758174,3.4766659058057092,0.0,0.0
893,3,-0.5609370275249008,-27.695824665471047,2.2949789636747777,2.980676359275865,0.0,0.0
894,1,-52.24927288991412,-27.695824665471047,4.394427840518658,4.458276112692037,0.0,0.0
895,4,-26.09859268703712,-6.923956166367762,2.764286885756766,2.592168781589181,0.0,0.0
896,6,-4.422701585469498,-9.868640073991148,2.011250372005611,1.8288800846664628,0.0,0.0
897,4,-13.884973768672179,-2.467160018497787,2.2416015640869014,1.5654198362287446,0.0,0.0
898,2,-32.923287869894054,-1.3428835657506992,3.2756769347690073,1.521509794822458,0.0,0.0
899,8,-10.570081000169658,-0.1678604457188374,2.031259037257887,1.4830885085919576,0.0,0.0
900,2,-31.152141742734745,-0.0839302228594187,3.089192030793031,1.4803441310040646,0.0,0.0
901,6,-13.952867640037093,-0.013988370476569784,2.298008300414952,1.4780571496808206,0.0,0.0
902,6,-10.974144549516202,-0.0023313950794282973,2.0627242449340053,1.4776759861269466,0.0,0.0
903,3,-3.7824886921062304,-17.57818616956546,2.2896150106616697,1.6997543254171188,0.0,0.0
904,3,-18.603477382585552,-5.859395389855153,2.5275337802156836,2.044184528555211,0.0,0.0
905,2,-9.301738691292776,-28.818336042297748,2.741366643524014,3.0767722672611586,0.0,0.0
906,1,-61.298160676525846,-28.818336042297748,5.147479323980004,4.554372020677331,0.0,0.0
907,7,-8.75688009664655,-11.566314964256735,2.2129539425561724,2.308389717633802,0.0,0.0
908,2,-30.197402554985842,-5.804130182354543,3.211014343390728,1.892994735524987,0.0,0.0
909,8,-3.893762665411865,-7.101206670269774,1.8789765463400128,1.8399144928322517,0.0,0.0
910,5,-0.778752533082373,-11.684149437847328,1.8533950626841744,2.0624941449687664,0.0,0.0
911,5,-0.1557505066164746,-12.73375310288832,1.8482787659530069,2.129108178353341,0.0,0.0
912,2,-0.0778752533082373,-32.29756077648602,2.401739136392675,3.0898358355069395,0.0,0.0
913,3,-0.025958417769412434,-27.995377253652038,2.2781794655470633,2.9206324702661863,0.0,0.0
914,4,-12.885018988460184,-6.998844313413009,2.1469935843338765,2.2077578709827184,0.0,0.0
915,10,-6.503722985452564,-5.912358001552996,1.7615730185258787,1.841575204049819,0.0,0.0
916,4,-1.625930746363141,-14.302797653420871,1.9179930080476415,2.2128127238621227,0.0,0.0
917,4,-13.206314468799183,-4.086770910446726,1.9856462828902124,2.234493433412205,0.0,0.0
918,2,-6.603157234399592,-27.944500962904282,2.470422894861278,3.1585704386009095,0.0,0.0
919,7,-0.9433081763427988,-11.389326009965558,1.8305173098249257,2.0943228204120055,0.0,0.0
920,1,-0.9804462275937778,-62.84246965575163,3.345255114492076,2.0943228204120055,0.0,0.0
921,6,-0.5459787247494168,-19.161150637878606,2.3013261331174086,1.7244169281242898,0.0,0.0
922,2,-26.844144371949156,-9.580575318939303,3.4593886067930066,2.339808217478317,0.0,0.0
923,5,-15.664599441736328,-1.9161150637878606,2.2385478750795786,1.9455613969118353,0.0,0.0
924,8,-8.475194486157834,-0.2687604249165889,1.8675511125823967,1.7500409699732575,0.0,0.0
925,1,-60.45386355629548,-0.2687604249165889,4.205278518854438,3.2276407233894293,0.0,0.0
926,7,-16.061113555263493,-0.13778596230107817,2.1843943529872223,2.0380829012133703,0.0,0.0
927,3,-5.485031844885396,-17.054059353939543,2.321394867644029,1.6644274693485712,0.0,0.0
928,3,-1.8283439482951318,-22.951343573093897,2.251398042630848,1.7563629517480195,0.0,0.0
929,3,-0.609447982765044,-24.85479479749424,2.2280657676264544,2.43312448016901,0.0,0.0
930,5,-0.1218895965530088,-15.179089582325242,1.9232129069414625,2.1723552722763673,0.0,0.0
931,9,-0.013543288505889865,-7.452704926573418,1.6912900764096674,1.6302500518555856,0.0,0.0
932,7,-0.0019347555008414094,-8.440280198697472,1.719212621474696,1.5702223388803984,0.0,0.0
933,8,-6.468259724341105,-1.1155465412384442,1.7667732604721307,1.7343890621774818,0.0,0.0
934,3,-2.1560865747803684,-17.482628533138932,2.0665241735735487,2.424574230600437,0.0,0.0
935,2,-1.0780432873901842,-34.51210604635874,2.510861840202946,3.222803695155656,0.0,0.0
936,1,-1.0780432873901842,-86.55174242762443,3.988461593619118,5.830135853854969,0.0,0.0
937,2,-26.40124088258284,-43.275871213812216,3.99297963847133,3.6538678036355705,0.0,0.0
938,4,-6.60031022064571,-23.86869321303358,2.475844663034004,2.227970812324177,0.0,0.0
939,2,-3.300155110322855,-38.313756043526176,2.715522084933174,3.3188952198629122,0.0,0.0
940,4,-0.8250387775807138,-22.516864207497996,2.156480274649465,2.5824172719567713,0.0,0.0
941,1,-0.8250387775807138,-73.58137482248752,3.634080028065637,2.5824172719567713,0.0,0.0
942,2,-26.356243988294402,-36.79068741124376,3.8761739132083535,2.0300085126864715,0.0,0.0
943,5,-15.495787213052438,-7.519500165627143,2.2657198985969584,1.9242827976426617,0.0,0.0
944,3,-22.417707667079117,-2.5065000552090475,2.435143091743807,2.1190273526303924,0.0,0.0
945,6,-3.736284611179853,-8.923135124131562,1.883456935373473,1.5845043532852088,0.0,0.0
946,5,-11.136404996038873,-12.216995295346532,2.0957851535504757,1.674501164003256,0.0,0.0
947,5,-12.524826070328423,-2.443399059069306,1.9778000015774002,1.8124999862168232,0.0,0.0
948,7,-1.7892608671897747,-7.7109486033620005,1.7601426107843718,1.5822364942137142,0.0,0.0
949,3,-18.23849883653922,-3.494895974426413,2.4593942648678038,2.3881771608097084,0.0,0.0
950,5,-3.647699767307844,-10.93344555497457,1.9694786063897325,2.1708001172515066,0.0,0.0
951,8,-6.862442363729886,-7.824104552181549,1.752875097011485,1.8852098642529307,0.0,0.0
952,2,-3.431221181864943,-30.2561218407468,2.354037301921914,2.0921193259877087,0.0,0.0
953,6,-9.075432935826518,-5.0426869734578,1.8699393037364906,1.8262863077474565,0.0,0.0
954,8,-7.573988589980378,-0.630335871682225,1.8498342952391085,1.5211855727075823,0.0,0.0
955,2,-29.409044164625513,-0.3151679358411125,2.5150886969728328,2.2381925397699627,0.0,0.0
956,3,-27.18374376742015,-0.3062601025404516,2.618469495510713,2.42486805726624,0.0,0.0
957,6,-13.06421097515741,-8.61853007862691,1.942389376291066,2.0556186925841575,0.0,0.0
958,5,-12.892684283723597,-1.7904497549230765,1.9447262163877912,1.8887234919330034,0.0,0.0
959,4,-16.320380345998096,-0.4476124387307691,2.3655946053360846,1.5803806880453797,0.0,0.0
960,7,-2.358000147249281,-7.38008948456927,1.8155418398927554,1.8569376583323496,0.0,0.0
961,6,-0.4437878287516221,-10.313977209438548,1.8309778642750398,1.8966881092225794,0.0,0.0
962,2,-0.22189391437581105,-31.192052617301048,2.3930886855536917,2.034175541674336,0.0,0.0
963,2,-26.958036595075267,-15.596026308650524,3.5467804710722866,2.4946875242533397,0.0,0.0
964,5,-15.691582112119528,-3.125392344438745,2.2662675650124218,1.9796307996211595,0.0,0.0
965,2,-33.940885128170294,-1.5626961722193724,3.040776626840454,2.4674151532267516,0.0,0.0
966,4,-8.485221282042573,-13.189994263099631,2.2377939101262854,1.767333320140665,0.0,0.0
967,7,-8.591705885331006,-1.8842848947285187,1.9638878808001163,1.5189902629482421,0.0,0.0
968,3,-20.565470852899427,-0.6280949649095062,2.7537319263542486,1.491396589926862,0.0,0.0
969,6,-12.078342314217588,-0.10468249415158437,2.137866595073043,1.4798992261679533,0.0,0.0
970,4,-3.019585578554397,-13.029675508237384,2.0120664021844323,1.6738145189237463,0.0,0.0
971,6,-0.5817885040554591,-10.991947424823138,1.8772062742617737,2.0483600945156835,0.0,0.0
972,8,-6.4668884132385065,-1.3739934281028923,1.7287971411051875,1.7336447652306322,0.0,0.0
973,4,-2.1509794390276062,-13.436380840498641,2.205833956551458,2.286704431770127,0.0,0.0
974,4,-0.5377448597569016,-16.312755137927446,2.0290582425540364,1.8585577331764334,0.0,0.0
975,5,-10.444098319495676,-3.262551027585489,1.9881782206850986,1.8493113000514583,0.0,0.0
976,5,-13.424118011967105,-0.6525102055170978,2.6574344470865627,1.5519420627432292,0.0,0.0
977,2,-6.712059005983552,-26.274258925810663,2.806316976959453,1.8788821695954847,0.0,0.0
978,6,-9.750244765221728,-4.379043154301777,2.144416484863633,1.544480156112724,0.0,0.0
979,2,-4.875122382610864,-27.78113444004629,2.5498079958479885,2.7733684931488245,0.0,0.0
980,3,-1.6250407942036214,-26.45508782500836,2.327535752032168,2.064766679262773,0.0,0.0
981,6,-8.81392063159131,-4.40918130416806,1.904160346539095,1.8217275332933005,0.0,0.0
982,8,-7.577507339081318,-0.6430584293134896,1.8654210077748736,1.5206157259008128,0.0,0.0
983,5,-1.5155014678162637,-10.520639505917742,1.8506839549711465,2.024453633617405,0.0,0.0
984,3,-0.5051671559387546,-20.687209636563285,2.094494405073221,2.530328031468429,0.0,0.0
985,6,-0.08419452598979243,-11.979238272091843,1.8266821542617084,2.074971174168678,0.0,0.0
986,5,-0.09302677237990585,-13.103141918729914,1.9191240514504606,1.8672876228248885,0.0,0.0
987,4,-0.042118400204844086,-16.319796311391862,1.957380766278787,2.2538445228859696,0.0,0.0
988,8,-6.537458303712369,-2.0399745389239827,1.8424364312290558,1.759330318776918,0.0,0.0
989,3,-19.189797250709464,-0.6799915129746609,2.0917452304925237,2.064043193008478,0.0,0.0
990,4,-17.86741671048128,-0.16999787824366522,2.2489143947812047,1.9936105516682914,0.0,0.0
991,3,-23.607216819101293,-0.05666595941455507,2.7889831114730637,1.6496033528335452,0.0,0.0
992,7,-3.3724595455858988,-7.3727088689636435,1.876025912198038,1.5729399252070924,0.0,0.0
993,1,-55.24526239769739,-7.3727088689636435,4.127104224855849,3.050539678623264,0.0,0.0
994,1,-55.24526239769739,-58.931046935747844,5.6047039782720205,5.571973725967173,0.0,0.0
995,2,-53.58278346091489,-29.465523467873922,4.566287934219485,4.263586616399758,0.0,0.0
996,7,-15.184487349496205,-4.20936049541056,2.3591762593021537,1.8755978766995411,0.0,0.0
997,5,-3.036897469899241,-11.143240821354947,1.9494350052766023,1.6369955401131644,0.0,0.0
998,1,-54.10953890076884,-11.705876753694403,4.499676189562368,1.6369955401131644,0.0,0.0
999,4,-26.37889002717218,-3.1282175269968606,2.876436540831702,1.51744870009042,0.0,0.0
1000,10,-7.759421038074214,-0.40664573707463525,1.7785857119457653,1.7011995631324186,0.0,0.0
