Date,MMM,AXP,T,BA,CAT,CVX,CSCO,KO,XOM,GE,GS,HD,IBM,INTC,JNJ,JPM,MCD,MRK,MSFT,NKE,PFE,PG,TRV,UTX,UNH,VZ,V,WMT,DIS
2015-05-01,,,,,,,,,,,,,,,,,,,,,,,,,,,,,
2015-06-01,-0.023914416547361594,-0.02508759454473508,0.028372879269826567,-0.006483362358349565,-0.005860173788921452,-0.05406532803339614,-0.06311828657669616,-0.04223637732468122,-0.015397525626216435,-0.025669312762478635,0.01576796813991055,-0.002602863025742863,-0.026503925059260358,-0.11085396919554213,-0.019665452393707317,0.030100491200697688,-0.0003525434500858404,-0.06503538715914159,-0.05170858640183462,0.06827415670854298,-0.027123985496741776,-0.001913352435790605,-0.04410599386435354,-0.04806468492066174,0.014890428124224586,-0.057240921958907176,-0.02056635005328178,-0.03894337362391176,0.03415787441479545
2015-07-01,-0.019183420370888382,-0.01769733933240003,-0.021959434309746895,0.039287627377015966,-0.07297826759092452,-0.08282345656162449,0.03496013204463888,0.055796808649661855,-0.04795622222375717,-0.008996644411859323,-0.017816893169345427,0.05868457032800367,-0.004119304055401951,-0.04832352791635397,0.02821662226984678,0.011363471952598792,0.05038404814709008,0.04353576973910833,0.05775754524752208,0.0666543127669792,0.07545490953595535,-0.019683109722711922,0.1046539788373575,-0.09573595773802623,-0.0007033377053345946,0.0038618374058767557,0.12196577671226883,0.014803534331840007,0.05134041159567437
2015-08-01,-0.06079044387054877,0.008677196808243748,-0.024604866038335227,-0.09356999762944729,-0.028886766322536506,-0.08465208256350243,-0.08235620545955968,-0.04284332691763226,-0.05012008225036502,-0.003432493881138532,-0.0803143155144379,-0.004870598930639347,-0.08704249491766713,-0.01416240940177349,-0.0621694920992214,-0.058529687538939945,-0.02533554814431238,-0.08666894723080987,-0.06809436487599219,-0.030116252707402147,-0.07764838046832312,-0.07107458542100054,-0.04447794468028976,-0.08673113116263642,-0.04695214971833084,-0.005089421323658416,-0.05362354938526992,-0.10072273430115442,-0.1460621968179524
2015-09-01,0.004338562429555326,-0.03375929084763174,-0.02571764513401409,0.008459382317023367,-0.13613528757079452,-0.01378068017372025,0.01429679036628273,0.020346103401109428,-0.0025830211637575262,-0.03038795272052308,-0.07550896232094051,-0.008329012304750694,-0.011606762796935732,0.06483488069690613,0.0008950138517813677,-0.048829953198127884,0.021247881069736296,-0.0828226292198625,0.023710183067791046,0.10040247733497232,-0.04824232317682031,0.01797115716124531,-0.01844186122597491,-0.02225362368854089,0.002679463079100941,-0.054335700518093666,-0.02140085764983357,0.008539400622266102,0.0031409635925740975
2015-10-01,0.1089084665984903,-0.011735856468405137,0.02854527654370842,0.13073723742584864,0.11673815937003917,0.15212977676717188,0.09904770445558242,0.06472831637484133,0.11284450307455551,0.1573852892933314,0.07907474554686256,0.0760201134025158,-0.03373135726432919,0.1234239633267653,0.08227108296600405,0.05379687703415037,0.13924705152907602,0.11622925687048147,0.18933563423268973,0.0709620442489527,0.07672724533372377,0.06171806245328826,0.14135267979760213,0.10585446231981921,0.019648757022779906,0.07745314679436577,0.11369542590077164,-0.11721152113145639,0.11291590045496491
2015-11-01,-0.004007360798474524,-0.018411780809937994,0.019154830686852975,-0.01769458562433901,0.006465305922092046,0.004841587420616689,-0.04784187543949214,0.006375677808465152,-0.013052656657260964,0.03526994139122075,0.013439915331137087,0.08282099445511859,-0.004711437857927159,0.026875241667428718,0.002078478182935939,0.04530946081319098,0.01701564216533047,-0.030186505028169774,0.0324848047285915,0.009540015854595074,-0.031046857939528216,-0.011357479083945687,0.014881692173417171,-0.023981228920611275,-0.04304645868350587,-0.01790970656190871,0.018432534157841962,0.027952539174597835,-0.0023737444713520794
2015-12-01,-0.031614922618012575,-0.02917373375193888,0.02197789542231887,0.00023365738568470462,-0.0645559805638275,-0.0028614879064613463,-0.0033029730586163764,0.015707543810460356,-0.0371111394567154,0.04041417819045834,-0.04827295770726192,-0.012174871646655316,-0.003651415113906875,-0.0022238954922404464,0.0220983645449766,-0.009748235760417723,0.042977054425107575,-0.0035841346846937627,0.027671885481767466,-0.05503490683917378,-0.0070018887280460795,0.06106404241367325,-0.014925278803360364,0.006672750749992629,0.04374078627934219,0.016941986433883338,-0.01671460504643041,0.041808181270466926,-0.07394040860368378
2016-01-01,0.002390111724255517,-0.23076925813059945,0.0479514183177594,-0.16916803488342036,-0.08416715991313306,-0.038795153341872,-0.12407935914937707,-0.0009311850730332472,-0.0012828120398444831,-0.05854130227068299,-0.10358984666691229,-0.0448644413347663,-0.09322783000688295,-0.09956449638868481,0.016744509068765012,-0.0988943366828563,0.04774015636964202,-0.032414270094150655,-0.007029626240399378,-0.0030181902624845103,-0.05545228843790062,0.028711708356077725,-0.046447515957749985,-0.08722795321958388,-0.016853179871119006,0.08113363185823852,-0.03945848133584884,0.09161240319106634,-0.08227787071516535
2016-02-01,0.03887417227668921,0.04342542582688802,0.03910046709162285,-0.016232203678182455,0.11569259312815183,-0.035040963106891865,0.10903717731681395,0.004892865950601788,0.029544119594173912,0.0013741862649319092,-0.07446158259972513,-0.013040797247031222,0.05000414356906879,-0.04609913411497657,0.007372630938591973,-0.04743409343253058,-0.053239526116744096,-0.009078576223455315,-0.07642035935359304,-0.006773045335822014,-0.02689387359353612,-0.00857271642798585,0.004484237843424221,0.10183591756880528,0.03421324299991135,0.027696064953308452,-0.028191795230785632,-0.0003015253351021929,-0.003130980196227484
2016-03-01,0.06989173679959504,0.10471400943404596,0.06008097008071345,0.08406369976205519,0.13057609181648688,0.15783842775997048,0.08747149219727346,0.07558527577463492,0.05238536782915437,0.10002622220438684,0.05438430701982222,0.07500779011846115,0.16764832070038582,0.10289710079069336,0.03587232144523811,0.05186507634744353,0.08057097467307428,0.053774456524338765,0.09328875086439026,-0.0019483801297026648,0.009032169909455545,0.025158739951985254,0.08547243345221056,0.04374156733002876,0.08228392505620752,0.06603594524691947,0.060757397885529585,0.0324089296936374,0.03967767776004982
2016-04-01,0.004500858659359119,0.06563500048406157,-0.008935087885623028,0.061919072081132676,0.015417057254232258,0.07106920088183522,-0.034422249812927186,-0.026743253401760758,0.05754276929733004,-0.03271466446556892,0.04541977733600322,0.008965345605906672,-0.03638176190749054,-0.06398753086151987,0.03585963093610234,0.06720727064496756,0.006444886862619681,0.04554439968210855,-0.09704858224034862,-0.03868637185372881,0.10357610700763087,-0.02660674562204235,-0.05311832514373094,0.042657459998190816,0.02578260485806072,-0.05806231485072,0.009937122932675235,-0.0164251239620834,0.03977435909963489
2016-05-01,0.005615778321162113,0.009909675110474803,0.021005961788709726,-0.064169047610946,-0.05793883182491011,-0.011548153508088133,0.06641211006748504,-0.00446424460235717,0.007013595265504158,-0.016910447416361607,-0.028212688474921643,-0.013219617762596836,0.053446860324062095,0.04326278567940234,0.005442504287507699,0.04039904145980677,-0.035022513886486584,0.02589385509479114,0.0627632626055099,-0.06311495841427639,0.060837812082991105,0.019762227721935366,0.038580604717864064,-0.03631305613914815,0.015112645445181094,0.00976275348220268,0.022009421310020816,0.05847172474159579,-0.039124515908690594
2016-06-01,0.047327017554912976,-0.07603441239595743,0.10370339219940083,0.03788610735669695,0.04551081447724159,0.0488925618497702,-0.012392460266565375,0.016367935548160073,0.06187165726376853,0.04134956540379653,-0.06452843656803642,-0.02852556831492159,0.0063438598427667525,0.047271965513698166,0.08408969610080996,-0.04795462201405298,-0.014091395883443325,0.023995589388370098,-0.02777550296712794,-0.00036207131873233767,0.02378431451262175,0.04479261750123298,0.042929785836095524,0.026356203167283043,0.0563325925593221,0.09705268339408524,-0.05876204302074284,0.03920057159798351,-0.014110092184283829
2016-07-01,0.018501685362754428,0.0662358141131083,0.0018516351945836451,0.02918301455637695,0.09167658625062747,-0.022417234922925577,0.06413392666880546,-0.030121847370543575,-0.05109877563310239,-0.0030044977827460295,0.06885200404560732,0.08262218764048734,0.05824240123682278,0.06280480018245549,0.032398831963705854,0.02944978733771908,-0.01516723683782184,0.026537944923174628,0.10768020327432337,0.008371872262682656,0.04771369408262327,0.01086596413193286,-0.01794727537927865,0.04973178248930643,0.01878268859120369,-0.007700452195081864,0.05231263635852512,-0.0006847822345291688,-0.01911680261157067
2016-08-01,0.004933942432671978,0.017375240751734466,-0.04509782844203236,-0.031497807159375335,-0.0002481299824934613,-0.01854018158368842,0.039188409726088835,-0.004583914679308632,-0.020348660390761886,0.003211352702994219,0.06706114985458833,-0.029803311845939873,-0.010833125480624206,0.029546784648149638,-0.047033603557930403,0.06339622519342147,-0.016914412483580832,0.0704058638441758,0.013761562481481748,0.03855854208582721,-0.05665498002539171,0.028083389918649893,0.02142504625128372,-0.011333040050130805,-0.04992986545372313,-0.04605120377787808,0.03651485661602982,-0.020967335923571695,-0.008377441060443025
2016-09-01,-0.010666791592968683,-0.023482887906839278,-0.006604572455786495,0.026123812338016528,0.08322139214898017,0.03404695132199853,0.008905859944668304,-0.02555854854851547,0.010148056713245923,-0.051856678531864486,-0.04460850018043416,-0.03564072457122691,0.008446277230505839,0.05979787734926467,-0.003535476899119927,-0.013481551305999373,0.005157536279756902,-0.006051941270128092,0.008684410142712817,-0.08657160560364685,-0.018633821935270523,0.027946488180397022,-0.03504340193183031,-0.03957504107678733,0.029033413096517524,-0.006688312820333997,0.024023800561295605,0.01642898799580328,-0.016938417499031133
2016-10-01,-0.06202121332438493,0.03716433209754366,-0.09406556105462094,0.08114468521067897,-0.059817382492572624,0.017780712349542593,-0.03278686400660069,0.010076139684348506,-0.04537158379738737,-0.009578951098627275,0.10522741437600613,-0.05183404734318986,-0.032483672952411946,-0.0762913029498915,-0.018115684615577443,0.04009611190776474,-0.024185300965644863,-0.05222567383937937,0.040277618769777535,-0.041641368251945976,-0.06377312717522576,-0.03286903033389765,-0.050274763286148993,0.005905445913168217,0.01416156388898071,-0.07464414770207872,-0.0022975370028638364,-0.029118132008712605,-0.001830822206552285
2016-11-01,0.03895938987130099,0.0900711924389268,0.0627993530151354,0.057080581237093586,0.15508649766738114,0.06501182334013733,-0.01999861959363458,-0.04834940422083567,0.047767804050986795,0.05704465440186768,0.23030735331262098,0.060568940885880496,0.05550159434275348,-0.0048751727689374524,-0.04043434208056684,0.16593661422688966,0.0595185946376009,0.04206403266045933,0.005674263548976599,-0.00219214337656648,0.013560352745490167,-0.042670892238563685,0.047790675532151994,0.05401186950139758,0.12021506266827497,0.04924282476070041,-0.06290156876234243,0.005855501882274572,0.06937126836648821
2016-12-01,0.0459668684341652,0.02831748087841013,0.04530148983782856,0.049995176996459945,-0.029510168513166568,0.06559986193310552,0.013413700336187828,0.04969208584164497,0.04306116964637785,0.027308261429422,0.09531773615212669,0.04166886796073732,0.03252282294148401,0.05315890571490267,0.04228314764918939,0.06635912871031802,0.028477690999471728,-0.037914807829585895,0.0381644240180139,0.03295391376484469,-0.003853127941503054,0.019645841723410662,0.08001775198414585,0.0239140832343383,0.014889085938741387,0.0697395058366459,0.01117691980885649,-0.018600015292994154,0.051452610448077696
2017-01-01,-0.020561143093513534,0.03104741667358235,0.044081255721241774,0.04971757456753467,0.031485969112889256,-0.05395063237709408,0.016545512600179002,-0.010237949447969852,-0.07057394676387885,-0.05276812762932992,-0.042305467471126845,0.026103580794052395,0.051388708442400066,0.015164057554512,-0.01701226638699349,-0.010059296802801154,0.006983141650513058,0.061078351523521146,0.04039272178419684,0.026505426880399696,0.0009462926328578369,0.041865006122148385,-0.03235303443702353,0.0004561146798347515,0.012871708902621792,-0.0818660153395544,0.060112852717285614,-0.02752230685876078,0.06987866754772498
2017-02-01,0.06595340278955764,0.05265078146818403,0.002744263585759965,0.10286360837112851,0.018837807636702397,0.010327592234186778,0.12218386199704345,0.009381604355031659,-0.03063526822359164,0.0037037522176959214,0.08172004503752617,0.05327847185458401,0.03036899735590004,-0.016838562303268745,0.07911691065631676,0.0767031874500852,0.04144577151325235,0.06259067984059663,-0.010363430473887103,0.08052935021106178,0.07532282497003817,0.04784478151975091,0.03786718147836732,0.02626072164484916,0.020234733035226826,0.02346789023919804,0.06323304316153977,0.06278100349164628,-0.005061029725503374
2017-03-01,0.033410519531503535,-0.011866167443119302,-0.005743097042213763,-0.010257054150305867,-0.040347671843105726,-0.03646452406302492,-0.011117510975878653,0.01143931052733893,0.01770669237469802,0.007959464746260192,-0.07151330800463773,0.013249302021447695,-0.02392997322702317,0.003521839848627639,0.025891059043843256,-0.030677369445026192,0.022827968555737543,-0.03537267273808997,0.03562480910942023,-0.025017514407045915,0.012852830893201217,-0.013396173144905044,-0.013907032733856406,0.0029119121957692506,-0.008284261373577406,-0.017731341689323665,0.012499012165679169,0.016213454101190017,0.029975565537246895
2017-04-01,0.023519515908584365,0.0017694867541508952,-0.04620937791098423,0.045063810844037766,0.10241490039538026,-0.006240111042117524,0.00798816798908164,0.0257037225840806,-0.004389637953408632,-0.02718109900018828,-0.025770387174200216,0.06960436504058864,-0.07953380114883424,0.002218149149747717,-0.008671209244087152,-0.00956287545135004,0.07962344198781346,-0.011964210827522304,0.03947771746146711,-0.00264395746578594,-0.008477256688770085,-0.028046937139284855,0.014858485315623504,0.06042244599129143,0.07025093476501154,-0.0582562983115561,0.02644312690929418,0.050676968799168165,0.01949018281953374
2017-05-01,0.04411973607889874,-0.025161830051435796,-0.016142848865346338,0.015149146202997787,0.03956315783387199,-0.030177917974887114,-0.06649059883560249,0.05376576472309913,-0.014084390938924662,-0.05553632712695855,-0.056032299560622945,-0.01659180051181508,-0.0477881310505488,-0.001106333904615009,0.03871383796545369,-0.044851921523494376,0.07832488117230496,0.0446013234917666,0.020157671253215215,-0.043674532108091024,-0.037440930570701525,0.016421896877312436,0.026220552511922568,0.019245170217501384,0.001715488038046109,0.028011475109480655,0.043959659608832524,0.04549055976306304,-0.06626292541283163
2017-06-01,0.02427457126959154,0.09487893568624162,-0.020763060214841755,0.06200412342157202,0.019254634201981702,0.01847001841113305,-0.007294714685690873,-0.01363536941924326,0.012327227825379872,-0.01351367432026096,0.053900609938089206,0.005058057668007709,0.0177076088597099,-0.05868202741753148,0.03834126590163622,0.1125990050006338,0.01504421444361137,-0.015665794828847335,-0.007372644115194005,0.11341758196107654,0.03874814702393459,-0.01067064010001828,0.013456310204347677,0.012347459905086788,0.05845427076186649,-0.04245279673980551,-0.013478883715083323,-0.030706663486487984,-0.015656840877844136
2017-07-01,-0.03371927264896635,0.01175223686165161,0.0336600518617689,0.22609364648733554,0.060394547231123585,0.04658304896100707,0.004792393394206673,0.030484856375235125,-0.008546945385598193,-0.03519002261440851,0.015457544626006348,-0.024771675697650153,-0.059546414370566625,0.05127459942051904,0.003250586972292746,0.004376322195920546,0.01927729200695838,0.004052323114788647,0.05469330166152764,0.004258885422319558,-0.012801268090702478,0.042111257740603314,0.018239946547280006,-0.02899016121492426,0.03873427308587396,0.08374400385167458,0.061633532767219945,0.056950152696954914,0.03463519564001838
2017-08-01,0.01565852207846974,0.014020586303619353,-0.02697980793739785,-0.011548389126280978,0.038508643540924536,-0.014378766459682168,0.033733983824958846,-0.0063262765822651446,-0.046351796315295624,-0.041390041434047564,-0.007056376253624541,0.0018046494157788473,-0.011336037130603605,-0.011277243452115449,-0.0026374031871959636,-0.004467047388829748,0.031133139434494694,-0.0003130898785945746,0.02847307838062707,-0.10567327344576227,0.022918925266228518,0.02393162471740906,-0.053946513088512504,0.009698855092052927,0.0369637896673769,0.004102621946152851,0.039775001410480515,-0.024002810081094395,-0.07256568927399809
2017-09-01,0.03321888004918683,0.050638689645960966,0.04564881328503545,0.06703752450803013,0.061452196576843754,0.1027744382600666,0.04408562517223946,-0.011855209762165253,0.08443093627111975,-0.015071307352080288,0.06373499720745324,0.09779970082177103,0.02504975540146326,0.09397952433535206,-0.011580963130229494,0.05083087139394382,-0.014755494847635497,0.0026618689347992497,0.0015632481400376097,-0.014804354591122948,0.06275729803932895,-0.013980723395677686,0.011058125676147723,-0.024515624662276636,-0.015334246870225776,0.03168657361202243,0.018252358831062132,0.00719231984304769,-0.025988142694022165
2017-10-01,0.09666503862812448,0.05593649410982082,-0.14092404555249605,0.014830407451830174,0.08892617714444873,-0.013702222947411413,0.015462470520305471,0.02967927654511704,0.01671139991374493,-0.15758578998713602,0.0223027753257925,0.013572802925343241,0.0618966706053099,0.19459016747787183,0.07230222243677398,0.053397579616515145,0.06529223086686575,-0.1333987478262183,0.1166599153101,0.06055919003741339,-0.01792738332552568,-0.05100045740034698,0.08770003258335901,0.031702103733080245,0.07744570626073921,-0.03273405810657459,0.04503987326525016,0.11735341804078447,-0.007710279061669878
2017-11-01,0.05625795248457566,0.026876052349209534,0.0947055471239231,0.07295103187747931,0.04559584146883089,0.026749577511950617,0.05973765357613958,-0.0045671176075043896,-0.0007198342536022251,-0.09275802540658717,0.021280139750724292,0.0846907031240467,-0.032065212512903396,-0.014288685606099971,-0.000573699665161187,0.04493555331948729,0.030315954554631874,0.0032672396614927823,0.011901759054304906,0.09874517498759339,0.034227106428107446,0.0500807028967547,0.023556080463273288,-0.015614463652090738,0.004328727708377222,0.07584100628875912,0.02373147578565682,0.11361821543317108,0.07166947212145502
2017-12-01,-0.02707329363286559,0.016375067940212373,0.06871907641561292,0.07115405126477747,0.11640095099537118,0.06195412291751756,0.06744699158628498,0.010621476766803362,0.013495686907241122,-0.045926792666613814,0.03198421210580049,0.0593379479183469,0.03911936792872117,0.03553848836701046,0.008939782142557195,0.02315356453955908,0.006838736089917807,0.018093027021395924,0.021380709511680918,0.035253298435684366,0.008024569258407777,0.021002098236045263,0.0005161760992575815,0.08859182389777964,0.04771645788863155,0.04008655997787658,0.014495224208199264,0.015632996272622046,0.025663115719863683
2018-01-01,0.06428164784639501,0.0009062385041782584,-0.03677989333229503,0.20162078704117437,0.03299929513356603,0.0012781634257430508,0.08459537074611267,0.037271250326572414,0.04375917722642786,-0.06009181406525721,0.05153891466780958,0.05999047976796534,0.06700557446433497,0.04289430437414854,-0.010950278166026783,0.08163459431324238,-0.005693525065070371,0.06191548033398031,0.11070829346768796,0.09426961426773839,0.02263937206518385,-0.06029607688461991,0.11124006522616736,0.08183747252502149,0.07402702637363778,0.021537869211444294,0.08954602011152568,0.09086961779661507,0.018920919493795374
2018-02-01,-0.05984026813127841,-0.015552846376237772,-0.01786916717185827,0.02212359311955825,-0.045658718543247656,-0.10714027905563384,0.08603781231377239,-0.09182615478232681,-0.13241702738927752,-0.1273965153451344,-0.01851511539422146,-0.09273263531977893,-0.04807577502939442,0.023888636266486962,-0.06013463116458817,0.003731864953038677,-0.07829851199226123,-0.08489445897495651,-0.013051190224035891,-0.01744344567541234,-0.01970837901833289,-0.08364313064288975,-0.07283862209104108,-0.023693936736955412,-0.04485176572320626,-0.10701377178312954,-0.010384032055723025,-0.155628499302647,-0.05070392173934013
2018-03-01,-0.062399020607170064,-0.04338022059341573,-0.017906355829327092,-0.09031062137625123,-0.046885756935652334,0.02908552312738344,-0.04220653892148707,0.004858961796331274,-0.004846347978128884,-0.03642378486444331,-0.03941365898026861,-0.02211012681799429,-0.005707365109476226,0.06377202208458388,-0.007001828220221773,-0.047878710881408715,-0.002350109279052548,0.004610891059428468,-0.02208878232390654,-0.008801894975988933,-0.013528422767874693,0.009679165800107636,-0.0010071834180359618,-0.06101390560709352,-0.05376739192277502,0.0016754181909011123,-0.02531110842858919,-0.011554160832246807,-0.0263668515972747
2018-04-01,-0.11447682682055504,0.05864072352550731,-0.08274904099805425,0.017323337873896838,-0.02049158035466736,0.09707121955865672,0.03264183937718279,0.003717262447260561,0.04208556970070165,0.04376860173321617,-0.05372023761495015,0.04271721884689206,-0.05520418401232663,-0.008832510101890345,-0.01295368277351061,-0.010821188565820816,0.07072536238931737,0.09022941709169308,0.02465197363562921,0.0324633074903391,0.03155840457170611,-0.08753778109743837,-0.04734412997288806,-0.04506436300071037,0.10833060006307837,0.03199509242696674,0.060692100631535295,0.00019544380109737247,-0.0010951422501599417
2018-05-01,0.014609622078322504,-0.0008200471977007906,0.0024467309428175543,0.055762095279583423,0.057598076410738885,-0.006474225188082161,-0.027921931554569568,-0.004860059476897272,0.04488730766254401,0.0007108041139010091,-0.052238566907352846,0.009469753706576434,-0.025179591162441728,0.06935284875823688,-0.05431254228726201,-0.011282810711449431,-0.04437408491947292,0.011211078624145943,0.056886254800050384,0.04986110714346936,-0.01857418812888556,0.020835892807041345,-0.023404083322629332,0.0388680619862225,0.0216158036246501,-0.021888267555614127,0.03026495269747609,-0.0669229434282238,-0.008571742236733404
2018-06-01,0.004235842910782717,-0.00305181214511574,-0.006497454450943185,-0.04252710646648006,-0.10690547822098784,0.02600537657246549,0.007492376498317688,0.02000000764361931,0.028662792551763072,-0.03338095196741675,-0.020054809762338865,0.05168762836729046,-0.0004190548083270462,-0.09425896520771615,0.02190209934201115,-0.02625941791776487,-0.02074866801748143,0.019654049092950876,0.001997394813376907,0.10974920605827232,0.01959786480971215,0.06683082068499768,-0.048085949324883415,0.007333386121214591,0.01585859018970104,0.05538078496551013,0.01486268090296372,0.04421612676543174,0.05368452525498535
2018-07-01,0.07930053695530548,0.015510127583307609,-0.004360260805980287,0.061965402241680456,0.05992494341836285,-0.001265583540605686,-0.017197058931146758,0.07262412474236735,-0.01474672658974363,0.010717340859654367,0.07643809782352373,0.0124038752320339,0.03743755862432652,-0.032387889853298324,0.09213791990290043,0.10316704901337914,0.011811122502336513,0.093559491364966,0.07575296417236776,-0.03206772822207038,0.10060624042961264,0.036125847472419315,0.07015585457697959,0.0856595770954578,0.03576962417980667,0.02643619504782979,0.03238942693834046,0.04179809701831583,0.08348436321453256
2018-08-01,-0.006593856701382017,0.06873489047445314,0.014584779542224924,-0.03791745571819116,-0.028502428368900046,-0.06185160946206858,0.1383853925136942,-0.044177759341535006,-0.016439920093569205,-0.050623747778519856,0.0016005883518481756,0.016453724797933278,0.01069470598753175,0.006860830367229065,0.01637475956647716,0.002198082434210491,0.02977031333006308,0.04129342819339765,0.058917864643961426,0.0687814802614346,0.03981993577588794,0.03490396510723226,0.011218618540704384,-0.02976273542617136,0.060184902624035974,0.06507252813603048,0.07422843779634714,0.07430219704912244,-0.005631875296410405
2018-09-01,0.005700603312949415,0.00481217249811583,0.05134632360723068,0.09028153358461366,0.09823551086113302,0.04214378557963938,0.018421692091888042,0.0363474612747865,0.071435013363369,-0.12751163784867214,-0.05393959248116831,0.03706657472085495,0.043443816796898016,-0.017600933985098655,0.03267354851824944,-0.015185985618702547,0.03762760110854435,0.03426152508519498,0.02207883612711936,0.03319554591529239,0.07045390771662885,0.0033757680828778724,-0.014361581828801429,0.06724961133645202,-0.009014480843436035,-0.018024677179534487,0.023320733768573243,-0.014652089606371987,0.04392083181589368
2018-10-01,-0.09705286828086712,-0.03530846496818485,-0.0863608418716304,-0.04581883510699947,-0.20440691793578314,-0.08693159352187652,-0.05960952873934433,0.045405183047890096,-0.06280871615528028,-0.09653164194953057,0.005039117757644762,-0.1509532952691529,-0.2366245648520785,-0.008669741390103125,0.013172128613297529,-0.033853202053829134,0.05744521246417933,0.04471753595201866,-0.0661012780207072,-0.11425868188702659,-0.022917992731074865,0.0654810354266353,-0.029673854762835794,-0.11157998409158809,-0.01431440927531702,0.06930136263648756,-0.08155086028493863,0.06783064534774952,-0.018043453897218287
2018-11-01,0.0928203340651832,0.09680914192043288,0.03340088370606353,-0.022825634275581264,0.1254092126747146,0.0652932358138607,0.053412855891299404,0.052631561193191345,-0.002259006550647369,-0.25742583175581213,-0.1538802426822551,0.025244415455703884,0.07658313485882329,0.05183445888609084,0.04936052798985813,0.027046851371556935,0.0656303025359255,0.07784238074519934,0.03819886777014325,0.0010662148203237631,0.07361808102935186,0.07516186724662854,0.04187662667528347,-0.019080556814923932,0.07656391678992014,0.06792128791439977,0.028001454458173924,-0.026226401887573414,0.00574761020596104
2018-12-01,-0.07733166684192427,-0.15097544864808876,-0.08642769280983498,-0.06566736582967281,-0.06338903829976494,-0.076398018912893,-0.094840126959855,-0.053086842882807406,-0.1335690764423203,0.00933334435242017,-0.12042330322859363,-0.04143855371711269,-0.07364828226867481,-0.04227662061843929,-0.1159167756273658,-0.12204334597456512,-0.05222492619966579,-0.03692952782161507,-0.08009043603531651,-0.010116596784209952,-0.04852172968884583,-0.02740444332457881,-0.08146053903266748,-0.12105469466310237,-0.11175681379811275,-0.06766160752225403,-0.06727201050675946,-0.04608302494830063,-0.05056708612672567
2019-01-01,0.05122288590562696,0.07742342779748368,0.05325854245426731,0.19572081088906046,0.047926386644302044,0.05386516919084028,0.09139181272225638,0.01647294847917191,0.07464419281774859,0.344060355877601,0.18533370758965773,0.06815254495651013,0.18254602079813087,0.004048561180002519,0.031228280969893163,0.06023350412171968,0.0068142421663939245,-0.0190844758770512,0.028157960814082506,0.10439697437831219,-0.027491441348965417,0.04949945507280051,0.054827194299005955,0.10884666990287983,0.08461789619830284,-0.02063331656362355,0.023268040673799284,0.0343847881755428,0.024943226162156718
2019-02-01,0.035397009329594775,0.053368556633685005,0.05242192831037862,0.1409160151407891,0.038026057971910054,0.04300059876285056,0.10321090914933517,-0.05796787685316884,0.07846619809321642,0.06354314133467076,-0.006615872360673958,0.008772487456168099,0.02760013492181157,0.12393888073804393,0.02675068168271122,0.016497624965793767,0.028302969353391383,0.09216711518302412,0.07277610390160305,0.04702030079792929,0.03012018061800603,0.029643215461829797,0.05870660583517573,0.06436860652407828,-0.10355291924970778,0.0445616008646228,0.09710398412270438,0.03297512926542723,0.011836433871094787
2019-03-01,0.008807118797053315,0.014479419096948387,0.0077120236720427116,-0.12870211691083744,-0.013470246226548688,0.04046034406600274,0.0428819809267007,0.03352454308068609,0.03374741001583281,-0.03849849290539353,-0.02000336651757806,0.036458914295341316,0.03340321824648229,0.020400081085519384,0.029838268757460318,-0.029992258546428063,0.03954001622404446,0.02312697950015563,0.05724973086500951,-0.017730177773719324,-0.02029992914303691,0.05580925807247672,0.03197655803846988,0.03171745176544616,0.020807419824113937,0.03882639432589752,0.05632321895222092,-0.014749019636774774,-0.01604041393707034
2019-04-01,-0.08792952693926182,0.07255258398584052,-0.012755072596719153,-0.009779331522148826,0.029005641642556146,-0.025328891796460917,0.036302967550527754,0.05608802799622392,-0.006435702774776453,0.019096462381424706,0.07255573707767282,0.069450346409625,-0.0058823826310951954,-0.04953446620121815,0.010086640920464074,0.14639921670528433,0.040389618672672434,-0.04720302104544316,0.10734269363050264,0.04567124625687402,-0.04379563488081473,0.02335423123888214,0.054219423614498385,0.10644727278575239,-0.053791192796183274,-0.032809053846784564,0.05275620359335087,0.06011853269890888,0.233630541988759
2019-05-01,-0.1570365089191078,-0.01803230637682207,0.0035272307839111505,-0.09552809355602221,-0.13544514560133247,-0.05172408578702958,-0.06417483065953655,0.0014267710661026722,-0.11846042209304986,-0.07177972821480327,-0.11378188874432005,-0.06799213724260034,-0.09467457533085721,-0.13714737262134435,-0.07117547963483517,-0.0799586444733903,0.0035430267728528975,0.006352501465177074,-0.05298625474386254,-0.12171240691991159,0.022408327642764236,-0.026705573469006816,0.012660872929148637,-0.11436780020189019,0.037456639108269796,-0.03987589403767389,-0.018852763346784984,-0.013613383877663088,-0.03599333204556965
2019-06-01,0.0943544079785239,0.07610496758432284,0.09581418752430193,0.07169361978349564,0.13755110287298677,0.10377115447243201,0.05189323416748004,0.03643385216980155,0.09521508829196157,0.1122880137883091,0.0844316716929403,0.09544373114148774,0.09881133855056201,0.09362316734432596,0.06925664335028525,0.05511509282514693,0.053493195410786676,0.05857840669754011,0.08712707073934611,0.09131018107476696,0.05260617565256309,0.06549402620567113,0.027134657207030566,0.0365652485487864,0.00913969002651105,0.05114994493269398,0.07739987097590872,0.09500136556618788,0.057558316016280475
2019-07-01,0.007961299550276024,0.007533990391854983,0.01611466599608513,-0.0627180510900538,-0.033898217928596486,-0.0106879674324305,0.012241957218157573,0.04165066153046415,-0.02962289493457282,-0.00380408904870555,0.11735445511871889,0.03471125046536572,0.07498201496011969,0.05598491685954432,-0.06504884635388453,0.037567008748801145,0.014735645776998485,-0.0036461830607312784,0.017243961794110918,0.024776545488624402,-0.103416365062727,0.07651620847732299,-0.013968901688833246,0.026113776420580326,0.025010167708890085,-0.032557317880382075,0.02564090767898386,-0.0009955631411556753,0.024133512444205252
2019-08-01,-0.07440487379372007,-0.029135344112829142,0.051188747715481986,0.06714932123400219,-0.08927127245743283,-0.043781973026722376,-0.14972182224373043,0.04579142932553615,-0.07907473202836623,-0.21052619999548983,-0.07368373061080602,0.0665448870499914,-0.08573939965112409,-0.06211672918044231,-0.014283575255679914,-0.046225986429329846,0.034405805873525264,0.041932759446319245,0.01166794547243244,-0.017784420791825406,-0.08470655275892336,0.02514831441396126,0.0023189439124708944,-0.025149654610188032,-0.060278734241210774,0.06335574977167635,0.01584289752720891,0.03515134400168818,-0.03426309880663925
2019-09-01,0.025873962914241044,-0.01736324202591799,0.07317068960934359,0.051509616909225064,0.06142852564919199,0.017832096633624728,0.05554367085017642,-0.01090120426098995,0.04392464267169327,0.08363622091971457,0.022659867244757548,0.0180335530826925,0.08561517970845833,0.0942399817986328,0.01549929988300014,0.07127241649844218,-0.009747590867065448,-0.026483092341516024,0.011845084486577395,0.1143505811658243,0.020144762552527506,0.03451718525706937,0.011771911498877463,0.05445370698850471,-0.07128202770681347,0.0378268434498259,-0.04735000221202168,0.04379650887794462,-0.05056096591573733
2019-10-01,0.0035887854961051957,-0.008454495312217425,0.017177650462058214,-0.10660493981461494,0.0909667169829016,-0.020741989117251114,-0.03845378034415892,0.007126233067713539,-0.04305340448971806,0.11753795115720633,0.029677213997064023,0.017207461554656467,-0.08038780652681621,0.09703081585651119,0.02055952963673091,0.06143253775486368,-0.08388060730928992,0.03630226824411564,0.03121623664207096,-0.04652890724880576,0.06790982353278285,0.0010452017239326317,-0.11381434723516459,0.0517140855313738,0.16828485136408022,0.0018222612103819813,0.03982329163627529,-0.01196488590734146,-0.0030693349550465765
2019-11-01,0.028971515202906417,0.02813286637838308,-0.015441526266395833,0.07728514751882098,0.058545772647525585,0.008524124855969983,-0.039082682303542726,-0.018923281300413097,0.008287673086219138,0.1292585312532959,0.037351196402438225,-0.059979609050378246,0.0053840543893171056,0.026888451142736303,0.041275538311476456,0.06320431074475619,-0.011286228994362046,0.00600044699992508,0.0558695331663408,0.043997729597072155,0.003909303663414132,-0.013415007913257893,0.04318636587109248,0.03315223112632171,0.10751882834392879,0.006562215913018088,0.031588899160205575,0.01560630779747707,0.16671800337652587
2019-12-01,0.048167254854862174,0.036380284965346954,0.04547876642949311,-0.1051911439358344,0.020382783352756784,0.038994674539751584,0.05848600935298465,0.0442592383121454,0.03657037989309986,-0.009760323521979752,0.044618903839487745,-0.00965936363183717,0.008725473019292274,0.03668200314261871,0.06830031323915287,0.057984237583253107,0.02260600283182934,0.043243736479476436,0.045293957141138375,0.08647284569044333,0.026963939331059894,0.023267260209298035,0.0016821606206243178,0.014600813867277962,0.05041630746999526,0.019256226808916033,0.02007866069248032,-0.0020993350255517074,-0.0458504159837404
2020-01-01,-0.10066896583089857,0.04321619090659201,-0.037359150108495554,-0.02299250709380596,-0.11057691247562473,-0.11094514966685098,-0.041492810200912666,0.05510392499524697,-0.10977358248244373,0.11660276486236776,0.03401037000746698,0.05119011385344918,0.0722918559697574,0.068170430197948,0.02056622549971543,-0.050502147597541014,0.08278931449010885,-0.05414105873059483,0.07945468143455181,-0.049452075608138024,-0.04951491677000319,-0.002241809619504709,-0.03307737019026902,0.0029380074189830907,-0.06967335412330677,-0.03192185119057056,0.05891445398892947,-0.03228250500028884,-0.03796828324111323
2020-02-01,-0.059372220602395775,-0.1506041938793885,-0.051264942913421874,-0.13560812038673575,-0.04749548045216612,-0.1288035226359565,-0.12500460331188412,-0.08407536349487543,-0.17192530819019958,-0.12610441353813495,-0.15554150340627082,-0.04498033773783183,-0.09448270254128288,-0.1315501084992431,-0.09666148548186315,-0.11713949981575622,-0.09253632496568365,-0.10393265793924433,-0.04828757418721241,-0.07185884983979762,-0.09341081240675464,-0.08600037618965017,-0.08972796376061187,-0.13055926762019432,-0.06419527835049921,-0.0793464666555761,-0.0864955391056671,-0.0594811633615675,-0.14937456725760134
2020-03-01,-0.07701561584246097,-0.22123166952307305,-0.1723453086784661,-0.45466415949319117,-0.06600124936168528,-0.2146248604940798,-0.015527133165598395,-0.17274259887435484,-0.25126135085410384,-0.270220578381946,-0.2253065488130539,-0.14290298748590602,-0.13877564054735292,-0.020415703547691844,-0.018692907296402494,-0.2246145879966701,-0.14309765971524802,0.0049634586749276455,-0.02388268079708633,-0.07172123674383768,-0.02333924036740742,-0.028526018041693413,-0.17077038831411773,-0.2742252996955791,-0.021885773613309567,-0.0079395052677107,-0.11227252397594789,0.055163437506388524,-0.17892055060558198
2020-04-01,0.11288544800912304,0.06588017086452358,0.04528301631171083,-0.05444545494447073,0.0029300200355273365,0.26966599801027,0.07809712794166757,0.04615726315778379,0.22386093810248275,-0.14272636938127203,0.18649333540187718,0.1852645728731801,0.13188493163326243,0.10827789077091587,0.1442079007106858,0.06364544641685321,0.1343211261053121,0.039711894572431516,0.1363261992337812,0.05366211646592389,0.17524501442997176,0.07154546122285055,0.025457328212001196,-0.3876815731968125,0.1778685491876706,0.06923510594302229,0.10923540453269065,0.07452766287394241,0.11956525087163472
2020-05-01,0.02975255032510682,0.047650332426110165,0.03061599962568584,0.03425047287420857,0.04169870080071392,-0.0032608965467043616,0.1390606158653167,0.017215056214063384,-0.02151926920944025,-0.03382353819029538,0.07125726397420373,0.1303279423989432,-0.005256407990661405,0.04918312527766089,-0.008597663959435287,0.026745892923926595,-0.006611184454060948,0.017393603580647232,0.022543375698679924,0.130763966208308,-0.004431726157589466,-0.009985008901026049,0.05701023486337231,,0.042329111334717506,0.009523046815747893,0.09243509907410541,0.020649881591433328,0.0846047285879088
2020-06-01,0.007013363097621461,0.001367381525645417,-0.020414796459455764,0.2567706231130522,0.0530259126964292,-0.012650224956485268,-0.024675849679540063,-0.04284491954620506,0.0025751372470070866,0.03957380258360765,0.012037734890708363,0.008169708333338521,-0.020098741847731083,-0.04389059781541882,-0.04803453396255575,-0.03339841387360265,-0.003328003756700282,-0.04199702858852239,0.11365227029326208,-0.002895198560376566,-0.13522159715236093,0.03148724623476351,0.06608709274082614,,-0.032474886105504974,-0.0392122721529633,-0.008945690652629623,-0.030252365457108632,-0.049360620331548866
2020-07-01,-0.00903906412242006,-0.02415958919609429,0.007608359001467058,-0.01756683669990944,0.0128854140933794,-0.03227619381893376,-0.01779588809872623,0.017892945930540805,-0.03533098810210289,0.005898292593992327,0.023428828039728122,0.0005900744333247054,-0.0253373987219484,-0.02039112791853337,0.01877266086884055,-0.008079917082014165,0.007480917621729866,0.015639131989142685,0.04579631259292127,0.00805704499280635,0.03211006766246216,0.027766159599379225,-0.0009942426990604547,,0.015917846723766615,0.004534720898592415,0.009835943331177655,0.038904689510773416,0.046184211525592156
2020-07-09,-0.02024844640792134,-0.02065727350949831,-0.01336004046076289,-0.037761011676006984,-0.01873098754717084,-0.04180660884937326,0.027458596787214518,-0.02573773808002311,-0.04126098295040748,-0.04081635632052161,-0.026798507633845836,-0.004856088068266207,-0.016990909995375447,-0.0032418092378024843,-0.00544425738840304,-0.0121170816419649,-0.008178661407276522,-0.015785366484123875,0.00700091848115858,-0.018717103831092374,-0.008592619719328676,-0.0033362847648397143,-0.02774341209738307,,-0.02413186098319875,-0.015064380026185042,-0.014661406177106762,0.026599144114870077,0.001285735400101684
