episode,steps,reward_0,reward_1,reward_2,loss_0,loss_1,loss_2,collisions_0,collisions_1,collisions_2
0,4,-12.804855352625616,0.4060843668470419,-0.38794464661467765,-1.295922132037377,-0.24924904798101985,-0.006114079686183655,0.0,0.0,0.0
1,1,-62.90734387583416,0.5085728900555824,-0.22720757795270616,-2.611327927299271,-0.24924904798101985,-0.006114079686183655,0.0,0.0,0.0
2,3,-21.12806376707573,-17.431411575088266,-0.16340086047739397,-2.2204311319248373,-0.009123155965961032,-0.15640113365632036,0.0,0.0,0.0
3,1,-21.34813664243293,-17.211338699731066,-51.65758588772941,-3.527074159070443,-0.2873862686285795,-0.15640113365632036,0.0,0.0,0.0
4,8,-2.882421397580232,-8.362165040804218,-6.2769139437295145,-1.7843501651569773,-0.16454522351857204,-0.2276866076854106,0.0,0.0,0.0
5,4,-13.368294198136935,-1.8247514565000722,-1.4215396371905002,-1.8048618358318733,-0.24814884846908747,-0.2234146178316392,0.0,0.0,0.0
6,14,-1.1329065179678939,-3.6818854716301823,0.0851604011659145,-1.484906541360792,-0.1986678075502179,-0.2287261714646464,0.0,0.0,0.0
7,12,24.81193592817733,-4.517558803488028,-24.899248104577495,-9.842586196190698,-0.13852087399586596,8.134706394814394,3.0,0.0,3.0
8,4,5.7330189659919135,-13.806101121155276,-5.754847010091955,-3.6904383206970177,-0.17511497647951535,1.7705169894491062,3.0,0.0,3.0
9,3,1.7045417422905966,-4.837923493707162,-18.859182959053467,-2.558969391378168,-0.22927931044772965,0.5866506648195647,3.0,0.0,3.0
10,3,0.2906125890469617,-1.3350731728524838,-23.202394181890952,-2.1662852113201834,-0.349252037161126,0.07440283691297521,3.0,0.0,3.0
11,9,-0.16480136015234398,0.04875018417395263,-7.9269977905391515,-1.5874301821459778,-0.2522489939463521,-0.19539845428721486,3.0,0.0,3.0
12,2,-0.23264029518259915,0.24861878763848283,-29.360042923929782,-2.13584360913181,-0.2676472988870143,-0.17177264446997115,3.0,0.0,3.0
13,16,-0.23586702711820684,-3.0310877456676883,-1.617436151949052,-1.4775161822091913,-0.18657257374375646,-0.2439865364005466,3.0,0.0,3.0
14,11,-0.11975428864492023,-0.20013772521476925,-4.87768224405147,-1.5204687799850563,-0.21951728643335022,-0.12445626956362889,3.0,0.0,3.0
15,3,-16.78319281670983,-0.5287843855446478,-1.404359855891806,-1.8919287391178592,-0.09557305153780386,-0.2134206770510538,3.0,0.0,3.0
16,10,-1.7786874332826028,0.04748971305715541,-5.371635974038658,-1.5714127452018154,-0.19451676782125948,-0.1284317732086438,3.0,0.0,3.0
17,1,-52.219080718226365,0.4878829980009227,-5.69074064996962,-2.8413415087119183,-0.5106497857598783,-0.48454548391415414,3.0,0.0,3.0
18,5,-10.619125086250838,0.2772104947793469,-11.90370332932169,-1.9192290005947044,-0.2930899299247913,-0.01844126310129955,3.0,0.0,3.0
19,1,-10.71138958797293,0.3694749965014381,-62.81713815055039,-3.2448588173430473,-0.2930899299247913,-0.01844126310129955,3.0,0.0,3.0
20,2,-5.562639113389061,0.46649192806164397,-57.009934599191176,-2.958317767964344,-0.42803366083679395,-0.10914704719744235,3.0,0.0,3.0
21,8,-0.8330019017146604,-6.3961971157357675,-6.988569812357867,-1.7400345810091873,-0.1264780633428105,-0.1983165128979206,3.0,0.0,3.0
22,1,-1.1180574971721637,-6.111141520278264,-59.49217575796234,-3.0629232552584584,-0.3909252361942205,0.5345683054480289,3.0,0.0,3.0
23,5,-0.5212987303297483,-11.50592663895772,-11.636314743638383,-1.9311659056622492,-0.156516011724422,-0.12321376721303663,3.0,0.0,3.0
24,2,-0.675001328266895,-5.680820002332289,-31.080650232407557,-2.2186854458305194,-0.0511177693446821,-0.2260174210534081,3.0,0.0,3.0
25,4,-0.5172663291404644,-1.0716890035093316,-20.161182807397363,-1.8572669774380774,-0.29847159077508567,-0.13489999431306215,3.0,0.0,3.0
26,1,-0.5361643720345431,-52.03894918825333,-20.142284764503284,-3.256263253014433,-0.29847159077508567,-0.13489999431306215,3.0,0.0,3.0
27,6,-0.19452724975061728,-17.226329272943463,-3.3012308682444935,-1.9202978706898743,-0.17476640982360758,-0.22152487495446496,3.0,0.0,3.0
28,1,-0.4958628197582601,-69.5329713769807,-2.9998952982368507,-3.2372255037520263,0.6899380518840886,-0.4850784054824469,3.0,0.0,3.0
29,4,-0.20462042061554733,-30.331871338872027,-0.3544849374312104,-2.1996154986973635,0.22890547045381313,-0.3520188037027055,3.0,0.0,3.0
30,2,-25.368857835496673,-14.837385570478997,0.0893051564732921,-2.4117560134746956,-0.18613681723229847,-0.3111537112993626,3.0,0.0,3.0
31,2,-13.010086379568373,-32.91939058140484,0.23157072182667815,-2.4940330834909092,0.10366934646730545,-0.3021212214575996,3.0,0.0,3.0
32,5,-2.8488076636092345,-6.337087728585409,-9.989996168966563,-1.8279202886112784,-0.2360707502369157,-0.261281399715643,3.0,0.0,3.0
33,5,-0.704477117917983,-11.098860928188035,-1.8632836485971762,-1.7390381125677288,-0.2719998597424638,-0.261327971654798,3.0,0.0,3.0
34,2,-0.6433447960687936,-5.260851440376759,-26.51282229656595,-2.1924259019786403,-0.4649216166724069,0.11805870335918005,3.0,0.0,3.0
35,8,-0.22557955382952444,-6.869473199762409,-3.22153616414825,-1.642988789488991,-0.27983535083931654,-0.20580922954554856,3.0,0.0,3.0
36,7,-0.1924103882303049,-8.680400570477559,-0.32377705120613615,-1.5961550888864287,0.08821876355779643,-0.21681246188597456,3.0,0.0,3.0
37,3,-0.43507152987083514,-2.5178969277614587,-16.900963906001262,-1.827384047973819,-0.26530029629268786,-0.01177236162293445,3.0,0.0,3.0
38,1,-50.50888817739734,-2.402545577270174,-16.827147258474753,-3.171461718917745,-0.26530029629268786,-0.01177236162293445,3.0,0.0,3.0
39,6,-8.659990828961549,-8.752222141874741,-2.5605112377575607,-1.8656885217371864,-0.19424803244787617,-0.24636937262949185,3.0,0.0,3.0
40,4,-2.4824888982348257,-15.143887278454383,-0.8931468279193236,-1.7570995050693148,-0.10814435766611458,-0.16347197739393454,3.0,0.0,3.0
41,7,-0.6521822264946416,-1.865871513032388,-7.103142383125551,-1.5597995375870084,-0.2548240133979086,-0.232494780797647,3.0,0.0,3.0
42,10,-0.39418403640881317,-5.000446453351555,-0.3134146898160345,-1.4560264340146452,-0.28340633458064135,-0.2977213961926154,3.0,0.0,3.0
43,7,-7.363500323283459,-0.41418383489379434,0.11955764810848026,-1.5682361302626322,-0.3144982974784966,-0.2323599112554567,3.0,0.0,3.0
44,3,-19.367762030586565,0.44561494795385864,0.286447805528238,-1.848584760851895,-0.48171518177276335,-0.24886278536863218,3.0,0.0,3.0
45,1,-19.428627816794656,0.510090538013159,-50.68728230790161,-3.2056132931142405,-0.48171518177276335,-0.24886278536863218,3.0,0.0,3.0
46,9,-7.843181259825148,0.18556600662720343,-5.4378280122823,-1.7291282921499864,-0.26754803956813383,-0.23256995211715698,3.0,0.0,3.0
47,1,-8.210252279115508,-51.026251860369975,-5.07075699299194,-2.9642211075937133,0.34546683591577215,-0.23256995211715698,3.0,0.0,3.0
48,1,-8.30599837831471,-102.00732777189657,-5.081270967151517,-4.286369326864946,0.34546683591577215,-0.23256995211715698,3.0,0.0,3.0
49,7,-1.3085937493239168,-14.50365803081868,-8.386607769338687,-1.9887124456813616,-0.1341411490737387,0.014709706352860716,3.0,0.0,3.0
50,5,-0.37605732760412763,-13.536924669768984,-1.444913047816249,-1.7775483515014738,-0.001167563342687731,-0.17653347996299104,3.0,0.0,3.0
51,9,-5.878558522890694,-1.2528137727722344,0.16543539885035347,-1.5199765791131141,-0.26321015803315295,-0.2911688502925345,3.0,0.0,3.0
52,2,-3.0568565048199203,-25.88773458151693,-0.0479037190908629,-2.1304006945867,0.09232219683412417,-0.1893280388477746,3.0,0.0,3.0
53,12,-0.45343323926136003,-1.8975900886392634,-4.250616753337143,-1.5254338121526752,-0.2420865376631437,-0.1428402831920912,3.0,0.0,3.0
54,8,-0.42439052789127923,0.13051261190370128,-6.616887695026854,-1.4805473990481082,-0.3277244522407463,-0.28336818994830937,3.0,0.0,3.0
55,2,-0.3800037570740194,0.23306479908023037,-29.64005501425537,-2.0914663430859783,-0.4006371503064972,-0.017682907901265425,3.0,0.0,3.0
56,1,-50.47722737395203,-0.6003005214839077,-29.542831397377356,-3.4602632786535152,-0.15281060659781634,-0.017682907901265425,3.0,0.0,3.0
57,4,-12.752037745652748,-0.41618325807930795,-20.07546835537808,-2.237492825177697,-0.1107907854980801,0.03493437176447329,3.0,0.0,3.0
58,13,-5.116326847237618,0.17042781956593117,-1.2550197759185997,-1.4928638829822976,-0.2351462167704425,-0.2564751705291106,3.0,0.0,3.0
59,2,-2.8944091959099594,-25.35403415063367,-0.269712280341285,-2.0537313704067297,-0.15917337235406764,-0.4097095750779274,3.0,0.0,3.0
60,1,-52.996385733712785,-25.2187528599729,-0.16773574253845855,-3.3696491510743374,-0.15917337235406764,-0.4097095750779274,3.0,0.0,3.0
61,1,-53.07066101005446,-76.9655931388312,0.11875414811009627,-4.751218125637318,0.6537914420182293,-0.4097095750779274,3.0,0.0,3.0
62,6,-8.984238807244575,-21.041468033294322,0.15892099692051398,-2.163483380169303,-0.14320186898595816,-0.2781997611778782,3.0,0.0,3.0
63,4,-2.3751621492134545,-18.18778301380408,0.1688326966324391,-1.9069261445638785,-0.09924802604897949,-0.2306996705499822,3.0,0.0,3.0
64,5,-0.6281608124416426,-3.5076431751779977,-10.058036775984604,-1.7443881344610468,-0.22051157883980185,-0.2222924071664653,3.0,0.0,3.0
65,4,-0.34151898491748683,-0.6311833539043303,-16.032762713170065,-1.7872928573754208,-0.31338210460625643,0.009183868247413674,3.0,0.0,3.0
66,8,-6.50503884182746,0.20214166522190308,-1.791746370433484,-1.5641387473670032,-0.2770584688824885,-0.20915031303066436,3.0,0.0,3.0
67,2,-3.42195058401298,0.27050199571020156,-27.684844758337796,-2.11599266863116,-0.26604036398974096,0.24742392385128348,3.0,0.0,3.0
68,2,-1.7673203229719507,0.1915960288205616,-39.25048959800249,-2.4528804745581905,-0.3241280167304731,-0.029596449142690544,3.0,0.0,3.0
69,5,-0.717987434055744,0.4703894103570878,-17.92856468426686,-1.7680544831524923,-0.33325975136980357,-0.05875263225753187,3.0,0.0,3.0
70,1,-0.8623735838911861,-50.866004773727084,-17.78417853443142,-3.1143033234695503,0.31594569528688776,-0.05875263225753187,3.0,0.0,3.0
71,1,-0.9926128290706479,-102.02610149090216,-17.315436482964543,-4.48906464322824,0.35769763804425075,-0.3758032520192467,3.0,0.0,3.0
72,13,-0.16449281608503227,-7.739386234752664,-5.426820948275911,-1.7323976974902482,-0.1643809259726696,-0.13052524313702277,3.0,0.0,3.0
73,4,-12.76171712167771,-2.046360452835682,-0.8862676459254024,-1.776874373187304,-0.1817386541276661,-0.3522968975111364,3.0,0.0,3.0
74,2,-6.6875719375460845,-27.052561488895257,-0.13642044625547184,-2.1527958322632936,0.028833865327232273,-0.3345793951611326,3.0,0.0,3.0
75,2,-3.421078008618599,-38.92918990296002,0.00908181671782104,-2.4697815400541967,0.010274437611686496,-0.3578597073649527,3.0,0.0,3.0
76,4,-0.981906484331667,-22.31850322920345,0.12890743635647262,-1.9895180832250419,-0.027859897729302256,-0.2457791642957618,3.0,0.0,3.0
77,2,-0.5989395424641568,-11.051265314303404,-26.6945696010828,-2.3586774355176523,-0.12571593422962926,0.21977834167374263,3.0,0.0,3.0
78,1,-1.1366256394796428,-62.579792141033174,-26.12521236620729,-3.598997154783485,0.21791665315138448,-0.11106457996592857,3.0,0.0,3.0
79,1,-1.3610834137305745,-62.355334366782245,-77.91604235677976,-4.9047517001118575,-0.0638428765877327,-0.11106457996592857,3.0,0.0,3.0
80,2,-0.9479044078063251,-56.40701422086029,-38.69065847744884,-3.7808134481256372,-0.178433395175748,-0.30724816828132506,3.0,0.0,3.0
81,4,-12.835733192676885,-14.002996464489769,-9.375110225759652,-2.323933693336151,-0.20186825770377886,-0.28907102024602516,3.0,0.0,3.0
82,21,4.046880206172867,-2.9392144797299986,-5.104539416574607,-6.255329713399941,-0.1964749301646974,-0.203264467697514,4.0,0.0,4.0
83,4,0.9612981004136705,-13.52283086556766,-0.7088126781601218,-2.963894309192158,0.025813231033476516,-0.3285813663516931,4.0,0.0,4.0
84,1,0.7917156682473427,-66.34761224866985,-0.45327750694191016,-4.297440535641532,1.3258044218696974,-0.3285813663516931,4.0,0.0,4.0
85,6,0.011885049596235415,-19.536510935043662,0.04452131062133668,-2.090879581866071,0.04807373834879375,-0.23009935590289518,4.0,0.0,4.0
86,9,-0.29218031570218284,-1.877222560458643,-5.380683518209373,-1.5447528239242942,-0.23928318603801657,-0.2356083744293371,4.0,0.0,4.0
87,5,-10.301234449840468,-0.09244878073549467,-0.8333383169418438,-1.6336151127201781,-0.2706627417058586,-0.2521149538120956,4.0,0.0,4.0
88,1,-10.387690590225947,-52.1489580550491,-0.5168652343032267,-3.0091194073958385,0.6647371991170391,-0.2521149538120956,4.0,0.0,4.0
89,1,-60.48128949356112,-52.006395621318056,-0.4232663309680528,-4.380439074584808,0.4240092793628544,-0.2521149538120956,4.0,0.0,4.0
90,1,-60.68700803844673,-51.80067707643245,-51.96048957163785,-5.696176183320663,0.15100641558157848,-0.2521149538120956,4.0,0.0,4.0
91,2,-55.521812307573256,-25.666190914110278,-25.801936497469036,-4.177017937082097,-0.06837064045279696,-0.25199863080754514,4.0,0.0,4.0
92,19,-3.1391731858014995,-3.954013328601482,-1.1375942264375258,-1.5626325148713271,-0.2157514175232346,-0.24023997033083402,4.0,0.0,4.0
93,11,-4.970483570499755,-0.21980611262778924,0.13592352856720907,-1.511356708945698,-0.23636399933053748,-0.24522108143949817,4.0,0.0,4.0
94,3,-1.7049456027089585,-17.47239037002394,0.5280416444086531,-1.9036654891891216,0.08645516891098493,-0.3115010284519099,4.0,0.0,4.0
95,4,-13.00634273759584,-4.308476102698129,0.4889582228005547,-1.8665174325450584,-0.17449327992907054,-0.3592956909290945,4.0,0.0,4.0
96,6,-2.4797226530974226,-9.453381204995884,0.44456018018686044,-1.6268650269726477,-0.08164944680460223,-0.3451591310942397,4.0,0.0,4.0
97,1,-2.494243849549101,-9.262349564750606,-50.601542367774954,-3.030238148991404,-0.08164944680460223,-0.3451591310942397,4.0,0.0,4.0
98,12,-0.5882307555158796,-4.7469995011916035,-3.8090277854603127,-1.5360348985277055,-0.24856632693533173,-0.30802525555581467,4.0,0.0,4.0
99,3,-0.3329247512391652,-1.445485334329996,-18.65522702522251,-1.883014264330216,-0.29763960856858346,-0.04930435406483203,4.0,0.0,4.0
100,1,-0.4881862878924064,-53.14463861177892,-18.49996548856927,-3.2237905942194622,0.4483515502372329,-0.04930435406483203,4.0,0.0,4.0
101,14,-0.11827432138341183,-7.326317862228509,-1.238022234078136,-1.6197029330103676,-0.11541209772406548,-0.18161939287874038,4.0,0.0,4.0
102,6,-0.27109894107680726,-9.801065156295637,-8.604320694833376,-1.6047576662673342,-0.08666445034826496,-0.09012869777111458,4.0,0.0,4.0
103,3,-0.20558784278345507,-3.151800189674027,-19.84050961999125,-1.909713454338819,-0.24126853468989104,-0.1687560773876935,4.0,0.0,4.0
104,1,-0.35850231255242626,-3.9958986855265155,-71.04936771993668,-3.250939154817226,0.16155056771364806,-0.1687560773876935,4.0,0.0,4.0
105,1,-0.40477794461461,-56.613420762002896,-70.75634658283764,-4.653755318742189,0.7875236317366556,-0.4300474869672649,4.0,0.0,4.0
106,1,-50.46120278621982,-56.479821869390676,-70.69992174123242,-6.0152247956074065,0.7875236317366556,-0.4300474869672649,4.0,0.0,4.0
107,3,-17.033280613915107,-35.77730113383404,-23.221585370591644,-3.35320570061211,0.16846442818264196,-0.4207378043479302,4.0,0.0,4.0
108,7,-2.6803943895628923,-12.179941712908898,-3.070300751080929,-1.8057403387134146,-0.19670658489592027,-0.2784151699773085,4.0,0.0,4.0
109,3,-1.0992478892110618,-21.015139672245862,-0.8176504910035454,-1.9516160390552175,-0.1355846627133813,-0.3253068852477779,4.0,0.0,4.0
110,3,-0.538567723651399,-23.976056757185372,-0.10039840308680335,-2.0099806807541127,-0.11241539061469662,-0.32796847455816086,4.0,0.0,4.0
111,4,-0.5655748646537289,-5.563081255555463,-13.187125481104973,-1.7635967404137594,-0.3544724237828001,-0.14215082287744502,4.0,0.0,4.0
112,2,-25.703252369752775,-2.361075690351823,-6.319059930979993,-2.130531796529449,-0.5136500213765773,-0.24200287696679795,4.0,0.0,4.0
113,7,-3.8435039604850094,-7.3528492133127825,-0.7311120824768139,-1.6586718233194289,-0.3302813037832117,-0.22903891484984884,4.0,0.0,4.0
114,6,-9.19977831334471,-0.8521428300222316,0.10400897285107435,-1.6182219504258875,-0.3489098157091716,-0.27597720341068616,4.0,0.0,4.0
115,1,-59.40694212272346,-0.6449790206434827,0.47161231331076003,-2.9320409312082485,-0.6214398160300945,-0.27597720341068616,4.0,0.0,4.0
116,11,-10.131240777545301,0.24957280663119413,0.07476543373464867,-1.621300518039508,-0.3314453657292152,-0.2314949117752971,4.0,0.0,4.0
117,6,-1.8814955995711886,-8.41477736919442,0.23250617441634103,-1.6229426573196688,-0.15036248114609715,-0.2746148265796028,4.0,0.0,4.0
118,3,-0.6991570514252402,-21.015420638175694,0.14949390970695772,-1.9277626834398542,0.25821515432982617,-0.22086953817133703,4.0,0.0,4.0
119,1,-1.0775634884296321,-73.65563650624833,0.5279003467113497,-3.219039880950276,0.9346301182737535,-0.5106323950305958,4.0,0.0,4.0
120,10,-0.2197104118760222,-7.253609587591777,-4.763196962532077,-1.702582857273168,-0.11332566403277418,-0.2519326685745561,4.0,0.0,4.0
121,5,-0.1846761091352432,-11.568840661798236,-0.8119053657463766,-1.7081246072950855,-0.09876599396900838,-0.22183393923531272,4.0,0.0,4.0
122,5,-0.2554703918799884,-12.205885846449615,0.056154096903664366,-1.6815713611016965,-0.14211372533871117,-0.2370072632295222,4.0,0.0,4.0
123,6,-0.3200861171390868,-1.752508429486429,-8.210975321762778,-1.5998819793942587,-0.2921320465535827,-0.26204526410980694,4.0,0.0,4.0
124,11,-0.10027331804294065,-4.725362987891464,-0.6577186058514671,-1.5385707738760233,-0.13338412608000427,-0.1999440876646317,4.0,0.0,4.0
125,3,-0.31016053285810524,-1.298384902453363,-17.4350875584227,-1.811589879346007,-0.2357842029540946,0.049635236563043306,4.0,0.0,4.0
126,2,-0.41249032644331163,-26.284303541874184,-8.694770817297334,-2.2218839953621616,0.14644665002970858,-0.1171499480872568,4.0,0.0,4.0
127,2,-0.29587256173358734,-13.138869214327048,-29.950713133774247,-2.4931821254985755,-0.04646816907383715,-0.1624810114516242,4.0,0.0,4.0
128,5,-0.1905083847884696,-2.245420885539637,-16.0656523231951,-1.8699019123976268,-0.3474362606013234,-0.20015357110882365,4.0,0.0,4.0
129,4,-0.2859709138056292,-13.668072447013257,-3.7720595980114,-1.8058882740052804,-0.060741249282363886,-0.2940016493788342,4.0,0.0,4.0
130,3,-16.820952861880773,-4.44105669686811,-1.198390642058238,-1.994795556110492,-0.24278336856183935,-0.22354282546529422,4.0,0.0,4.0
131,8,-2.240506173491466,-0.20599348981635773,-6.711370546097787,-1.6196511025807567,-0.3209990868502752,-0.15968639853553665,4.0,0.0,4.0
132,1,-2.537394840906634,0.1179561049218136,-58.69847367003837,-2.939372472826793,-0.599040876995868,0.5993409131326324,4.0,0.0,4.0
133,5,-10.986162203572416,0.24973095379287216,-21.603352383447906,-1.846191434930342,-0.34562451838078767,-0.009648561935701796,4.0,0.0,4.0
134,3,-3.9892476329159288,0.4104372163227475,-23.855618386219536,-1.9106615446937179,-0.4074169976356437,-0.20520166187680564,4.0,0.0,4.0
135,9,-0.7895953953383739,-5.3946470461803635,-2.882952760545665,-1.505164417322991,-0.30658712995219467,-0.10210209606450904,4.0,0.0,4.0
136,1,-1.0296462517267375,-57.18576763106933,-2.55190383644273,-2.8033820792049893,0.46007335700975277,-0.10210209606450904,4.0,0.0,4.0
137,1,-1.1593016195653685,-108.8763478368588,-2.479940820666706,-4.157108512370247,1.262415078557063,-0.10210209606450904,4.0,0.0,4.0
138,19,-0.20298252878884337,-5.641858261869651,-2.748972052352103,-1.5878210089347515,-0.13226668801314867,-0.15797983012720576,4.0,0.0,4.0
139,1,-50.55790309782552,-5.269202862625316,-54.22133419918966,-2.8286775463800953,-0.48823675436352443,-0.15797983012720576,4.0,0.0,4.0
140,4,-25.511686336369245,-0.9450901537434643,-13.128512809800643,-2.00135359244874,-0.41555202722515633,-0.3448071434798107,4.0,0.0,4.0
141,1,-25.641286742640283,-0.6970031121559133,-64.41524280533051,-3.3555450599034446,-0.7088943240655502,-0.3448071434798107,4.0,0.0,4.0
142,1,-25.754482430034212,-0.5838074247619849,-115.30948732701442,-4.66024369097995,-0.7088943240655502,-0.3448071434798107,4.0,0.0,4.0
143,2,-38.40663947246783,0.23749454506973613,-58.930622120004564,-3.5711015807439956,-0.7009816414583975,0.062638984992074,4.0,0.0,4.0
144,1,-38.59295956655386,-51.396098187882615,-58.73108965065323,-4.8964017607405985,0.12567626131000673,0.062638984992074,4.0,0.0,4.0
145,2,-44.488225058467606,-25.506303818750634,-29.07020605638216,-3.7699453391175073,-0.06982729221175603,-0.12394731643023979,4.0,0.0,4.0
146,7,-6.651888780864444,-10.879079920005173,-3.8328104680084896,-1.8466998977034443,-0.15016029086959723,-0.2584168548219728,4.0,0.0,4.0
147,20,-0.5663739761863196,-2.818486425296558,-2.54925742897753,-1.4293700839130636,-0.27359014452748265,-0.21320010321558808,4.0,0.0,4.0
148,8,-0.295701656751924,-7.118611783781732,-0.5218804143352952,-1.5213667959518922,-0.05571252350908705,-0.0850030357705231,4.0,0.0,4.0
149,1,-0.44467281161861244,-6.969640628915044,-51.53354618377114,-2.8660078178645514,-0.3008719104482473,-0.0850030357705231,4.0,0.0,4.0
150,2,-0.26999642254254186,-30.022336765719043,-25.58695922617283,-2.8274185715344524,0.03884842456242251,-0.16925961805476447,4.0,0.0,4.0
151,4,-12.783716983285235,-7.1151113726594195,-6.18052192889361,-2.0507931220416653,-0.28997229475522784,-0.27573866411509784,4.0,0.0,4.0
152,14,31.169908283731925,-0.49511806327865177,-36.095925348887555,-22.973333379576733,-0.20936213415266341,14.082449434573707,9.0,0.0,9.0
153,2,-9.824398930208961,0.16179404043559908,-17.543376769446226,-12.766957889083553,-0.4102074352581851,6.710378462524303,9.0,0.0,9.0
154,12,-0.9091616291685956,0.359108998509107,-5.689570060445544,-2.451076543524344,-0.32168993708273563,0.3914800158368153,9.0,0.0,9.0
155,7,-0.194116341028404,0.11553739379133428,-8.018158175672385,-1.744070381915812,-0.21084575070647033,-0.06850467895001575,9.0,0.0,9.0
156,7,-0.13780691402391476,-7.062527871572195,-1.0353751597904832,-1.6303113818043522,-0.20081930440659415,-0.20945423528472434,9.0,0.0,9.0
157,2,-25.451854868342856,-3.0449638770044993,-0.13473616856434245,-2.1030856787971297,-0.4321278564976735,-0.3932604925738187,9.0,0.0,9.0
158,1,-25.751103783027624,-2.7457149623197306,-51.182349949436436,-3.370712963282891,-0.7505512658280163,-0.3932604925738187,9.0,0.0,9.0
159,9,-3.159698573972279,-0.0064776191638375785,-11.27017805895638,-1.6890103133749805,-0.35640544277236774,-0.19040564607138816,9.0,0.0,9.0
160,6,-0.696050045848955,-8.550331734068807,-1.705383011569704,-1.639916369801668,-0.09355583037593036,-0.21886652811194954,9.0,0.0,9.0
161,7,-7.4651877456170945,-0.9886552938985623,-0.020731262585570533,-1.5703293402180203,-0.23214331822224796,-0.24169325193594873,9.0,0.0,9.0
162,1,-57.62734325337227,-0.8264997861433903,0.2108055721669519,-2.907155513476403,-0.48267220939561567,-0.24169325193594873,9.0,0.0,9.0
163,3,-19.46192933054297,-17.363577517767176,0.3248712868178349,-2.2786638594448543,-0.2986712618214397,-0.2629521986652025,9.0,0.0,9.0
164,7,-2.9832123449765655,-9.48613168086564,0.24934691015869004,-1.668238254706543,-0.28413713541960534,-0.24214874150452373,9.0,0.0,9.0
165,2,-1.6776657135251858,-31.468903369061806,0.31073299611624816,-2.177867696932032,0.4441016481971336,-0.2399463401024973,9.0,0.0,9.0
166,6,-8.963045941545344,-4.894715572219154,0.4510779480522065,-1.656442683096511,-0.21799650688558558,-0.2936166610057221,9.0,0.0,9.0
167,7,-1.518306536044251,-7.9358083257890994,0.3578135653724018,-1.5757252458422422,-0.1656087919874701,-0.30348290357059143,9.0,0.0,9.0
168,7,28.299233695074243,-8.518073485398883,-28.465018405170223,-1.621965030895487,-0.13577342930059066,14.08496294396958,11.0,0.0,11.0
169,3,-7.523285086046781,-2.5496615107280975,-8.928525714205426,-1.8620153528033596,-0.3114545728189955,4.3455065743511065,11.0,0.0,11.0
170,3,-2.693136447126527,-18.1321010085468,-2.7582214146405346,-1.97015425002214,0.01942172119222214,1.2853224152422646,11.0,0.0,11.0
171,2,-1.4285323215833736,-34.50403039590374,-1.2971466093001571,-2.377612672954229,0.00021762417110156816,0.44993379106284626,11.0,0.0,11.0
172,5,-0.3982759621883485,-17.107733200580782,-0.1468598239883577,-1.849862880091235,-0.1523156889687096,-0.07545322773311146,11.0,0.0,11.0
173,1,-0.4818291196990338,-17.024180043070096,-51.01758676716301,-3.1842040410509838,-0.1523156889687096,-0.07545322773311146,11.0,0.0,11.0
174,3,-0.3033389343318971,-22.565360918120756,-16.73647848929814,-2.426236746176318,0.06452865958800853,-0.2015462219169407,11.0,0.0,11.0
175,5,-0.3569115513367395,-14.759792392776081,-3.0510519333892665,-1.7974537056214548,-0.011487544501448869,-0.25565633526878134,11.0,0.0,11.0
176,4,-0.1685122060195678,-3.2911415416255627,-13.813974227319923,-1.8357148341173621,-0.24982639324044859,-0.022586736727013373,11.0,0.0,11.0
177,9,-0.08400865843187372,-0.30039731352869636,-7.0541765213262195,-1.6006480228052922,-0.21900391983670156,-0.1585404149144522,11.0,0.0,11.0
178,2,49.91258246878813,-25.64913349794824,-53.5484775960082,-2.198879273429488,0.11906887674418785,-0.17019704929580348,12.0,0.0,12.0
179,1,49.77485504358775,-76.73734689577827,-54.32906963982637,-3.479046166699543,0.11906887674418785,-0.17019704929580348,12.0,0.0,12.0
180,2,24.5215172421313,-37.97123317573413,-53.40907578696881,-3.0363188863621073,-0.24208554992000236,0.3478063482048802,12.0,0.0,12.0
181,3,-8.730246798286553,-12.40484100586202,-17.56560604999262,-2.3406775089878447,-0.34380007499403603,-0.05322874182938611,12.0,0.0,12.0
182,7,-1.538062783256225,-8.80568193176212,-2.218487623640799,-1.65587210191954,-0.23862683475215876,-0.2685375718898975,12.0,0.0,12.0
183,3,-0.8890370995441009,-19.8421642457797,-0.3549832312809909,-1.8088843696179604,-0.29955424909413186,-0.30882074709113344,12.0,0.0,12.0
184,1,-0.9659840698854072,-70.75164023586434,-0.27803626093968464,-3.1498317177470883,-0.29955424909413186,-0.30882074709113344,12.0,0.0,12.0
185,3,-0.6368031675217061,-23.19396635534335,-17.068313164217695,-2.363933978283816,-0.39953880121503427,-0.035753494474528705,12.0,0.0,12.0
186,5,-0.335218793383019,-4.183146112093877,-13.490043163676773,-1.8165568132417076,-0.4116998148179249,-0.19796408226000806,12.0,0.0,12.0
187,4,-0.2891477566421603,-0.8214321749770029,-16.046551301562147,-1.7895347547779297,-0.29674804314696734,-0.10560283903057631,12.0,0.0,12.0
188,8,-6.743210475998037,0.3543879845456415,-1.6551761912915337,-1.489214480563207,-0.3589999056912018,-0.3264698004398341,12.0,0.0,12.0
189,6,-1.3418870646449728,-8.145500990377831,-0.05784404656995599,-1.5943324324634196,-0.2781447085881183,-0.29154703277405986,12.0,0.0,12.0
190,3,-17.48709110794436,-2.3420382437299074,0.49263344074022136,-1.8246534760881958,-0.38678407815803856,-0.43005650464734174,12.0,0.0,12.0
191,2,-8.880183784489649,-26.67720232955357,0.38295495088757847,-2.2614985334819506,-0.3466403084025482,-0.33036450257745814,12.0,0.0,12.0
192,3,-19.75731458478811,-8.5077580123211,0.15662347918924824,-2.1223336590163244,-0.42864023367666776,-0.25160687839178103,12.0,0.0,12.0
193,2,-10.191489102890221,-30.004097261378604,-26.052613597918658,-2.376656885643868,-0.05826265682465077,0.6533041646821833,12.0,0.0,12.0
194,3,-3.6421370052275477,-9.756391782862062,-25.38536906422144,-2.1055234853422617,-0.20343913588808524,0.03334556560071121,12.0,0.0,12.0
195,1,-4.139584539271125,-60.68665563563498,-77.21405570981747,-3.359280177105594,-0.13321652456434507,0.8092800968906888,12.0,0.0,12.0
196,4,-1.1912464301800176,-15.015313613546509,-32.23601214485205,-2.200900762047378,-0.26020198583097337,0.07062472248138134,12.0,0.0,12.0
197,5,-0.4104087662743493,-13.404857822109449,-6.2711226765942625,-1.7965314925808848,-0.007280859645004005,-0.1735712924663248,12.0,0.0,12.0
198,1,-50.45327632702278,-14.557868132762746,-6.023094522738732,-3.196907287420319,0.47955691889021557,-0.1735712924663248,12.0,0.0,12.0
199,17,-3.057025424907749,-3.791257260660019,-0.06846985293872837,-1.5755836972522543,-0.1088250892922832,-0.2555516147840436,12.0,0.0,12.0
200,6,-0.7194876621041014,-8.89918579761308,-0.406697838277017,-1.606434443283469,-0.14029217709170708,-0.02937856215927076,12.0,0.0,12.0
201,2,-0.6303425070840482,-30.442741395292597,0.06724975689348898,-2.086107291191984,-0.25461463641708115,-0.16442162345813796,12.0,0.0,12.0
202,2,-0.6024853046290235,-40.79082407992405,0.3209389295337439,-2.3669791917653145,-0.012691999116337347,-0.34336680820398635,12.0,0.0,12.0
203,3,-17.074367669334695,-13.272209607507582,-0.045381427992638855,-2.117967721574757,-0.21050723835342952,-0.23085508924685813,12.0,0.0,12.0
204,14,-1.4043138070169723,-4.80778944061023,-3.481151725805548,-1.5083493555097547,-0.05220311766754397,-0.17173764947455022,12.0,0.0,12.0
205,1,-1.6343123390043997,-4.500267572889639,-54.76065705906123,-2.8123320836567856,-0.3750259682265012,-0.17173764947455022,12.0,0.0,12.0
206,2,-1.1127784377530516,-1.9901610966062941,-53.121328183836745,-2.7244526818191703,-0.4904376482671667,0.1554885144602838,12.0,0.0,12.0
207,4,-0.6169263872173605,-12.991976682990948,-12.941600268180089,-1.9628439411774992,-0.36099255615332443,-0.18566835790148437,12.0,0.0,12.0
208,2,-0.507493280855885,-6.29695825424827,-32.030029521891834,-2.29950053078332,-0.31441378437049283,-0.021646478288369738,12.0,0.0,12.0
209,2,-25.47695850394911,-2.9220775586859693,-15.791285394032855,-2.4919856757063075,-0.4019757971994456,-0.24783243023536713,12.0,0.0,12.0
210,1,-25.510326380794837,-2.5933980170982265,-67.31463958588972,-3.894863078284448,-0.7347435793816469,-0.24783243023536713,12.0,0.0,12.0
211,2,-12.885577712476081,-1.1662844864704485,-59.39908056594919,-3.3139257657376913,-0.5899344143396162,-0.1812291735528568,12.0,0.0,12.0
212,10,-1.5858521278842714,-5.266900776996695,-5.642613699958254,-1.6427026659445243,-0.19912663623176224,-0.2605587103905591,12.0,0.0,12.0
213,2,-1.0864088193989674,-28.776290163459425,-2.5278240945222956,-2.0924657107243867,0.06685791248739904,-0.28541668797926534,12.0,0.0,12.0
214,4,-0.46842083848150573,-6.997253907233093,-13.805000913283989,-1.869461429839815,-0.2241059880188012,-0.09988965678823467,12.0,0.0,12.0
215,1,-0.5200526263722087,-6.94562211934239,-65.60677340476965,-3.262320282785263,-0.4201438390147652,-0.09988965678823467,12.0,0.0,12.0
216,5,-0.2752238273700106,-1.1417586640076582,-24.533152295691107,-2.0042648361939372,-0.296524842366275,0.2716408322743094,12.0,0.0,12.0
217,6,-8.532666760538413,-0.24659499528643938,-3.7151672481611215,-1.6974054152641285,-0.10835022339425253,-0.20115124569219414,12.0,0.0,12.0
218,4,-2.185738172562843,-13.100270722194223,-0.8762203296120405,-1.8212308951434553,-0.017257432486383593,-0.18907992139452015,12.0,0.0,12.0
219,9,-0.6507319972883387,-6.746288822990482,0.3105143859355739,-1.4789528075877647,-0.22561403302835237,-0.2914612210128629,12.0,0.0,12.0
220,12,-0.2131085401187036,-0.4033098615711981,-3.955946016560262,-1.488173782731714,-0.24123218064241378,-0.21440723694520222,12.0,0.0,12.0
221,5,-0.23408073726485035,-10.189481439320435,-0.5440351077760945,-1.6479106990799148,-0.08555776381968896,-0.24424110005115834,12.0,0.0,12.0
222,8,-0.4188115948163907,-7.353487011870462,0.30692612903811106,-1.4823843624716666,-0.26813870828656716,-0.27442412062938576,12.0,0.0,12.0
223,1,-50.52356964027834,-8.069480514421809,0.41168417450006123,-2.7955206354801505,-0.26813870828656716,-0.27442412062938576,12.0,0.0,12.0
224,1,-50.774555570020084,-59.477152225341506,0.6626701042418073,-4.087704226281907,0.47907653623779733,-0.27442412062938576,12.0,0.0,12.0
225,1,-50.94968018999092,-111.1078936883667,0.8832449841801413,-5.418445185333464,1.2394381927473794,-0.27442412062938576,12.0,0.0,12.0
226,10,-5.188351986723934,-16.21969586575316,0.18170846614285657,-1.926119210053225,-0.004120490714543992,-0.20459096874838636,12.0,0.0,12.0
227,3,-1.8859522325783804,-22.785975177948245,0.3503471195059347,-1.9924432752619483,0.028617446210088663,-0.25961045361011276,12.0,0.0,12.0
228,11,-0.2259151732068407,-2.0133012363534357,-4.71280535066282,-1.5796913826677175,-0.1700685512020823,-0.12017679761831747,12.0,0.0,12.0
229,2,-0.22324582956957578,-0.8963623752105624,-28.176178958310675,-2.152751503043588,-0.19748256302822143,0.1046432288983755,12.0,0.0,12.0
230,3,-0.3226475602036705,-17.476222419631522,-9.143827369089747,-2.043192974131913,0.047202157384712624,-0.13642807435550838,12.0,0.0,12.0
231,3,-0.2966883065447459,-22.856380148987682,-2.7997753518432287,-2.0279473668180876,0.15193000150953104,-0.21715793529433622,12.0,0.0,12.0
232,2,-0.3141172017883424,-11.262417025977872,-28.630092871416192,-2.3781471322590053,-0.14893254174276016,0.5832470193097702,12.0,0.0,12.0
233,1,-50.639108858265324,-10.937425369500893,-28.269462869762553,-3.6330566238488395,-0.4803808999693857,0.5832470193097702,12.0,0.0,12.0
234,2,-25.59318529099626,-5.195081822886849,-39.44035215860849,-3.0970410105649595,-0.3926119742920313,0.2827238247901787,12.0,0.0,12.0
235,1,-75.8185795079277,-4.820006360908863,-39.21495794167705,-4.401431390246371,-0.7488480608418038,0.2827238247901787,12.0,0.0,12.0
236,4,-19.134561753842036,-1.0250847133671015,-22.52790206732201,-2.460635840046481,-0.4165928137314721,0.08171191321222115,12.0,0.0,12.0
237,4,-4.900701408711076,-12.749850786673028,-5.514914546579935,-1.9960206074123776,-0.22066147286461985,-0.18407086501176112,12.0,0.0,12.0
238,8,-0.8506587740569522,-8.001027529929573,-0.5434647858111549,-1.5882911988633326,-0.1624474596766671,-0.21826700772903593,12.0,0.0,12.0
239,6,-0.3304681841817378,-9.89305417125348,0.021540564440079124,-1.6169574875765118,-0.045348170568665545,-0.2654263795535593,12.0,0.0,12.0
240,2,-0.26664865281023525,-4.845112524907374,-25.71892551042607,-2.1865305585050443,-0.23335724001630545,-0.0826505161729942,12.0,0.0,12.0
241,4,-0.4481273839362868,-13.73812635285871,-6.007456615740499,-1.8118012735024747,-0.29947617761970774,-0.2846451472763731,12.0,0.0,12.0
242,3,-0.35488323165418084,-22.830850056763058,-1.7969781015714144,-1.933706821896129,0.2595265347186684,-0.26228900367016567,12.0,0.0,12.0
243,8,-0.1639093467148179,-2.7343073143373373,-6.263199201641363,-1.6184995387414123,-0.1791132233693461,-0.27969608505335397,12.0,0.0,12.0
244,14,-0.1918801448904071,-0.015135330899032564,-3.8873209299610463,-1.4722471213628054,-0.24444454383138825,-0.2440664976404753,12.0,0.0,12.0
245,12,-0.16348572893267632,0.1462344392835563,-4.378224623222985,-1.4890084665921757,-0.22382220917101622,-0.20335814538249017,12.0,0.0,12.0
246,2,-0.28804318579764643,-25.224882687194608,-1.9836389163819022,-2.095541401637723,-0.35002287212937233,-0.30382553462621686,12.0,0.0,12.0
247,6,-0.4061112109573341,-12.375006105518066,0.029606186712986992,-1.6410703779484017,-0.1857295780637099,-0.31285562428934816,12.0,0.0,12.0
248,8,-6.537776846919187,-1.3098628176402374,0.3738859809176388,-1.5370165718793944,-0.24701296076380572,-0.29958788762361804,12.0,0.0,12.0
249,2,-3.4289120623656513,-0.4949077699140609,-25.349786996431884,-2.1222477242054776,-0.357359177294939,-0.28796590735087035,12.0,0.0,12.0
250,3,-1.3017966306033673,-17.140571551855285,-8.29110305566248,-2.0730158585967535,-0.14094014106597905,-0.3130780610795016,12.0,0.0,12.0
251,3,-0.8681053240807599,-22.832088802165174,-3.399200241465796,-1.9642499566095413,-0.03786507842787542,-0.012472267902437682,12.0,0.0,12.0
252,1,-51.00554986523157,-22.694644261014364,-3.192883344566724,-3.2446997339291648,-0.03786507842787542,-0.012472267902437682,12.0,0.0,12.0
253,2,-50.67689024034498,-11.173206822777985,-1.138398764717874,-2.9701647929182164,-0.25736729684894655,-0.17970623229712562,12.0,0.0,12.0
254,2,-25.392434780616302,-31.512392849135786,-0.5152097219151275,-2.881506603768701,0.11163510731164968,-0.182547999270575,12.0,0.0,12.0
255,1,-25.406251315926237,-31.49857631382585,-51.34290627643929,-4.285584386929199,0.11163510731164968,-0.182547999270575,12.0,0.0,12.0
256,2,-12.78807963717105,-42.249553348154755,-25.58649915901171,-3.5261518786586805,0.5872918706267212,-0.19032162278633874,12.0,0.0,12.0
257,1,-13.030283362012755,-41.993877279205066,-77.41147182932444,-4.865011368016363,0.332326192312411,0.5655499305150578,12.0,0.0,12.0
258,2,-6.596223513672673,-20.915856806936233,-64.19041162231476,-3.8183989394934676,-0.03544720984844112,0.11955509658221278,12.0,0.0,12.0
259,4,-1.7793736937583389,-5.008281965313158,-28.818757290838246,-2.3247435503028164,-0.25788705165519177,-0.12829667124858754,12.0,0.0,12.0
260,10,-0.5066695533375406,-5.361214757326283,-2.5016088296194257,-1.536940544861894,-0.19890164982928726,-0.2785013692198313,12.0,0.0,12.0
261,13,-0.16920535942608453,-4.72079817118795,-0.07703887444425885,-1.4899040559830028,-0.029430174033635834,-0.2145827831279479,12.0,0.0,12.0
262,1,-0.23685154263448038,-4.653151987979554,-50.96795661229018,-2.840152191245041,-0.029430174033635834,-0.2145827831279479,12.0,0.0,12.0
263,4,-0.5503867099252017,-14.350078862475822,-12.557786648750067,-1.9647512014708461,0.04321185395543777,-0.21814641839879972,12.0,0.0,12.0
264,5,-0.45654885352078833,-2.523544260959416,-12.407554071015184,-1.6876790091706724,-0.2853855439885104,-0.283416993330862,12.0,0.0,12.0
265,3,-0.2687723529448918,-18.6563743309983,-4.019261955233765,-1.9304178522230073,0.1275438162485515,-0.23653870364525817,12.0,0.0,12.0
266,9,-0.1379662719655081,-2.1576038600529968,-5.777723900235649,-1.5940903816634793,-0.11645273059491812,-0.27984819713002096,12.0,0.0,12.0
267,2,-0.42157028444030503,-26.324504654278865,-2.5362748016602734,-2.096753375579271,-0.2054878821609581,-0.4197893689182213,12.0,0.0,12.0
268,9,-0.14774906878946287,-8.432522616800187,-0.18090038522171253,-1.614421651635825,-0.26943133420461096,-0.22426878851030013,12.0,0.0,12.0
269,8,-6.4058039215941305,-0.8637211183940596,0.11472273984273366,-1.572397881893448,-0.2665236621913478,-0.2358019302053576,12.0,0.0,12.0
270,9,-0.9418114650528673,-5.6198548478944215,-5.5555209817829985,-1.5089958055221713,-0.24367050877007587,-0.1569587987622666,12.0,0.0,12.0
271,7,-0.23808065581609172,-0.6993002460335209,-8.078798019594121,-1.5973337513611956,-0.24116967801410621,-0.18662582755736964,12.0,0.0,12.0
272,5,-10.29953340262983,-0.2887356183551383,-1.363842332452212,-1.647187215607247,-0.21135585625602488,-0.24080817888429773,12.0,0.0,12.0
273,2,-5.205252519114252,-0.08888199137823324,-27.02024953889726,-2.213548360159734,-0.2039127370708247,0.20043039120429346,12.0,0.0,12.0
274,1,-5.30445576810386,0.01032125761137543,-80.11993288680651,-3.5985720997214057,-0.40595652972896246,0.9581419697600437,12.0,0.0,12.0
275,1,-5.621596500185861,-0.30711980830037194,-131.79847985093497,-4.858119079430974,-0.21686629146949435,0.9581419697600437,12.0,0.0,12.0
276,4,-13.977755499487342,0.06186934887709834,-46.01957652257224,-2.6078528293129355,-0.26869633933373477,0.32024799475859755,12.0,0.0,12.0
277,1,-64.14152590496666,0.24293331903131843,-45.85580611709292,-3.8619767423040474,-0.26869633933373477,0.32024799475859755,12.0,0.0,12.0
278,7,-9.390362070206251,-7.086465672632678,-6.336650692627191,-1.8916309981331352,-0.1972446181717408,-0.19120153414132193,12.0,0.0,12.0
279,1,-9.537740835178877,-6.939086907660053,-57.45419101723565,-3.236956832501218,-0.44149642767226116,-0.19120153414132193,12.0,0.0,12.0
280,6,-10.049895915677629,-0.9025121415974073,-17.9543292975516,-1.9098746960025859,-0.2948207539393896,-0.20726960586552937,12.0,0.0,12.0
281,7,-1.7996616365547744,0.23503191408691135,-9.993806457680053,-1.5697740370434319,-0.33290930556729503,-0.08620589044543012,12.0,0.0,12.0
282,1,-2.1126961131473707,0.5480663906795079,-61.03987190277524,-2.832421759156529,-0.6601387144328013,-0.08620589044543012,12.0,0.0,12.0
283,4,-13.378219508002267,0.4870620773853023,-14.802075016853639,-1.985757920211868,-0.396998097341044,-0.28125931637124757,12.0,0.0,12.0
284,3,-21.362906210582384,-0.8100124232256976,-5.967933553015157,-1.9906419836445748,-0.07020580521408823,-0.046947225323035,12.0,0.0,12.0
285,6,-3.839530294335568,-8.525280832040425,-9.474890204614224,-1.6447756611771795,-0.18035358262124654,-0.11466986410314767,12.0,0.0,12.0
286,8,-0.6366154200767338,-7.4143942111768135,-0.9523766424457539,-1.56759251160898,-0.20994079003508856,-0.23085211895192204,12.0,0.0,12.0
287,5,-0.3056805342905687,-12.05349621162536,-0.05258751065189493,-1.6673190949793901,0.06857106415732896,-0.22733873144843314,12.0,0.0,12.0
288,10,-0.11932603790337123,-1.1165916366882214,-4.907528737612621,-1.5522077291860599,-0.17324895997742515,-0.20743309303153645,12.0,0.0,12.0
289,1,-0.23356114345949933,-1.0023565311320934,-56.424630389895725,-2.9132567285127697,-0.4000802750200759,-0.20743309303153645,12.0,0.0,12.0
290,4,12.399961456418797,-12.871014607336003,-51.824044901567,-2.1321672597815056,-0.31234004196548354,0.025463538721927616,13.0,0.0,13.0
291,4,-9.602745259651101,-16.467945637511022,-12.696872005883378,-1.86982355128163,-0.05873624666520821,-0.19392843006856691,13.0,0.0,13.0
292,9,-1.181573122228495,-7.531012463262332,-1.4564799593254474,-1.5881870151611808,-0.12002471303686019,-0.14330927140687819,13.0,0.0,13.0
293,9,-5.909394790968891,-0.4722348684489918,0.060722226351785986,-1.517335460928015,-0.3082052956603222,-0.2303912882835925,13.0,0.0,13.0
294,8,-0.9844440311775018,-6.1357308693002555,0.2533599606003635,-1.5256956373264103,-0.24954628114540067,-0.2741446106053053,13.0,0.0,13.0
295,2,-0.7549543821221326,-2.8267092411541745,-25.79928203764448,-2.094201237332066,-0.4102347532925145,0.1251126727383609,13.0,0.0,13.0
296,1,-0.7975265452252889,-53.691331533978456,-25.756709874541325,-3.469523392699344,-0.4102347532925145,0.1251126727383609,13.0,0.0,13.0
297,4,-0.28750738686416516,-26.221993061101934,-6.351051718077488,-2.2500442511292618,-0.20033987304125403,-0.11773948697675467,13.0,0.0,13.0
298,3,-16.83062625074178,-8.672540565246921,-3.0534490825795397,-2.139171174599897,-0.19989373236118366,0.15753689073755053,13.0,0.0,13.0
299,1,-16.852780553751675,-8.650386262237026,-54.03168386680509,-3.534911190060436,-0.19989373236118366,0.15753689073755053,13.0,0.0,13.0
300,15,-1.3592209415202123,-0.305726966330304,-6.937179618919558,-1.5709284282523446,-0.2592984623841626,-0.1519158583691302,13.0,0.0,13.0
301,3,-0.6493578822350706,-17.279797542329973,-2.196337712297555,-1.8686931797167758,0.022503155821361896,-0.2397577511459508,13.0,0.0,13.0
302,11,-0.3285153705012161,-1.301407849913788,-4.681678007291899,-1.4970907154728261,-0.2571891293950804,-0.159864614600417,13.0,0.0,13.0
303,3,16.51285259970926,0.017623829596727647,-35.72416184225619,-35.23426429254778,-0.4247510674849743,-0.003714221859766668,14.0,0.0,14.0
304,2,-16.958727292887268,0.22396550754026168,-17.609881683318555,-18.948160093190154,-0.46695195651224525,-0.13377386925533002,14.0,0.0,14.0
305,9,-7.571637079801365,0.3198430978654365,-1.82487502866595,-3.477710381426343,-0.3231029621618345,-0.20103814135098097,14.0,0.0,14.0
306,3,-2.7389997219800546,0.47578509316285394,-17.795344073102683,-2.484564447776324,-0.3265914782636191,0.05197315147728244,14.0,0.0,14.0
307,4,-0.8548038220159766,0.28900016481167645,-17.03676016605874,-1.9707496161044493,-0.2589641007614698,-0.07862001658883876,14.0,0.0,14.0
308,3,-0.613399123545131,0.4546951758816098,-22.755034452428788,-1.9337556210730706,-0.3011595813763755,0.07799695821201282,14.0,0.0,14.0
309,1,-0.919608619245182,-50.57110972716601,-22.448824956728735,-3.252183248133864,-0.12638712511345837,-0.1896657972562709,14.0,0.0,14.0
310,2,-25.51928239987715,-24.926447942835495,-11.16493438810981,-3.014514717788355,-0.23811033629584985,-0.19182113269659035,14.0,0.0,14.0
311,11,-2.5444068344275323,-6.605517500447051,-0.7905219644803734,-1.6172521797866588,-0.2688400272834715,-0.25584253728123457,14.0,0.0,14.0
312,4,-0.7533300742202935,-14.141356763330151,-0.16224155009192093,-1.779888160606726,-0.10046055715709096,-0.21829739163893022,14.0,0.0,14.0
313,1,-51.14091512162367,-13.587067112884277,-0.1057548780290358,-3.068765324215892,-0.4550098553234613,-0.1799478095959551,14.0,0.0,14.0
314,3,-17.433349023971562,-22.249427332543632,0.3360153896260812,-2.2947099195171488,0.18069055217833518,-0.2654033812079936,14.0,0.0,14.0
315,5,-3.7721048128168624,-15.172845391861348,-10.754039070324081,-1.7815740282885735,0.08902960452003292,0.09978961860008409,14.0,0.0,14.0
316,4,-1.1271585046706138,-16.495357611590066,-2.592533682053548,-1.7898295045852128,-0.2071106318795451,-0.15310197552869662,14.0,0.0,14.0
317,3,-0.8100668585946676,-5.020941328458096,-17.552756930000037,-1.8523628854123355,-0.4181342643235734,-0.2684411887544014,14.0,0.0,14.0
318,1,-51.080333868196824,-4.698508207998841,-17.28248992039788,-3.1339278312404426,-0.747613347705001,-0.2684411887544014,14.0,0.0,14.0
319,12,-4.490026655379688,-4.356623921489427,-1.2068753270032044,-1.6012785835432595,-0.29140787872057516,-0.26343821950555607,14.0,0.0,14.0
320,4,-1.358465429785976,-13.960168908083903,-0.06576006580974716,-1.7237277964818944,-0.18821886086783565,-0.25969373181824945,14.0,0.0,14.0
321,3,-17.588893916676366,-4.183984195946924,-17.088038790486078,-1.835365232239341,-0.388575612147015,-0.0715108480070179,14.0,0.0,14.0
322,4,-17.08063630927028,-0.8444225676283807,-4.088596867520333,-1.8034099577723932,-0.28514893231940214,-0.19511908277628193,14.0,0.0,14.0
323,8,-2.2541262666785733,-6.364523619689248,-0.7593878692481514,-1.599769692957929,-0.20882138498050237,-0.10069388402366984,14.0,0.0,14.0
324,6,-0.6196679813589564,-9.553306680191996,0.1315895107983734,-1.6035291621572612,-0.14005320857990866,-0.26048430381207044,14.0,0.0,14.0
325,6,-0.25613789880905863,-10.35503861270888,0.28192993507892505,-1.627479255194617,-0.0805832094237358,-0.2611270351432461,14.0,0.0,14.0
326,11,-0.3258161668961193,-5.293838117946185,0.32816089746610716,-1.4581621446649313,-0.27306049046302444,-0.26975654179250996,14.0,0.0,14.0
327,2,-25.29846075168565,-2.340098398213132,0.2996331169706417,-2.091410032522382,-0.42752399394419716,-0.2436426772829418,14.0,0.0,14.0
328,11,-2.649583279180222,-4.549446141811402,0.34227554547085187,-1.4831280575341175,-0.30771358799828225,-0.2831455778837622,14.0,0.0,14.0
329,2,-1.66548310259061,-27.728455172637105,0.511829235735925,-1.9889583546275929,-0.2963157711032677,-0.30848488133447743,14.0,0.0,14.0
330,2,-1.206890899504091,-14.358164852692983,-25.554275020005164,-2.22552575652523,-0.10606864129434247,0.12747237268186154,14.0,0.0,14.0
331,2,-25.760227965055012,-6.69686417335152,-12.620354994699616,-2.467400387732832,-0.41471482494009737,-0.04943502223261882,14.0,0.0,14.0
332,2,-12.929399266166081,-29.391063988839708,-32.35461320500237,-2.6269580009353346,-0.1426012648965364,0.2776417713433366,14.0,0.0,14.0
333,2,-6.522416741377054,-40.47056725560502,-15.828025231644364,-2.701812055350928,-0.13137196595298453,-0.030391958906933556,14.0,0.0,14.0
334,1,-56.562288249921664,-40.24167027009112,-16.07663494021116,-4.100272205625371,-0.41392210810562036,-0.030391958906933556,14.0,0.0,14.0
335,3,-35.927143165646235,-13.072359486791688,-4.952497897731377,-2.632503992652785,-0.4668196805407144,-0.22069013637873403,14.0,0.0,14.0
336,4,-21.63502522047174,-3.0859497035290433,-1.2510949040181905,-2.0149326476612215,-0.29890420821205704,-0.22399573011436238,14.0,0.0,14.0
337,6,-3.9174026594113585,-9.50179090905319,0.12021508882280663,-1.6367454680814706,0.03076138402889515,-0.2762927126259974,14.0,0.0,14.0
338,5,-11.190405525130682,-1.418316918731722,0.43096801101297266,-1.6087891914928523,-0.32379756028178275,-0.353723882138896,14.0,0.0,14.0
339,6,-2.182694519798934,0.08124077915519981,-8.333493691735807,-1.5809939797805281,-0.3290924285801714,-0.2000008859466232,14.0,0.0,14.0
340,4,-13.421585488317264,0.3962220531563312,-1.6622176251155847,-1.6877209402232902,-0.3769236639043411,-0.35343573058811234,14.0,0.0,14.0
341,2,-7.002329335923652,-25.120877226613587,-0.5395722207927722,-2.14422223239063,0.011693800518339839,-0.31642964854970984,14.0,0.0,14.0
342,1,-57.27296595865538,-24.850240603881858,-0.17664173023241211,-3.4261396647267928,-0.29240746470936235,-0.31642964854970984,14.0,0.0,14.0
343,1,-57.423137724366995,-24.700068838170235,-53.13416855354505,-4.769245432068533,-0.5372322079225378,-0.31642964854970984,14.0,0.0,14.0
344,2,-28.785017368401636,-12.276585912866981,-52.20261529589031,-3.7785406238033885,-0.462552034833131,0.057685104065901716,14.0,0.0,14.0
345,5,-5.970013950416794,-2.242306705836929,-20.34280612866856,-2.0979912639713425,-0.3387799542465923,-0.25126797006185286,14.0,0.0,14.0
346,1,-6.086217028857451,-2.1261036273962715,-71.91085072689194,-3.456543995445701,-0.5650829743214206,-0.25126797006185286,14.0,0.0,14.0
347,4,-14.074139385978107,-0.14654044317885084,-17.92512755295924,-2.2627967736320764,-0.46621960679004315,-0.19984589784533838,14.0,0.0,14.0
348,1,-14.358736586252776,0.13805675709581905,-70.20139652289708,-3.5857517601773488,-0.7309714201283438,0.5382469519362754,14.0,0.0,14.0
349,1,-64.67125520521284,0.5824734637494601,-69.88887790393703,-4.899023629578283,-1.0491483031640152,0.2716836376443741,14.0,0.0,14.0
350,1,-114.79712628002903,0.7083445385656468,-69.67592733511397,-6.191046873232531,-1.0491483031640152,0.2716836376443741,14.0,0.0,14.0
351,3,-55.254442176580284,0.559864857452416,-23.117043108416723,-3.36122549707583,-0.6405918247263307,-0.10010810159325963,14.0,0.0,14.0
352,4,-26.68643639401294,0.512792064230973,-5.395954595044825,-2.109138695592303,-0.3997259065510259,-0.2746340503681477,14.0,0.0,14.0
353,8,-3.4433550451647745,0.17164950394202796,-6.699164401817496,-1.6463557014099572,-0.25531688863752744,-0.21035556892981477,14.0,0.0,14.0
354,1,-3.6198999483922716,0.3481944071695247,-57.8644970409945,-2.9772869659143346,-0.5143402665292144,-0.21035556892981477,14.0,0.0,14.0
355,1,-54.05408405273991,0.7877829011450355,-57.43031293664686,-4.249212240445274,-0.8299867901256582,-0.517490594920194,14.0,0.0,14.0
356,21,21.18079087408916,-2.073437656339683,-26.489571683107574,-15.887701474877982,-0.29867942710685175,-0.20628141615114334,19.0,0.0,19.0
357,2,10.209260238333725,-26.41035552729201,-13.370305314937326,-9.209366332550486,0.023168400544470325,-0.2607439246113983,19.0,0.0,19.0
358,4,2.475951062396304,-6.755872462469203,-16.418273194515628,-3.6926010272165555,-0.11315502639723422,-0.03166844654043723,19.0,0.0,19.0
359,2,1.1194689421306903,-3.1501072411139504,-33.93151729281906,-3.2273662222354487,-0.35092451350218884,0.33939380958331034,19.0,0.0,19.0
360,1,0.7224932549274987,-55.37958298871371,-34.54468817549602,-4.515137147280216,0.3046481633989842,0.8092110929387484,19.0,0.0,19.0
361,12,-4.4089340722966375,-4.312490072185548,-2.6261823068808474,-1.6876952156276672,-0.22826719308081853,-0.1904809443647609,19.0,0.0,19.0
362,5,-1.142950446787607,-0.6013343821088302,-10.443903420101948,-1.654708435847778,-0.2618745979156903,-0.24335923714978835,19.0,0.0,19.0
363,25,-0.2510936417960876,-1.8993401202269058,-0.21644231658256285,-1.415434933021706,-0.20332872055560622,-0.23595628348782938,19.0,0.0,19.0
364,6,-0.26215310446322876,-8.633226478398667,0.3481864628176965,-1.5710501367479803,-0.24395541467342732,-0.2954742005195139,19.0,0.0,19.0
365,6,-0.2621145982299976,-10.020454069998253,0.2786986919324103,-1.5979507521464569,-0.19159466493988916,-0.2541805934757692,19.0,0.0,19.0
366,22,9.008780845839233,-9.4761703307587,-2.2611848081247112,-6.012419407466811,-0.20182204768502593,-0.19706394412680098,21.0,2.0,19.0
367,4,1.8382829096688766,-1.9551302808987434,-13.965098521912683,-2.77061425204393,-0.37036069934603133,0.11674771621443926,21.0,2.0,19.0
368,1,-48.313708001963164,-1.8031393692667048,-66.36414669861671,-4.1367090736034,-0.5905803650940893,0.8759266965315335,21.0,2.0,19.0
369,2,-24.265910122090197,-26.45403741245381,-32.8975004803485,-3.431040364771609,-0.4068379043025275,0.2852792227109952,21.0,2.0,19.0
370,4,-18.992305085552168,-6.187681798083836,-8.17826064065664,-2.1321456428822905,-0.41308825109818653,-0.20786400819570808,21.0,2.0,19.0
371,7,-10.087088119444768,-0.47001974211845093,-1.165492560605358,-1.6378384922722533,-0.3352149127413712,-0.16797867793659987,21.0,2.0,19.0
372,2,-30.211883547685165,0.09927475473220844,-0.4144067923399007,-2.153103155200586,-0.336651357674982,-0.20752015520045286,21.0,2.0,19.0
373,4,-7.7664530232830495,-12.97183797097139,0.14778573003683595,-1.8785342726823673,0.02814023594512521,-0.24319099602563876,21.0,2.0,19.0
374,9,-6.822914249031957,-0.9746196001667633,0.4208401053379332,-1.4806237261655264,-0.29655690604879376,-0.3014724586646317,21.0,2.0,19.0
375,9,-6.434242302248451,-0.03661129187549052,0.45370329475645804,-1.5405267491225547,-0.19525500152426975,-0.30417084588355,21.0,2.0,19.0
376,5,-11.597695270957901,-10.126283042998343,0.4428304077648849,-1.622810990816197,-0.14817746557621944,-0.3414427262677101,21.0,2.0,19.0
377,14,-0.947608835480365,-4.227014665812403,-3.594966207710454,-1.493922389624577,-0.19333889463140827,-0.15217018516986283,21.0,2.0,19.0
378,2,-0.7784182834302654,-1.728424673920619,-28.764425250880986,-2.0631500706117167,-0.3948099185945424,0.5980042597467492,21.0,2.0,19.0
379,1,99.18070383112762,-101.6875467884785,-79.95985009210247,-3.465730041508754,-0.5775098758336955,1.2826338820052856,22.0,3.0,19.0
380,2,24.434199246905774,-50.63237290989227,-39.8237723773932,-3.0731727324760043,-0.42681833038076633,0.5205741998888384,22.0,3.0,19.0
381,1,24.268689380527423,-102.22463138290684,-39.65826251101484,-4.408796416720669,0.34466975741227535,0.5205741998888384,22.0,3.0,19.0
382,3,7.781216265731157,-33.78521404193038,-30.420212537842005,-2.7549228200154645,-0.08572306156582053,0.2881902765215661,22.0,3.0,19.0
383,12,0.5206634367577546,-6.911923140861184,-6.720320465897888,-1.6023634729485898,-0.22157735980982865,-0.12798036835631924,22.0,3.0,19.0
384,2,0.15563455197744838,-29.468604553059933,-30.145426433351766,-2.1777353537525426,0.1965279659196453,0.15976815887443901,22.0,3.0,19.0
385,1,0.09676004784051961,-29.277425943627723,-81.88067410552766,-3.566018542982687,-0.19117014350515907,0.15976815887443901,22.0,3.0,19.0
386,1,0.03571187803590881,-29.216377773823112,-132.80229765716894,-4.922864691648511,-0.19117014350515907,0.15976815887443901,22.0,3.0,19.0
387,6,-0.17751901343128926,-4.5075629041467495,-31.186330400910915,-2.1737142325623933,-0.3287303922575351,0.07482785688414245,22.0,3.0,19.0
388,3,-0.3111615224567581,-1.33403438315156,-27.41444745734087,-2.033664776825113,-0.2934579817226404,0.11397441255550089,22.0,3.0,19.0
389,2,-25.53059124772908,-0.49929704702725575,-13.332213242169733,-2.247808638593536,-0.17971363175215663,-0.11848053489686651,22.0,3.0,19.0
390,1,-75.63472434665479,-0.39516394810154126,-13.027748850979545,-3.62938260378276,-0.38317742445502445,-0.3822885981758795,22.0,3.0,19.0
391,6,-12.80759471834088,-8.810214887719004,-1.7646335470405081,-1.9558058956537197,-0.05747934606881735,-0.36258442333623897,22.0,3.0,19.0
392,2,-31.487440807192584,-4.632449679959108,-0.7986733254981083,-2.354245957559131,-0.022466543573876292,-0.28383398203711185,22.0,3.0,19.0
393,1,-31.615751770889506,-5.435923027449409,-51.69553734665731,-3.6438293123326417,-0.022466543573876292,-0.28383398203711185,22.0,3.0,19.0
394,4,-8.011877908194235,-15.196226476919525,-12.96151037097826,-2.289735757873446,0.32911287196350225,-0.1688227096405771,22.0,3.0,19.0
395,3,-2.7950513374693973,-4.940983457568523,-21.787537984598575,-2.1384041250943215,-0.10803055585271282,-0.04733702787812994,22.0,3.0,19.0
396,6,-0.8526678295751169,-9.100788863573731,-3.247516258215061,-1.6289062292528662,-0.22941389669373746,-0.24935757020215896,22.0,3.0,19.0
397,1,-50.959603897298656,-9.979252057837108,-3.531203219247021,-2.939864479999761,-0.22941389669373746,-0.24935757020215896,22.0,3.0,19.0
398,4,-12.976486091074152,-15.001553894897288,-0.6543570262907945,-2.05780748690293,-0.2621047094213704,-0.256129188290064,22.0,3.0,19.0
399,2,-6.66056174192465,-33.36546717724178,-0.15485981675782318,-2.378465704905223,0.1435208911308239,-0.24395939360060806,22.0,3.0,19.0
400,1,-57.08596323205279,-32.847623434877036,0.27054167337031554,-3.652992391781542,-0.19911117494663502,-0.547110342687663,22.0,3.0,19.0
401,5,-21.57078390531955,-6.157492876920126,0.20769959358305715,-2.0932328146391694,-0.3557584088438982,-0.28445624547455434,22.0,3.0,19.0
402,2,-10.854615971664458,-29.234510667948413,0.1730738157962112,-2.430000732252187,-0.02684152578868638,-0.24110926151175774,22.0,3.0,19.0
403,3,-4.069142871820214,-9.293455153984452,-16.862859113399903,-2.0782013676829645,-0.3290746843212919,-0.046825322592596606,22.0,3.0,19.0
404,3,-1.575235763252237,-20.10125889230145,-5.389296539783209,-2.028027921523084,-0.015192986975235308,-0.18310396900793915,22.0,3.0,19.0
405,2,-1.0055931622116234,-9.83265416556522,-28.53669060559153,-2.3458041366177076,-0.26510146709276394,-0.04908220953336081,22.0,3.0,19.0
406,4,-0.5963078514436704,-15.206838884304254,-6.755335408039014,-1.8792625213307685,-0.06199896598656702,-0.23861829005143753,22.0,3.0,19.0
407,4,-0.48639783787650004,-16.57276278452647,-1.3515129769941714,-1.7761576514767603,-0.13213236426223365,-0.3365022067577227,22.0,3.0,19.0
408,9,-0.11755989954782992,-7.529287851094115,0.01869853126085235,-1.594499138647082,-0.13045998098430758,-0.2690699810835956,22.0,3.0,19.0
409,6,-0.3424527971779792,-9.46491983362052,-0.24390352148882077,-1.577221663773004,-0.2670603783580008,-0.1571001779738119,22.0,3.0,19.0
410,1,-0.6122749141594747,-9.554459773799962,-51.91628630989157,-2.860490656618639,-0.4414281991644997,-0.1571001779738119,22.0,3.0,19.0
411,9,-5.802529087996444,-0.6706650261144391,-5.589533270231451,-1.6755346636405404,-0.3646488754084298,-0.23989363570618438,22.0,3.0,19.0
412,2,-27.98846398395944,-0.4797982066940302,-2.4863998889619885,-2.225927452891856,-0.38075532737891316,-0.38523000775845484,22.0,3.0,19.0
413,12,-6.718297779220106,-4.282099837835711,0.17447173755836573,-1.525848356514304,-0.20464559878721011,-0.30529349674874606,22.0,3.0,19.0
414,1,-6.8605254198243815,-4.139872197231435,-50.92658926871466,-2.872362807719879,-0.44493490075687336,-0.30529349674874606,22.0,3.0,19.0
415,18,-0.45584655540831126,0.01624593564815333,-5.600638006014923,-1.551552070252316,-0.26546014894680625,-0.18393873409709507,22.0,3.0,19.0
416,2,-0.5275105554637158,-25.453964706194945,-2.5007317252479013,-2.0956607972956447,-0.170285314241255,-0.3569669542877613,22.0,3.0,19.0
417,7,-7.467397431009573,-3.3870990349416643,-0.002592228504871115,-1.6294895896572972,-0.2804155803429929,-0.32904780368534753,22.0,3.0,19.0
418,7,-1.2668807414268213,-7.641661893016811,0.1997393614961864,-1.5838806871958178,-0.17462653114292453,-0.2769866883148306,22.0,3.0,19.0
419,11,-0.39774108201913305,-5.393287475247357,0.3836192175800216,-1.4647679236018412,-0.087713910513901,-0.2882910942426267,22.0,3.0,19.0
420,6,-0.2647862755312808,-9.43966336696132,0.2624326314580956,-1.592270611546492,-0.05015762467013026,-0.24267010339541184,22.0,3.0,19.0
421,7,28.467393011816096,-0.9491229162716757,-35.9388085821216,-1.6242138343078831,-0.30957510194858884,14.207927919898195,24.0,3.0,21.0
422,4,6.81303724980403,0.06653027408207354,-21.624953551247508,-1.7234570210081779,-0.3480870121953306,3.522084427586613,24.0,3.0,21.0
423,3,-14.795309942348965,0.474106453838298,-6.8086621581321936,-1.8422694789554586,-0.45433692508210083,0.9652619258524487,24.0,3.0,21.0
424,1,-14.86673512666822,-0.3611761890508262,-57.668447315715945,-3.1887386131066386,-0.45433692508210083,0.9652619258524487,24.0,3.0,21.0
425,1,-15.045528319503761,-51.59629121280393,-57.4896541228804,-4.516198232850689,0.2791866068035774,0.9652619258524487,24.0,3.0,21.0
426,2,-7.63169934404411,-25.520884288068824,-54.30616840207174,-3.621274353894174,-0.014571393069311553,0.5324444063937138,24.0,3.0,21.0
427,3,47.42014787808615,-8.48706971302146,-84.75725397508084,-35.94274251220612,-0.16513961555537468,33.392257711250686,26.0,3.0,23.0
428,1,47.22226781060986,-8.27166690848255,-136.17604132586555,-37.2612126384051,-0.44141920498524634,33.392257711250686,26.0,3.0,23.0
429,9,5.148438840614295,-6.37105440454359,-15.032191453420483,-5.522265429980976,-0.2846962651665873,3.533171678663865,26.0,3.0,23.0
430,5,20.981405490746575,-21.285611572673172,-13.185789756377963,-2.502711021809493,-0.20689321821059847,0.690860435905867,27.0,4.0,23.0
431,5,4.000709159405305,-14.306864723812641,-2.4380938707047983,-1.8532881257841525,-0.23186307480686347,-0.090959116795201,27.0,4.0,23.0
432,2,1.8845100232968293,-7.232631423268366,-27.666522768142876,-2.2985686568284347,-0.25384559427019293,0.23355310742634952,27.0,4.0,23.0
433,1,1.8627387385822742,-7.2108601385538105,-78.7388001380483,-3.694691690584314,-0.25384559427019293,0.23355310742634952,27.0,4.0,23.0
434,9,0.04756959684350707,-6.308658823397331,-8.662942939755462,-1.7730277370945664,-0.16339015428459824,-0.16848008258929784,27.0,4.0,23.0
435,6,-8.414836852345418,-1.079704029028752,-1.1519176518967784,-1.6833289545614514,-0.20923459651231557,-0.2883544755600415,27.0,4.0,23.0
436,7,-1.5199306232499559,-7.30596259493053,0.22146100948634245,-1.54766097168398,-0.1477872364665687,-0.29678363119142637,27.0,4.0,23.0
437,2,-1.0286258559112502,-29.03805558263879,0.37939104902944343,-2.1029811804207252,-0.1266927562284577,-0.4023485484591606,27.0,4.0,23.0
438,1,-1.1046533024326517,-28.96202813611739,-50.5789518198303,-3.4448480523697578,-0.1266927562284577,-0.4023485484591606,27.0,4.0,23.0
439,2,-25.630410538577987,-14.402930180697032,-25.064834179129036,-3.1014287173466992,-0.16756277474538495,-0.33906082730100773,27.0,4.0,23.0
440,2,-37.90167563688668,-6.906003981475514,-12.44594672196683,-2.9255117820877836,-0.24320268995449382,-0.2720677706789335,27.0,4.0,23.0
441,2,-19.321375076011186,-2.859953467540354,-31.559641057105814,-2.757364868016514,-0.48894647029930494,0.12348621890637719,27.0,4.0,23.0
442,1,-19.54638337406852,-54.08316306016488,-31.334632759048482,-4.1027193051557065,-0.32351099197570077,-0.11747070783837182,27.0,4.0,23.0
443,6,-11.784065108529576,-8.737882810447466,-5.029437580323257,-2.0298070349049095,-0.2818094227232444,-0.2160833639118441,27.0,4.0,23.0
444,4,-3.059822846794047,-15.08976821406185,-1.143552825419162,-1.8872187907468114,-0.11470835105113313,-0.25534243594955375,27.0,4.0,23.0
445,10,-5.553934872808826,-1.2610242332767638,0.151743966240346,-1.518478701852552,-0.24389304427362676,-0.2582782083434596,27.0,4.0,23.0
446,6,-9.597785966449718,0.13983178555919862,0.36787302310905584,-1.5515841251627733,-0.3332932999392081,-0.2798471473639013,27.0,4.0,23.0
447,1,-59.660195928699956,0.20224174780943605,0.4903715618368655,-2.90706848138297,-0.3332932999392081,-0.2798471473639013,27.0,4.0,23.0
448,6,-10.046002081009402,0.09899387193508306,-8.653671675490786,-1.8701106578286864,-0.26197803499704386,-0.04687014605353989,27.0,4.0,23.0
449,1,-60.3267973792519,0.37978917017758107,-60.12441806898522,-3.146310865352838,-0.5705207509235062,-0.04687014605353989,27.0,4.0,23.0
450,7,-8.849891779505409,-6.924556794477762,-8.357424713099894,-1.7861060101876467,-0.2382432944708326,-0.21695360951469903,27.0,4.0,23.0
451,7,27.230843874453942,-0.6869295431817198,-36.99093287581586,-15.934634221462101,-0.30407006364060696,-0.07492892896448658,29.0,4.0,25.0
452,6,4.187388844523787,0.15301013184962195,-14.336934377984642,-3.949647412112103,-0.2603311732856367,-0.2583658827610586,29.0,4.0,25.0
453,2,1.7340737534370563,-0.30733021625410784,-32.719591868060455,-3.249361446455837,-0.12867662043110636,-0.2843455155345678,29.0,4.0,25.0
454,2,0.6328134063954937,-25.707236829771805,-17.125596163496084,-2.9253803783963352,-0.2070784959766527,0.0797250980414364,29.0,4.0,25.0
455,3,-0.05454903403237713,-26.385444643017944,-5.443045218334486,-2.294445081468177,0.3849502507522859,-0.1486390764288792,29.0,4.0,25.0
456,3,-0.09930433244435354,-25.87965600752031,-1.4950867461814628,-2.156889491701594,0.07289393806548351,-0.3192147484214925,29.0,4.0,25.0
457,6,-0.2456203977826008,-4.0842063255448435,-8.626435527880773,-1.6914279491145143,-0.20084044939988133,-0.17532044711967898,29.0,4.0,25.0
458,4,-12.927814298638173,-0.5141146848566989,-1.7901996827776685,-1.6946302394819435,-0.33013512029317654,-0.27606474284704496,29.0,4.0,25.0
459,4,-15.891219614233407,0.030737368359690816,-0.16829483574038898,-1.788906624534696,-0.30530901456789195,-0.32536011847389473,29.0,4.0,25.0
460,2,-8.224574788258922,0.29433366532206406,-25.729595237065446,-2.2013820134126405,-0.43430654441947636,-0.16960732176669527,29.0,4.0,25.0
461,3,-3.0187521788346134,0.27823509728052037,-25.4761085051028,-2.0607582543756178,-0.4068976478800239,0.010042422449132235,29.0,4.0,25.0
462,1,-3.129275897855935,-51.53379615383028,-25.365584786081477,-3.4432185856913593,-0.013543748322053645,-0.1921748310530036,29.0,4.0,25.0
463,9,-0.6862975279020077,-11.243295757449138,-2.49838766761935,-1.6787337427593596,-0.17851905132842097,-0.27536689870224934,29.0,4.0,25.0
464,3,-17.14105576743063,-3.5021419943530883,-0.40854764586723014,-1.87261268678684,-0.24315372941210608,-0.3219841921342186,29.0,4.0,25.0
465,2,-8.765741335978577,-1.5558575449132794,-26.47204525011062,-2.288826580212268,-0.35620736746149234,0.24299256176990786,29.0,4.0,25.0
466,1,-8.950134711520715,-1.7337106651214103,-77.91771975666856,-3.6136059832704848,-0.6169273562216597,0.24299256176990786,29.0,4.0,25.0
467,6,-9.989542051384372,-0.045834958293866856,-12.821767026647175,-1.9616463204844858,-0.3573956652353141,-0.14436187016766397,29.0,4.0,25.0
468,4,-2.6172051365197895,0.29200112873065776,-16.106017698889577,-1.8697144930668437,-0.35981167597679753,0.02338107896744864,29.0,4.0,25.0
469,13,-0.4809684389424472,0.3358597290736522,-5.049070268471785,-1.463527230441386,-0.2859748180395263,-0.15949041256116908,29.0,4.0,25.0
470,5,-0.3393443224288175,-10.255467368809928,-0.7651648730642563,-1.6231716656514625,0.0026260966207997524,-0.23228304646580455,29.0,4.0,25.0
471,4,-0.3165719432810825,-16.80269829016463,0.040444644407814076,-1.740097382187184,0.5650861303990227,-0.24433523320275619,29.0,4.0,25.0
472,2,-0.21156092851260008,-34.085306818028144,0.3916396344455772,-2.270795180468625,0.27448599419132486,-0.40897749294105024,29.0,4.0,25.0
473,5,-10.15316782790869,-6.706205721399459,0.4370261159060259,-1.8299487376619326,-0.11534581222908731,-0.3229225717789487,29.0,4.0,25.0
474,3,-3.5274219291937268,-19.553449967979105,0.08086782628227722,-1.9738799514134755,0.11029208684455243,-0.19780242774366283,29.0,4.0,25.0
475,4,-1.0226577845671954,-4.747560189726014,-12.462191723752673,-1.8637449709452287,-0.1888684476386861,-0.12030739544220388,29.0,4.0,25.0
476,10,-0.30266090543554774,-0.27436089199377295,-6.068115381098872,-1.535297607244798,-0.2578609961390417,-0.26085185313495635,29.0,4.0,25.0
477,6,-8.647746945461547,0.21824331255666152,-0.6343628505550702,-1.5804879835747438,-0.30473255510499137,-0.29128435860683993,29.0,4.0,25.0
478,2,-4.432609266716187,-25.937275415165303,-0.3372239882476347,-2.153553354922023,-0.041275249133022364,-0.29596508464305965,29.0,4.0,25.0
479,8,-0.623228766211296,-3.173006819023889,-6.161522712975947,-1.6642064457108046,-0.19782339827248277,-0.17139521007172917,29.0,4.0,25.0
480,4,-0.6578200057163637,-0.2912388905924327,-15.073122543791381,-1.666873077984127,-0.38633167085496817,0.13158725267360122,29.0,4.0,25.0
481,2,-0.4627458477368744,-0.011783600417523812,-33.38748737349047,-2.1979117883115746,-0.41676183680252815,-0.019052755209199503,29.0,4.0,25.0
482,3,-17.208883069689303,0.3999444905898864,-10.741194670719812,-2.004226106569278,-0.4587637517395137,-0.2123879007387162,29.0,4.0,25.0
483,2,-33.93638657541441,-0.09795219310020503,-5.035625894710744,-2.2865806487210527,-0.19528018831684457,-0.2551645571807765,29.0,4.0,25.0
484,1,-34.09912044333743,0.06478167482281733,-56.62935746965191,-3.623504565235982,-0.44648518291460887,-0.2551645571807765,29.0,4.0,25.0
485,2,-42.3901288050284,0.3729594207710889,-27.894598581740674,-3.0936264191825,-0.5283990830053127,-0.29376631273416,29.0,4.0,25.0
486,3,-14.195237592128327,0.42141012215846807,-26.575224427064512,-2.421249209779078,-0.3747379015513956,0.042591470157775535,29.0,4.0,25.0
487,1,-14.424143933476467,-51.13402311762417,-26.346318085716373,-3.7250449913174073,0.3413859161416109,0.042591470157775535,29.0,4.0,25.0
488,2,-32.57043944237494,-25.208644083175376,-12.948523113398833,-3.1372252506162033,-0.14170763070529827,-0.14247623891883135,29.0,4.0,25.0
489,2,-41.53527052610582,-12.451790303115448,-6.0831731907085915,-2.8613850389412128,-0.21854132858240824,-0.24998317841237913,29.0,4.0,25.0
490,1,-41.61886431853807,-12.118434135166519,-57.877836069473155,-4.237997623802772,-0.5542727952699739,-0.24998317841237913,29.0,4.0,25.0
491,6,-15.487125260661537,-1.6688748329359688,-9.428991470673667,-2.0430201107472175,-0.34308220638695835,-0.2456008112608391,29.0,4.0,25.0
492,13,-5.281414128181607,0.11556796713564475,-0.3826088671616651,-1.491443005888168,-0.2790361082763623,-0.2777351138110329,29.0,4.0,25.0
493,11,-0.9248896071529379,-4.395213983181865,0.4050115388106088,-1.3958136080239185,-0.282722936253316,-0.31836265110061224,29.0,4.0,25.0
494,6,-8.716389589303516,-0.4564295362385804,0.2964099112464609,-1.5691759036324848,-0.3132505754781204,-0.25654520094934824,29.0,4.0,25.0
495,2,-4.584302993286097,-26.652773300256534,-0.013927632577786786,-2.127384080651251,0.14955588332171507,-0.20430330346490083,29.0,4.0,25.0
496,1,-4.658489659353643,-26.578586634188987,-51.655020620523906,-3.52053414488815,-0.04458050874215948,0.4809749180391338,29.0,4.0,25.0
497,3,-1.6368071750278712,-25.947572975227033,-17.020466841570016,-2.5610951451583075,0.13532379479144221,0.0018943394340152698,29.0,4.0,25.0
498,9,-0.38409573574479344,-8.624001074995506,-1.6889347105438612,-1.630169562660341,-0.1494108771290773,-0.21010554385103417,29.0,4.0,25.0
499,13,-0.2785255150109434,-0.3905570975971351,-3.841949515268342,-1.4609410373934137,-0.2826607483546264,-0.1852069898860125,29.0,4.0,25.0
500,1,-50.341323996266986,-0.3277586163410928,-3.9040655288780273,-2.8160368746078057,-0.2826607483546264,-0.1852069898860125,29.0,4.0,25.0
